{
  "distance500": [
    [
      41.87309,
      12.57855
    ],
    [
      41.87315,
      12.57832
    ],
    [
      41.87321,
      12.57803
    ],
    [
      41.87327,
      12.57779
    ],
    [
      41.87335,
      12.57745
    ],
    [
      41.87441,
      12.57665
    ],
    [
      41.8736,
      12.57641
    ],
    [
      41.87376,
      12.57575
    ],
    [
      41.87283,
      12.57671
    ],
    [
      41.87266,
      12.57663
    ],
    [
      41.87219,
      12.57642
    ],
    [
      41.87297,
      12.5733
    ],
    [
      41.87192,
      12.57301
    ],
    [
      41.87104,
      12.57468
    ],
    [
      41.87037,
      12.5739
    ],
    [
      41.8702,
      12.57432
    ],
    [
      41.87009,
      12.57605
    ],
    [
      41.86898,
      12.57452
    ],
    [
      41.86889,
      12.57567
    ],
    [
      41.87054,
      12.57805
    ],
    [
      41.8689,
      12.57731
    ],
    [
      41.86896,
      12.5774
    ],
    [
      41.86957,
      12.57802
    ],
    [
      41.86971,
      12.57837
    ],
    [
      41.86972,
      12.57855
    ],
    [
      41.86977,
      12.57878
    ],
    [
      41.86981,
      12.57895
    ],
    [
      41.86986,
      12.57928
    ],
    [
      41.8697,
      12.57957
    ],
    [
      41.86951,
      12.57991
    ],
    [
      41.86863,
      12.58064
    ],
    [
      41.86901,
      12.58076
    ],
    [
      41.86988,
      12.5803
    ],
    [
      41.87014,
      12.58049
    ],
    [
      41.8703,
      12.58057
    ],
    [
      41.86928,
      12.58353
    ],
    [
      41.86946,
      12.58411
    ],
    [
      41.87046,
      12.58269
    ],
    [
      41.87161,
      12.58227
    ],
    [
      41.87185,
      12.58217
    ],
    [
      41.87244,
      12.58287
    ],
    [
      41.87245,
      12.58121
    ],
    [
      41.8733,
      12.58141
    ],
    [
      41.87329,
      12.58134
    ],
    [
      41.8737,
      12.58089
    ],
    [
      41.8735,
      12.58001
    ],
    [
      41.87398,
      12.57983
    ],
    [
      41.87453,
      12.57964
    ],
    [
      41.87404,
      12.57927
    ],
    [
      41.87304,
      12.57875
    ]
  ],
  "distance1000": [
    [
      41.87889,
      12.57802
    ],
    [
      41.87703,
      12.578
    ],
    [
      41.87678,
      12.57673
    ],
    [
      41.87663,
      12.57603
    ],
    [
      41.87845,
      12.57437
    ],
    [
      41.87718,
      12.57447
    ],
    [
      41.87709,
      12.57405
    ],
    [
      41.87636,
      12.57293
    ],
    [
      41.87555,
      12.5731
    ],
    [
      41.87533,
      12.5705
    ],
    [
      41.87469,
      12.57048
    ],
    [
      41.87446,
      12.56764
    ],
    [
      41.87147,
      12.57005
    ],
    [
      41.87009,
      12.5693
    ],
    [
      41.86967,
      12.56856
    ],
    [
      41.86902,
      12.5695
    ],
    [
      41.868,
      12.57168
    ],
    [
      41.8671,
      12.57121
    ],
    [
      41.86606,
      12.57225
    ],
    [
      41.86853,
      12.57633
    ],
    [
      41.86632,
      12.57554
    ],
    [
      41.8663,
      12.57598
    ],
    [
      41.86627,
      12.57668
    ],
    [
      41.86628,
      12.57805
    ],
    [
      41.86666,
      12.57861
    ],
    [
      41.86602,
      12.57915
    ],
    [
      41.8672,
      12.57951
    ],
    [
      41.86634,
      12.58025
    ],
    [
      41.86637,
      12.58124
    ],
    [
      41.86642,
      12.58141
    ],
    [
      41.86708,
      12.58209
    ],
    [
      41.86587,
      12.5834
    ],
    [
      41.86642,
      12.58515
    ],
    [
      41.86647,
      12.58527
    ],
    [
      41.86712,
      12.58791
    ],
    [
      41.86738,
      12.58917
    ],
    [
      41.86762,
      12.58959
    ],
    [
      41.87159,
      12.58442
    ],
    [
      41.87186,
      12.58736
    ],
    [
      41.87333,
      12.5884
    ],
    [
      41.8748,
      12.58739
    ],
    [
      41.87294,
      12.58181
    ],
    [
      41.8735,
      12.58209
    ],
    [
      41.87463,
      12.58221
    ],
    [
      41.87575,
      12.58206
    ],
    [
      41.87628,
      12.58194
    ],
    [
      41.87569,
      12.58113
    ],
    [
      41.87773,
      12.58081
    ],
    [
      41.87798,
      12.58026
    ],
    [
      41.87745,
      12.57951
    ]
  ],
  "distance1600": [
    [
      41.88369,
      12.57726
    ],
    [
      41.88422,
      12.57697
    ],
    [
      41.88267,
      12.57534
    ],
    [
      41.88306,
      12.57346
    ],
    [
      41.88189,
      12.57294
    ],
    [
      41.88136,
      12.57111
    ],
    [
      41.88094,
      12.57025
    ],
    [
      41.879,
      12.5691
    ],
    [
      41.87805,
      12.56901
    ],
    [
      41.87765,
      12.56635
    ],
    [
      41.87763,
      12.56375
    ],
    [
      41.87698,
      12.56257
    ],
    [
      41.87523,
      12.5605
    ],
    [
      41.86977,
      12.56789
    ],
    [
      41.86926,
      12.56779
    ],
    [
      41.86786,
      12.56676
    ],
    [
      41.86524,
      12.56764
    ],
    [
      41.86491,
      12.56772
    ],
    [
      41.86588,
      12.57221
    ],
    [
      41.86676,
      12.57466
    ],
    [
      41.86597,
      12.57536
    ],
    [
      41.86545,
      12.57621
    ],
    [
      41.86494,
      12.57706
    ],
    [
      41.86456,
      12.5777
    ],
    [
      41.86511,
      12.57838
    ],
    [
      41.86445,
      12.57925
    ],
    [
      41.8631,
      12.58002
    ],
    [
      41.86213,
      12.5815
    ],
    [
      41.86174,
      12.5827
    ],
    [
      41.86337,
      12.58377
    ],
    [
      41.86121,
      12.58558
    ],
    [
      41.86237,
      12.58776
    ],
    [
      41.86444,
      12.5871
    ],
    [
      41.86426,
      12.58897
    ],
    [
      41.86437,
      12.59391
    ],
    [
      41.86564,
      12.59455
    ],
    [
      41.86653,
      12.59657
    ],
    [
      41.86916,
      12.5944
    ],
    [
      41.87348,
      12.59427
    ],
    [
      41.87467,
      12.59496
    ],
    [
      41.87538,
      12.58781
    ],
    [
      41.87659,
      12.58925
    ],
    [
      41.87943,
      12.59101
    ],
    [
      41.87699,
      12.58581
    ],
    [
      41.87884,
      12.58435
    ],
    [
      41.8789,
      12.5842
    ],
    [
      41.87884,
      12.58294
    ],
    [
      41.87939,
      12.58188
    ],
    [
      41.88317,
      12.58087
    ],
    [
      41.88269,
      12.57896
    ]
  ]
}