{
  "distance500": [
    [
      41.84341,
      12.58386
    ],
    [
      41.84347,
      12.58378
    ],
    [
      41.84352,
      12.5837
    ],
    [
      41.84363,
      12.58352
    ],
    [
      41.84304,
      12.58374
    ],
    [
      41.843,
      12.58373
    ],
    [
      41.84295,
      12.58372
    ],
    [
      41.84291,
      12.58372
    ],
    [
      41.84289,
      12.58372
    ],
    [
      41.84276,
      12.58391
    ],
    [
      41.84276,
      12.58391
    ],
    [
      41.84276,
      12.58391
    ],
    [
      41.84276,
      12.58391
    ],
    [
      41.84276,
      12.58391
    ],
    [
      41.84276,
      12.58391
    ],
    [
      41.84276,
      12.58391
    ],
    [
      41.84276,
      12.58391
    ],
    [
      41.84276,
      12.58391
    ],
    [
      41.84276,
      12.58391
    ],
    [
      41.84276,
      12.58391
    ],
    [
      41.84276,
      12.58391
    ],
    [
      41.84276,
      12.58391
    ],
    [
      41.83993,
      12.58299
    ],
    [
      41.84008,
      12.58329
    ],
    [
      41.83964,
      12.58378
    ],
    [
      41.83974,
      12.58396
    ],
    [
      41.83971,
      12.58457
    ],
    [
      41.83951,
      12.58476
    ],
    [
      41.83957,
      12.58536
    ],
    [
      41.83969,
      12.58558
    ],
    [
      41.83952,
      12.58639
    ],
    [
      41.83956,
      12.58647
    ],
    [
      41.83976,
      12.58766
    ],
    [
      41.83968,
      12.58829
    ],
    [
      41.84176,
      12.58576
    ],
    [
      41.84199,
      12.58586
    ],
    [
      41.84226,
      12.58546
    ],
    [
      41.8427,
      12.58549
    ],
    [
      41.84283,
      12.58527
    ],
    [
      41.84294,
      12.58507
    ],
    [
      41.84303,
      12.58493
    ],
    [
      41.843,
      12.5844
    ],
    [
      41.84303,
      12.58436
    ],
    [
      41.84308,
      12.5843
    ],
    [
      41.84315,
      12.58422
    ],
    [
      41.84318,
      12.58418
    ],
    [
      41.84324,
      12.58411
    ],
    [
      41.84327,
      12.58406
    ],
    [
      41.84332,
      12.584
    ],
    [
      41.84335,
      12.58395
    ]
  ],
  "distance1000": [
    [
      41.84341,
      12.58386
    ],
    [
      41.84347,
      12.58378
    ],
    [
      41.84357,
      12.58361
    ],
    [
      41.84366,
      12.58347
    ],
    [
      41.84373,
      12.58331
    ],
    [
      41.84384,
      12.58305
    ],
    [
      41.84403,
      12.58258
    ],
    [
      41.84641,
      12.57936
    ],
    [
      41.8464,
      12.57883
    ],
    [
      41.84276,
      12.58391
    ],
    [
      41.84276,
      12.58391
    ],
    [
      41.84276,
      12.58391
    ],
    [
      41.84276,
      12.58391
    ],
    [
      41.84276,
      12.58391
    ],
    [
      41.84276,
      12.58391
    ],
    [
      41.84276,
      12.58391
    ],
    [
      41.84276,
      12.58391
    ],
    [
      41.84276,
      12.58391
    ],
    [
      41.84276,
      12.58391
    ],
    [
      41.84276,
      12.58391
    ],
    [
      41.8387,
      12.58106
    ],
    [
      41.83678,
      12.58137
    ],
    [
      41.83688,
      12.58216
    ],
    [
      41.8376,
      12.58262
    ],
    [
      41.83816,
      12.58374
    ],
    [
      41.83735,
      12.5842
    ],
    [
      41.8377,
      12.58487
    ],
    [
      41.83773,
      12.58534
    ],
    [
      41.83668,
      12.58698
    ],
    [
      41.83674,
      12.58728
    ],
    [
      41.83702,
      12.58801
    ],
    [
      41.83604,
      12.5902
    ],
    [
      41.83611,
      12.59193
    ],
    [
      41.83775,
      12.59149
    ],
    [
      41.83785,
      12.59159
    ],
    [
      41.83958,
      12.59099
    ],
    [
      41.84213,
      12.58637
    ],
    [
      41.84221,
      12.58642
    ],
    [
      41.84283,
      12.58527
    ],
    [
      41.84294,
      12.58507
    ],
    [
      41.84303,
      12.58493
    ],
    [
      41.843,
      12.5844
    ],
    [
      41.84303,
      12.58436
    ],
    [
      41.84308,
      12.5843
    ],
    [
      41.84315,
      12.58422
    ],
    [
      41.84318,
      12.58418
    ],
    [
      41.84324,
      12.58411
    ],
    [
      41.84327,
      12.58406
    ],
    [
      41.84332,
      12.584
    ],
    [
      41.84335,
      12.58395
    ]
  ],
  "distance1600": [
    [
      41.84925,
      12.58318
    ],
    [
      41.84871,
      12.58305
    ],
    [
      41.84826,
      12.58231
    ],
    [
      41.84817,
      12.58168
    ],
    [
      41.84774,
      12.58099
    ],
    [
      41.85004,
      12.57822
    ],
    [
      41.84946,
      12.57712
    ],
    [
      41.8489,
      12.57605
    ],
    [
      41.85004,
      12.57348
    ],
    [
      41.84276,
      12.58391
    ],
    [
      41.84276,
      12.58391
    ],
    [
      41.84276,
      12.58391
    ],
    [
      41.84276,
      12.58391
    ],
    [
      41.84276,
      12.58391
    ],
    [
      41.84276,
      12.58391
    ],
    [
      41.84276,
      12.58391
    ],
    [
      41.84276,
      12.58391
    ],
    [
      41.84276,
      12.58391
    ],
    [
      41.84023,
      12.58144
    ],
    [
      41.83896,
      12.58102
    ],
    [
      41.83867,
      12.58098
    ],
    [
      41.83488,
      12.58011
    ],
    [
      41.83384,
      12.58151
    ],
    [
      41.83407,
      12.58197
    ],
    [
      41.83365,
      12.58388
    ],
    [
      41.83295,
      12.58511
    ],
    [
      41.83301,
      12.5852
    ],
    [
      41.83424,
      12.58623
    ],
    [
      41.83565,
      12.58681
    ],
    [
      41.83598,
      12.58743
    ],
    [
      41.83696,
      12.58766
    ],
    [
      41.83613,
      12.5899
    ],
    [
      41.8318,
      12.59623
    ],
    [
      41.83775,
      12.59149
    ],
    [
      41.8389,
      12.59221
    ],
    [
      41.83748,
      12.59824
    ],
    [
      41.84057,
      12.59169
    ],
    [
      41.84099,
      12.59103
    ],
    [
      41.84283,
      12.58527
    ],
    [
      41.84294,
      12.58507
    ],
    [
      41.84303,
      12.58493
    ],
    [
      41.843,
      12.5844
    ],
    [
      41.84303,
      12.58436
    ],
    [
      41.84308,
      12.5843
    ],
    [
      41.84315,
      12.58422
    ],
    [
      41.84318,
      12.58418
    ],
    [
      41.84324,
      12.58411
    ],
    [
      41.84327,
      12.58406
    ],
    [
      41.84636,
      12.58441
    ],
    [
      41.8467,
      12.58395
    ]
  ]
}