{
  "distance500": [
    [
      41.84586,
      12.586783
    ],
    [
      41.846389,
      12.585783
    ],
    [
      41.846332,
      12.584783
    ],
    [
      41.845005,
      12.584434
    ],
    [
      41.844833,
      12.583783
    ],
    [
      41.844892,
      12.581018
    ],
    [
      41.845814,
      12.580783
    ],
    [
      41.845657,
      12.579613
    ],
    [
      41.844473,
      12.579783
    ],
    [
      41.844334,
      12.581461
    ],
    [
      41.841503,
      12.581629
    ],
    [
      41.839397,
      12.582523
    ],
    [
      41.839088,
      12.585783
    ],
    [
      41.839657,
      12.588534
    ],
    [
      41.840657,
      12.588644
    ],
    [
      41.840812,
      12.587938
    ],
    [
      41.843521,
      12.587783
    ],
    [
      41.843657,
      12.586669
    ],
    [
      41.844321,
      12.587119
    ],
    [
      41.84586,
      12.586783
    ]
  ],
  "distance1000": [
    [
      41.849994,
      12.583783
    ],
    [
      41.850099,
      12.582783
    ],
    [
      41.849059,
      12.582381
    ],
    [
      41.848774,
      12.581665
    ],
    [
      41.847879,
      12.581561
    ],
    [
      41.847842,
      12.579783
    ],
    [
      41.846935,
      12.578783
    ],
    [
      41.849078,
      12.576783
    ],
    [
      41.848657,
      12.575116
    ],
    [
      41.847657,
      12.57485
    ],
    [
      41.846985,
      12.576783
    ],
    [
      41.845657,
      12.577532
    ],
    [
      41.844657,
      12.575385
    ],
    [
      41.844314,
      12.577441
    ],
    [
      41.843657,
      12.577555
    ],
    [
      41.843007,
      12.577432
    ],
    [
      41.842657,
      12.576405
    ],
    [
      41.841657,
      12.575841
    ],
    [
      41.841534,
      12.577661
    ],
    [
      41.841124,
      12.577783
    ],
    [
      41.842313,
      12.578127
    ],
    [
      41.842492,
      12.578947
    ],
    [
      41.844267,
      12.580783
    ],
    [
      41.843657,
      12.581351
    ],
    [
      41.840657,
      12.581525
    ],
    [
      41.838869,
      12.58057
    ],
    [
      41.836657,
      12.580311
    ],
    [
      41.836519,
      12.581646
    ],
    [
      41.836092,
      12.581783
    ],
    [
      41.836843,
      12.582596
    ],
    [
      41.837059,
      12.583783
    ],
    [
      41.836131,
      12.584783
    ],
    [
      41.835501,
      12.587939
    ],
    [
      41.83546,
      12.588783
    ],
    [
      41.836256,
      12.589783
    ],
    [
      41.835927,
      12.591783
    ],
    [
      41.838279,
      12.59216
    ],
    [
      41.838657,
      12.593617
    ],
    [
      41.839372,
      12.594068
    ],
    [
      41.840117,
      12.592783
    ],
    [
      41.839851,
      12.592588
    ],
    [
      41.840094,
      12.591221
    ],
    [
      41.841281,
      12.591159
    ],
    [
      41.841514,
      12.592925
    ],
    [
      41.842608,
      12.592783
    ],
    [
      41.843078,
      12.591783
    ],
    [
      41.840943,
      12.589783
    ],
    [
      41.841657,
      12.588347
    ],
    [
      41.843402,
      12.590038
    ],
    [
      41.844862,
      12.589577
    ],
    [
      41.845017,
      12.591144
    ],
    [
      41.844679,
      12.591783
    ],
    [
      41.846657,
      12.592585
    ],
    [
      41.848267,
      12.590783
    ],
    [
      41.84825,
      12.589783
    ],
    [
      41.84739,
      12.587783
    ],
    [
      41.848058,
      12.587185
    ],
    [
      41.848207,
      12.585333
    ],
    [
      41.849994,
      12.583783
    ]
  ],
  "distance1600": [
    [
      41.855179,
      12.583783
    ],
    [
      41.854421,
      12.581783
    ],
    [
      41.854657,
      12.580739
    ],
    [
      41.851885,
      12.580554
    ],
    [
      41.851166,
      12.579783
    ],
    [
      41.851294,
      12.578783
    ],
    [
      41.850224,
      12.577783
    ],
    [
      41.850657,
      12.576247
    ],
    [
      41.851657,
      12.577161
    ],
    [
      41.852657,
      12.577377
    ],
    [
      41.852911,
      12.576783
    ],
    [
      41.852448,
      12.569992
    ],
    [
      41.85042,
      12.569783
    ],
    [
      41.850463,
      12.571783
    ],
    [
      41.848657,
      12.573473
    ],
    [
      41.846117,
      12.573322
    ],
    [
      41.845733,
      12.571707
    ],
    [
      41.844836,
      12.571604
    ],
    [
      41.844657,
      12.570366
    ],
    [
      41.8446,
      12.571839
    ],
    [
      41.845416,
      12.572023
    ],
    [
      41.845481,
      12.572783
    ],
    [
      41.844232,
      12.574358
    ],
    [
      41.842195,
      12.574245
    ],
    [
      41.841657,
      12.572556
    ],
    [
      41.841362,
      12.573783
    ],
    [
      41.840657,
      12.574482
    ],
    [
      41.836793,
      12.574783
    ],
    [
      41.837494,
      12.574945
    ],
    [
      41.837531,
      12.575909
    ],
    [
      41.839449,
      12.57799
    ],
    [
      41.842026,
      12.578414
    ],
    [
      41.843969,
      12.580471
    ],
    [
      41.843947,
      12.581073
    ],
    [
      41.840657,
      12.581297
    ],
    [
      41.839657,
      12.580472
    ],
    [
      41.837657,
      12.580368
    ],
    [
      41.836991,
      12.579783
    ],
    [
      41.836657,
      12.578539
    ],
    [
      41.835151,
      12.578783
    ],
    [
      41.835276,
      12.580163
    ],
    [
      41.836252,
      12.580783
    ],
    [
      41.835657,
      12.581434
    ],
    [
      41.835193,
      12.581246
    ],
    [
      41.835013,
      12.580426
    ],
    [
      41.833657,
      12.579577
    ],
    [
      41.832657,
      12.579011
    ],
    [
      41.83234,
      12.579466
    ],
    [
      41.831783,
      12.583656
    ],
    [
      41.832145,
      12.584783
    ],
    [
      41.831334,
      12.58646
    ],
    [
      41.831851,
      12.587783
    ],
    [
      41.831697,
      12.588742
    ],
    [
      41.834156,
      12.589284
    ],
    [
      41.835147,
      12.590293
    ],
    [
      41.835342,
      12.591098
    ],
    [
      41.835098,
      12.592225
    ],
    [
      41.834657,
      12.592481
    ],
    [
      41.832876,
      12.591564
    ],
    [
      41.832597,
      12.590723
    ],
    [
      41.832583,
      12.591856
    ],
    [
      41.833345,
      12.592095
    ],
    [
      41.833428,
      12.593783
    ],
    [
      41.833272,
      12.594399
    ],
    [
      41.832562,
      12.594688
    ],
    [
      41.832445,
      12.595572
    ],
    [
      41.831499,
      12.595941
    ],
    [
      41.832657,
      12.596582
    ],
    [
      41.833506,
      12.595633
    ],
    [
      41.834502,
      12.595628
    ],
    [
      41.83546,
      12.593586
    ],
    [
      41.836436,
      12.593783
    ],
    [
      41.835448,
      12.596783
    ],
    [
      41.835672,
      12.597783
    ],
    [
      41.836434,
      12.598006
    ],
    [
      41.83652,
      12.599646
    ],
    [
      41.836166,
      12.599783
    ],
    [
      41.836657,
      12.60086
    ],
    [
      41.837657,
      12.60085
    ],
    [
      41.838466,
      12.599592
    ],
    [
      41.839657,
      12.599313
    ],
    [
      41.840858,
      12.597984
    ],
    [
      41.841657,
      12.598045
    ],
    [
      41.842657,
      12.596536
    ],
    [
      41.843481,
      12.596959
    ],
    [
      41.844657,
      12.596518
    ],
    [
      41.847761,
      12.596679
    ],
    [
      41.847657,
      12.598209
    ],
    [
      41.848657,
      12.598993
    ],
    [
      41.848819,
      12.597945
    ],
    [
      41.849675,
      12.597783
    ],
    [
      41.849847,
      12.595783
    ],
    [
      41.851196,
      12.593783
    ],
    [
      41.850801,
