{
  "distance500": [
    [
      41.870669,
      12.536399
    ],
    [
      41.87043,
      12.535629
    ],
    [
      41.871008,
      12.533399
    ],
    [
      41.870004,
      12.530399
    ],
    [
      41.869973,
      12.529085
    ],
    [
      41.867236,
      12.528399
    ],
    [
      41.866659,
      12.526467
    ],
    [
      41.865659,
      12.526502
    ],
    [
      41.864418,
      12.530157
    ],
    [
      41.863625,
      12.530399
    ],
    [
      41.863495,
      12.532235
    ],
    [
      41.862748,
      12.532399
    ],
    [
      41.863217,
      12.533399
    ],
    [
      41.865154,
      12.535399
    ],
    [
      41.865659,
      12.536922
    ],
    [
      41.870669,
      12.536399
    ]
  ],
  "distance1000": [
    [
      41.87401,
      12.535399
    ],
    [
      41.874212,
      12.533399
    ],
    [
      41.873572,
      12.532399
    ],
    [
      41.874001,
      12.531399
    ],
    [
      41.873659,
      12.529923
    ],
    [
      41.872705,
      12.529399
    ],
    [
      41.873268,
      12.528399
    ],
    [
      41.873505,
      12.525399
    ],
    [
      41.872659,
      12.52461
    ],
    [
      41.87066,
      12.524403
    ],
    [
      41.86982,
      12.523399
    ],
    [
      41.869659,
      12.52231
    ],
    [
      41.868659,
      12.52186
    ],
    [
      41.867659,
      12.52244
    ],
    [
      41.86725,
      12.521399
    ],
    [
      41.866659,
      12.521156
    ],
    [
      41.864659,
      12.521235
    ],
    [
      41.86361,
      12.522399
    ],
    [
      41.864419,
      12.52564
    ],
    [
      41.864388,
      12.528399
    ],
    [
      41.864074,
      12.529814
    ],
    [
      41.863311,
      12.530399
    ],
    [
      41.863088,
      12.531828
    ],
    [
      41.859219,
      12.532399
    ],
    [
      41.858812,
      12.533399
    ],
    [
      41.859508,
      12.53355
    ],
    [
      41.859565,
      12.535305
    ],
    [
      41.858951,
      12.535399
    ],
    [
      41.860659,
      12.536677
    ],
    [
      41.861659,
      12.536218
    ],
    [
      41.861987,
      12.534727
    ],
    [
      41.864127,
      12.534932
    ],
    [
      41.864392,
      12.536399
    ],
    [
      41.862236,
      12.538399
    ],
    [
      41.862345,
      12.539399
    ],
    [
      41.862659,
      12.53969
    ],
    [
      41.862818,
      12.538558
    ],
    [
      41.864241,
      12.538818
    ],
    [
      41.864388,
      12.540671
    ],
    [
      41.865629,
      12.54143
    ],
    [
      41.867659,
      12.541043
    ],
    [
      41.869659,
      12.539982
    ],
    [
      41.871238,
      12.540399
    ],
    [
      41.87162,
      12.539399
    ],
    [
      41.870891,
      12.539168
    ],
    [
      41.870989,
      12.537729
    ],
    [
      41.87401,
      12.535399
    ]
  ],
  "distance1600": [
    [
      41.877789,
      12.532399
    ],
    [
      41.877954,
      12.531399
    ],
    [
      41.877286,
      12.530399
    ],
    [
      41.877369,
      12.529109
    ],
    [
      41.877922,
      12.528399
    ],
    [
      41.877304,
      12.526399
    ],
    [
      41.877367,
      12.521399
    ],
    [
      41.877062,
      12.519997
    ],
    [
      41.87666,
      12.519687
    ],
    [
      41.874649,
      12.520409
    ],
    [
      41.873364,
      12.518694
    ],
    [
      41.87266,
      12.516094
    ],
    [
      41.870656,
      12.516403
    ],
    [
      41.86866,
      12.515684
    ],
    [
      41.86766,
      12.516857
    ],
    [
      41.866659,
      12.516743
    ],
    [
      41.865869,
      12.517609
    ],
    [
      41.864651,
      12.517399
    ],
    [
      41.864289,
      12.519029
    ],
    [
      41.86366,
      12.519217
    ],
    [
      41.862977,
      12.519082
    ],
    [
      41.862659,
      12.517899
    ],
    [
      41.861558,
      12.517399
    ],
    [
      41.861056,
      12.520399
    ],
    [
      41.862257,
      12.520801
    ],
    [
      41.862429,
      12.521399
    ],
    [
      41.861519,
      12.522399
    ],
    [
      41.861545,
      12.523285
    ],
    [
      41.860838,
      12.523578
    ],
    [
      41.861063,
      12.525399
    ],
    [
      41.860363,
      12.526399
    ],
    [
      41.860447,
      12.527399
    ],
    [
      41.862659,
      12.527582
    ],
    [
      41.863185,
      12.525925
    ],
    [
      41.864026,
      12.525766
    ],
    [
      41.864235,
      12.524974
    ],
    [
      41.86466,
      12.524807
    ],
    [
      41.86516,
      12.525399
    ],
    [
      41.864243,
      12.525983
    ],
    [
      41.864109,
      12.529399
    ],
    [
      41.863128,
      12.530399
    ],
    [
      41.862968,
      12.531708
    ],
    [
      41.86166,
      12.531909
    ],
    [
      41.86066,
      12.531054
    ],
    [
      41.85966,
      12.532011
    ],
    [
      41.857841,
      12.531399
    ],
    [
      41.857684,
      12.530399
    ],
    [
      41.85666,
      12.52932
    ],
    [
      41.854593,
      12.529399
    ],
    [
      41.854206,
      12.531399
    ],
    [
      41.854411,
      12.532399
    ],
    [
      41.85766,
      12.53272
    ],
    [
      41.859242,
      12.534399
    ],
    [
      41.85766,
      12.536088
    ],
    [
      41.854676,
      12.536399
    ],
    [
      41.855542,
      12.536516
    ],
    [
      41.85566,
      12.540266
    ],
    [
      41.85666,
      12.539042
    ],
    [
      41.857054,
      12.539399
    ],
    [
      41.856675,
      12.540399
    ],
    [
      41.857169,
      12.54089
    ],
    [
      41.85966,
      12.540942
    ],
    [
      41.86066,
      12.540026
    ],
    [
      41.861172,
      12.542399
    ],
    [
      41.860474,
      12.543585
    ],
    [
      41.862317,
      12.543742
    ],
    [
      41.86256,
      12.5453
    ],
    [
      41.862295,
      12.545399
    ],
    [
      41.86366,
      12.548113
    ],
    [
      41.866659,
      12.545558
    ],
    [
      41.866336,
      12.543399
    ],
    [
      41.866659,
      12.543185
    ],
    [
      41.870454,
      12.543605
    ],
    [
      41.87266,
      12.545036
    ],
    [
      41.873264,
      12.544399
    ],
    [
      41.872773,
      12.544285
    ],
    [
      41.873024,
      12.542764
    ],
    [
      41.874388,
      12.542671
    ],
    [
      41.874424,
      12.544399
    ],
    [
      41.874708,
      12.544448
    ],
    [
      41.876775,
      12.541399
    ],
    [
      41.876048,
      12.540399
    ],
    [
      41.875917,
      12.539399
    ],
    [
      41.876673,
      12.537385
    ],
    [
      41.876179,
      12.536399
    ],
    [
      41.876026,
      12.534399
    ],
    [
      41.877433,
      12.533399
    ],
    [
      41.877789,
      12.532399
    ]
  ]
}