{
  "distance500": [
    [
      41.86914,
      12.53203
    ],
    [
      41.86939,
      12.53154
    ],
    [
      41.8697,
      12.53111
    ],
    [
      41.86975,
      12.53104
    ],
    [
      41.86947,
      12.53077
    ],
    [
      41.8694,
      12.53023
    ],
    [
      41.86972,
      12.52926
    ],
    [
      41.86897,
      12.52984
    ],
    [
      41.86839,
      12.53011
    ],
    [
      41.86813,
      12.53023
    ],
    [
      41.86764,
      12.53044
    ],
    [
      41.86746,
      12.53052
    ],
    [
      41.86725,
      12.53061
    ],
    [
      41.86634,
      12.52739
    ],
    [
      41.86611,
      12.5278
    ],
    [
      41.86587,
      12.52821
    ],
    [
      41.86531,
      12.52916
    ],
    [
      41.86528,
      12.5292
    ],
    [
      41.86499,
      12.52958
    ],
    [
      41.86459,
      12.53006
    ],
    [
      41.8654,
      12.5311
    ],
    [
      41.865,
      12.53127
    ],
    [
      41.8646,
      12.53143
    ],
    [
      41.86396,
      12.53171
    ],
    [
      41.86328,
      12.53203
    ],
    [
      41.86468,
      12.53216
    ],
    [
      41.86439,
      12.53263
    ],
    [
      41.86411,
      12.53311
    ],
    [
      41.86416,
      12.5333
    ],
    [
      41.86453,
      12.53365
    ],
    [
      41.86469,
      12.5338
    ],
    [
      41.86534,
      12.53371
    ],
    [
      41.86532,
      12.5342
    ],
    [
      41.86543,
      12.53431
    ],
    [
      41.86575,
      12.53464
    ],
    [
      41.86593,
      12.53482
    ],
    [
      41.86605,
      12.53509
    ],
    [
      41.86704,
      12.53556
    ],
    [
      41.86746,
      12.536
    ],
    [
      41.86755,
      12.53585
    ],
    [
      41.86845,
      12.53631
    ],
    [
      41.86869,
      12.53594
    ],
    [
      41.86894,
      12.53552
    ],
    [
      41.87029,
      12.53608
    ],
    [
      41.86961,
      12.53446
    ],
    [
      41.8699,
      12.53401
    ],
    [
      41.87019,
      12.53354
    ],
    [
      41.87036,
      12.53326
    ],
    [
      41.86999,
      12.53257
    ],
    [
      41.86955,
      12.53229
    ]
  ],
  "distance1000": [
    [
      41.87324,
      12.5314
    ],
    [
      41.87344,
      12.53101
    ],
    [
      41.87254,
      12.53032
    ],
    [
      41.87289,
      12.5291
    ],
    [
      41.87168,
      12.52963
    ],
    [
      41.87297,
      12.52772
    ],
    [
      41.87304,
      12.5259
    ],
    [
      41.87307,
      12.52525
    ],
    [
      41.86945,
      12.52828
    ],
    [
      41.87034,
      12.52534
    ],
    [
      41.86988,
      12.52467
    ],
    [
      41.86961,
      12.52393
    ],
    [
      41.86826,
      12.52405
    ],
    [
      41.86634,
      12.52739
    ],
    [
      41.86611,
      12.5278
    ],
    [
      41.86587,
      12.52821
    ],
    [
      41.86531,
      12.52916
    ],
    [
      41.86528,
      12.5292
    ],
    [
      41.86499,
      12.52958
    ],
    [
      41.86459,
      12.53006
    ],
    [
      41.86437,
      12.53034
    ],
    [
      41.86406,
      12.53077
    ],
    [
      41.8637,
      12.53128
    ],
    [
      41.86347,
      12.53165
    ],
    [
      41.8633,
      12.53202
    ],
    [
      41.85919,
      12.53307
    ],
    [
      41.85924,
      12.53323
    ],
    [
      41.85935,
      12.53495
    ],
    [
      41.86416,
      12.5333
    ],
    [
      41.86453,
      12.53365
    ],
    [
      41.86457,
      12.53368
    ],
    [
      41.86475,
      12.53386
    ],
    [
      41.86524,
      12.53434
    ],
    [
      41.86535,
      12.53445
    ],
    [
      41.8636,
      12.53794
    ],
    [
      41.86513,
      12.53669
    ],
    [
      41.86605,
      12.53509
    ],
    [
      41.86727,
      12.54067
    ],
    [
      41.86745,
      12.54042
    ],
    [
      41.86812,
      12.53941
    ],
    [
      41.86975,
      12.53874
    ],
    [
      41.87111,
      12.54009
    ],
    [
      41.86981,
      12.53707
    ],
    [
      41.87109,
      12.53768
    ],
    [
      41.87116,
      12.53558
    ],
    [
      41.87268,
      12.53612
    ],
    [
      41.87315,
      12.53469
    ],
    [
      41.87396,
      12.53448
    ],
    [
      41.87274,
      12.53307
    ],
    [
      41.8728,
      12.53221
    ]
  ],
  "distance1600": [
    [
      41.8742,
      12.53204
    ],
    [
      41.87582,
      12.53043
    ],
    [
      41.87563,
      12.5297
    ],
    [
      41.87583,
      12.52797
    ],
    [
      41.87677,
      12.52578
    ],
    [
      41.87693,
      12.52554
    ],
    [
      41.87577,
      12.52348
    ],
    [
      41.87688,
      12.52013
    ],
    [
      41.87321,
      12.52331
    ],
    [
      41.87278,
      12.52025
    ],
    [
      41.87228,
      12.51965
    ],
    [
      41.87091,
      12.52023
    ],
    [
      41.86922,
      12.52236
    ],
    [
      41.86634,
      12.52739
    ],
    [
      41.86611,
      12.5278
    ],
    [
      41.86587,
      12.52821
    ],
    [
      41.86531,
      12.52916
    ],
    [
      41.86528,
      12.5292
    ],
    [
      41.86499,
      12.52958
    ],
    [
      41.86459,
      12.53006
    ],
    [
      41.86437,
      12.53034
    ],
    [
      41.86406,
      12.53077
    ],
    [
      41.8637,
      12.53128
    ],
    [
      41.85449,
      12.5297
    ],
    [
      41.85524,
      12.53071
    ],
    [
      41.85789,
      12.53233
    ],
    [
      41.85801,
      12.5342
    ],
    [
      41.85804,
      12.53464
    ],
    [
      41.85723,
      12.5368
    ],
    [
      41.85524,
      12.53948
    ],
    [
      41.86014,
      12.53675
    ],
    [
      41.86101,
      12.53792
    ],
    [
      41.86182,
      12.53887
    ],
    [
      41.86217,
      12.53927
    ],
    [
      41.86308,
      12.54033
    ],
    [
      41.86267,
      12.54335
    ],
    [
      41.86309,
      12.54388
    ],
    [
      41.86444,
      12.54547
    ],
    [
      41.86744,
      12.54074
    ],
    [
      41.86825,
      12.54041
    ],
    [
      41.8724,
      12.5444
    ],
    [
      41.87239,
      12.54341
    ],
    [
      41.87416,
      12.54228
    ],
    [
      41.87634,
      12.54154
    ],
    [
      41.87554,
      12.53939
    ],
    [
      41.87268,
      12.53612
    ],
    [
      41.87315,
      12.53469
    ],
    [
      41.87513,
      12.53483
    ],
    [
      41.87604,
      12.53329
    ],
    [
      41.87442,
      12.533
    ]
  ]
}