{
  "distance500": [
    [
      41.903351,
      12.431645
    ],
    [
      41.90334,
      12.430598
    ],
    [
      41.901992,
      12.430297
    ],
    [
      41.90134,
      12.430664
    ],
    [
      41.901176,
      12.429809
    ],
    [
      41.900084,
      12.429645
    ],
    [
      41.900382,
      12.428645
    ],
    [
      41.899534,
      12.427451
    ],
    [
      41.89834,
      12.427092
    ],
    [
      41.897377,
      12.428682
    ],
    [
      41.896659,
      12.428963
    ],
    [
      41.896056,
      12.431928
    ],
    [
      41.897331,
      12.433645
    ],
    [
      41.897209,
      12.434645
    ],
    [
      41.897727,
      12.435645
    ],
    [
      41.898814,
      12.436171
    ],
    [
      41.89934,
      12.437056
    ],
    [
      41.90034,
      12.437118
    ],
    [
      41.900797,
      12.435645
    ],
    [
      41.900469,
      12.435515
    ],
    [
      41.900415,
      12.434645
    ],
    [
      41.900795,
      12.4321
    ],
    [
      41.902081,
      12.431903
    ],
    [
      41.902302,
      12.432683
    ],
    [
      41.903056,
      12.432645
    ],
    [
      41.903351,
      12.431645
    ]
  ],
  "distance1000": [
    [
      41.904499,
      12.428645
    ],
    [
      41.905131,
      12.426645
    ],
    [
      41.902917,
      12.424068
    ],
    [
      41.90134,
      12.423054
    ],
    [
      41.90127,
      12.423575
    ],
    [
      41.89955,
      12.423435
    ],
    [
      41.899363,
      12.422622
    ],
    [
      41.898518,
      12.422467
    ],
    [
      41.89734,
      12.421393
    ],
    [
      41.897121,
      12.423425
    ],
    [
      41.89534,
      12.424613
    ],
    [
      41.894177,
      12.427481
    ],
    [
      41.893103,
      12.427645
    ],
    [
      41.892771,
      12.428645
    ],
    [
      41.894032,
      12.428952
    ],
    [
      41.894168,
      12.429645
    ],
    [
      41.894084,
      12.430389
    ],
    [
      41.893035,
      12.430645
    ],
    [
      41.893658,
      12.432326
    ],
    [
      41.893294,
      12.433598
    ],
    [
      41.893922,
      12.437062
    ],
    [
      41.89434,
      12.437407
    ],
    [
      41.894587,
      12.435891
    ],
    [
      41.895925,
      12.43606
    ],
    [
      41.896157,
      12.437461
    ],
    [
      41.894755,
      12.437645
    ],
    [
      41.89634,
      12.438689
    ],
    [
      41.896523,
      12.437827
    ],
    [
      41.897932,
      12.438052
    ],
    [
      41.89834,
      12.441036
    ],
    [
      41.898565,
      12.439645
    ],
    [
      41.89934,
      12.438866
    ],
    [
      41.89999,
      12.439645
    ],
    [
      41.90034,
      12.442109
    ],
    [
      41.90134,
      12.441539
    ],
    [
      41.902553,
      12.441857
    ],
    [
      41.903081,
      12.441386
    ],
    [
      41.903111,
      12.439645
    ],
    [
      41.901984,
      12.438645
    ],
    [
      41.90275,
      12.438235
    ],
    [
      41.903189,
      12.438645
    ],
    [
      41.902852,
      12.439133
    ],
    [
      41.90334,
      12.438989
    ],
    [
      41.904105,
      12.437645
    ],
    [
      41.90396,
      12.432645
    ],
    [
      41.904499,
      12.428645
    ]
  ],
  "distance1600": [
    [
      41.909557,
      12.424645
    ],
    [
      41.90803,
      12.423955
    ],
    [
      41.907128,
      12.422645
    ],
    [
      41.90634,
      12.419714
    ],
    [
      41.904492,
      12.417493
    ],
    [
      41.90334,
      12.416775
    ],
    [
      41.903095,
      12.418399
    ],
    [
      41.902267,
      12.418572
    ],
    [
      41.902062,
      12.419366
    ],
    [
      41.900436,
      12.419548
    ],
    [
      41.900042,
      12.418645
    ],
    [
      41.897949,
      12.417036
    ],
    [
      41.89634,
      12.416972
    ],
    [
      41.89534,
      12.415737
    ],
    [
      41.894059,
      12.415645
    ],
    [
      41.894147,
      12.417452
    ],
    [
      41.893358,
      12.418663
    ],
    [
      41.893488,
      12.419645
    ],
    [
      41.894911,
      12.420074
    ],
    [
      41.894891,
      12.421196
    ],
    [
      41.893938,
      12.421645
    ],
    [
      41.894855,
      12.422129
    ],
    [
      41.894806,
      12.42311
    ],
    [
      41.893785,
      12.4232
    ],
    [
      41.893573,
      12.422412
    ],
    [
      41.892883,
      12.422102
    ],
    [
      41.89234,
      12.42113
    ],
    [
      41.891862,
      12.421166
    ],
    [
      41.89134,
      12.421403
    ],
    [
      41.891281,
      12.423585
    ],
    [
      41.89079,
      12.424095
    ],
    [
      41.889974,
      12.424011
    ],
    [
      41.88934,
      12.423312
    ],
    [
      41.888397,
      12.424645
    ],
    [
      41.888512,
      12.425645
    ],
    [
      41.889156,
      12.425829
    ],
    [
      41.890244,
      12.427645
    ],
    [
      41.890174,
      12.428478
    ],
    [
      41.888507,
      12.428645
    ],
    [
      41.888354,
      12.429645
    ],
    [
      41.888815,
      12.43017
    ],
    [
      41.890509,
      12.430475
    ],
    [
      41.889611,
      12.432645
    ],
    [
      41.890026,
      12.435958
    ],
    [
      41.891106,
      12.437645
    ],
    [
      41.890934,
      12.438239
    ],
    [
      41.889845,
      12.438645
    ],
    [
      41.88923,
      12.439645
    ],
    [
      41.88934,
      12.440331
    ],
    [
      41.89034,
      12.440536
    ],
    [
      41.890907,
      12.439211
    ],
    [
      41.891718,
      12.439267
    ],
    [
      41.89234,
      12.441398
    ],
    [
      41.894393,
      12.441592
    ],
    [
      41.895094,
      12.443891
    ],
    [
      41.896217,
      12.445645
    ],
    [
      41.896607,
      12.443912
    ],
    [
      41.89734,
      12.443848
    ],
    [
      41.89794,
      12.444045
    ],
    [
      41.89934,
      12.446042
    ],
    [
      41.90134,
      12.446441
    ],
    [
      41.90234,
      12.446128
    ],
    [
      41.904216,
      12.447769
    ],
    [
      41.905655,
      12.447959
    ],
    [
      41.906128,
      12.446645
    ],
    [
      41.90694,
      12.446245
    ],
    [
      41.907065,
      12.444645
    ],
    [
      41.907572,
      12.443645
    ],
    [
      41.907431,
      12.442736
    ],
    [
      41.905149,
      12.441835
    ],
    [
      41.903691,
      12.439645
    ],
    [
      41.90534,
      12.437955
    ],
    [
      41.908705,
      12.437645
    ],
    [
      41.90899,
      12.436645
    ],
    [
      41.906756,
      12.436229
    ],
    [
      41.906744,
      12.435049
    ],
    [
      41.908766,
      12.434645
    ],
    [
      41.90682,
      12.434165
    ],
    [
      41.906388,
      12.432597
    ],
    [
      41.905911,
      12.434216
    ],
    [
      41.90534,
      12.434364
    ],
    [
      41.904622,
      12.433645
    ],
    [
      41.904678,
      12.432982
    ],
    [
      41.905583,
      12.431888
    ],
    [
      41.906395,
      12.429699
    ],
    [
      41.907344,
      12.429648
    ],
    [
      41.907469,
      12.428773
    ],
    [
      41.907826,
      12.428645
    ],
    [
      41.906794,
      12.428191
    ],
    [
      41.906788,
      12.427093
    ],
    [
      41.908208,
      12.426777
    ],
    [
      41.90834,
      12.427816
    ],
    [
      41.909557,
      12.424645
    ]
  ]
}