{
  "distance500": [
    [
      41.908533,
      12.487175
    ],
    [
      41.908142,
      12.485901
    ],
    [
      41.907142,
      12.485466
    ],
    [
      41.906142,
      12.485948
    ],
    [
      41.905419,
      12.485175
    ],
    [
      41.905595,
      12.484628
    ],
    [
      41.907057,
      12.484175
    ],
    [
      41.907459,
      12.482175
    ],
    [
      41.906142,
      12.481474
    ],
    [
      41.905142,
      12.482008
    ],
    [
      41.903142,
      12.481217
    ],
    [
      41.900846,
      12.483175
    ],
    [
      41.900854,
      12.484175
    ],
    [
      41.900324,
      12.485175
    ],
    [
      41.90177,
      12.485547
    ],
    [
      41.901921,
      12.486175
    ],
    [
      41.901781,
      12.486814
    ],
    [
      41.900893,
      12.487175
    ],
    [
      41.900879,
      12.487912
    ],
    [
      41.900116,
      12.488201
    ],
    [
      41.901417,
      12.4889
    ],
    [
      41.901487,
      12.49083
    ],
    [
      41.901954,
      12.491363
    ],
    [
      41.905142,
      12.491198
    ],
    [
      41.906092,
      12.490125
    ],
    [
      41.907142,
      12.489986
    ],
    [
      41.907609,
      12.488175
    ],
    [
      41.908533,
      12.487175
    ]
  ],
  "distance1000": [
    [
      41.912298,
      12.489175
    ],
    [
      41.912693,
      12.488175
    ],
    [
      41.911976,
      12.485341
    ],
    [
      41.910002,
      12.485314
    ],
    [
      41.909938,
      12.483379
    ],
    [
      41.909142,
      12.483277
    ],
    [
      41.908522,
      12.484175
    ],
    [
      41.908022,
      12.484175
    ],
    [
      41.90799,
      12.483023
    ],
    [
      41.908975,
      12.483008
    ],
    [
      41.908699,
      12.482618
    ],
    [
      41.908917,
      12.48195
    ],
    [
      41.910353,
      12.481386
    ],
    [
      41.911116,
      12.480175
    ],
    [
      41.910915,
      12.478402
    ],
    [
      41.908975,
      12.477342
    ],
    [
      41.906142,
      12.477388
    ],
    [
      41.904142,
      12.47611
    ],
    [
      41.902142,
      12.476121
    ],
    [
      41.898881,
      12.479175
    ],
    [
      41.896757,
      12.485175
    ],
    [
      41.898142,
      12.485788
    ],
    [
      41.898444,
      12.484477
    ],
    [
      41.899142,
      12.484397
    ],
    [
      41.899822,
      12.485175
    ],
    [
      41.89966,
      12.485693
    ],
    [
      41.898508,
      12.486175
    ],
    [
      41.898204,
      12.487237
    ],
    [
      41.897142,
      12.487713
    ],
    [
      41.89652,
      12.490175
    ],
    [
      41.896984,
      12.492334
    ],
    [
      41.898453,
      12.492864
    ],
    [
      41.898671,
      12.495175
    ],
    [
      41.899142,
      12.496096
    ],
    [
      41.907751,
      12.496175
    ],
    [
      41.90803,
      12.495175
    ],
    [
      41.910383,
      12.492416
    ],
    [
      41.911142,
      12.490691
    ],
    [
      41.912056,
      12.490089
    ],
    [
      41.912298,
      12.489175
    ]
  ],
  "distance1600": [
    [
      41.916205,
      12.491175
    ],
    [
      41.916392,
      12.487175
    ],
    [
      41.915897,
      12.48293
    ],
    [
      41.914968,
      12.481175
    ],
    [
      41.915142,
      12.480132
    ],
    [
      41.914142,
      12.479175
    ],
    [
      41.913168,
      12.479149
    ],
    [
      41.913337,
      12.47537
    ],
    [
      41.914161,
      12.475156
    ],
    [
      41.911276,
      12.472041
    ],
    [
      41.909654,
      12.471687
    ],
    [
      41.908035,
      12.473282
    ],
    [
      41.906092,
      12.471175
    ],
    [
      41.905896,
      12.470421
    ],
    [
      41.905142,
      12.470125
    ],
    [
      41.905011,
      12.471044
    ],
    [
      41.9033,
      12.471017
    ],
    [
      41.903142,
      12.47026
    ],
    [
      41.902142,
      12.469688
    ],
    [
      41.90066,
      12.470693
    ],
    [
      41.899472,
      12.473175
    ],
    [
      41.896553,
      12.474586
    ],
    [
      41.895409,
      12.476175
    ],
    [
      41.895904,
      12.477175
    ],
    [
      41.893833,
      12.480866
    ],
    [
      41.893571,
      12.486604
    ],
    [
      41.891822,
      12.491495
    ],
    [
      41.892184,
      12.493175
    ],
    [
      41.895266,
      12.496175
    ],
    [
      41.895128,
      12.499175
    ],
    [
      41.89697,
      12.500175
    ],
    [
      41.898142,
      12.501531
    ],
    [
      41.901142,
      12.501162
    ],
    [
      41.909142,
      12.501478
    ],
    [
      41.911142,
      12.500763
    ],
    [
      41.91276,
      12.498175
    ],
    [
      41.913202,
      12.496175
    ],
    [
      41.916072,
      12.494175
    ],
    [
      41.916205,
      12.491175
    ]
  ]
}