{
  "distance500": [
    [
      41.90418,
      12.48649
    ],
    [
      41.90418,
      12.48649
    ],
    [
      41.90418,
      12.48649
    ],
    [
      41.90418,
      12.48649
    ],
    [
      41.90418,
      12.48649
    ],
    [
      41.90418,
      12.48649
    ],
    [
      41.90418,
      12.48649
    ],
    [
      41.90467,
      12.4859
    ],
    [
      41.90508,
      12.48519
    ],
    [
      41.90456,
      12.48586
    ],
    [
      41.90447,
      12.48583
    ],
    [
      41.90438,
      12.4858
    ],
    [
      41.90409,
      12.48322
    ],
    [
      41.90399,
      12.48326
    ],
    [
      41.90353,
      12.48287
    ],
    [
      41.90327,
      12.48329
    ],
    [
      41.90205,
      12.48238
    ],
    [
      41.90214,
      12.48279
    ],
    [
      41.90127,
      12.48355
    ],
    [
      41.90129,
      12.48398
    ],
    [
      41.90241,
      12.48527
    ],
    [
      41.90233,
      12.48571
    ],
    [
      41.90213,
      12.48585
    ],
    [
      41.90236,
      12.48617
    ],
    [
      41.90223,
      12.48632
    ],
    [
      41.90185,
      12.48676
    ],
    [
      41.90166,
      12.48697
    ],
    [
      41.90132,
      12.48736
    ],
    [
      41.9009,
      12.48789
    ],
    [
      41.90299,
      12.48724
    ],
    [
      41.9025,
      12.48783
    ],
    [
      41.90256,
      12.48816
    ],
    [
      41.90262,
      12.48851
    ],
    [
      41.90267,
      12.48875
    ],
    [
      41.90207,
      12.49056
    ],
    [
      41.9029,
      12.48999
    ],
    [
      41.90309,
      12.49052
    ],
    [
      41.9043,
      12.49078
    ],
    [
      41.90454,
      12.49022
    ],
    [
      41.90451,
      12.48843
    ],
    [
      41.90466,
      12.4883
    ],
    [
      41.90495,
      12.48811
    ],
    [
      41.90418,
      12.48649
    ],
    [
      41.90418,
      12.48649
    ],
    [
      41.90418,
      12.48649
    ],
    [
      41.90418,
      12.48649
    ],
    [
      41.90418,
      12.48649
    ],
    [
      41.90418,
      12.48649
    ],
    [
      41.90418,
      12.48649
    ],
    [
      41.90418,
      12.48649
    ]
  ],
  "distance1000": [
    [
      41.90418,
      12.48649
    ],
    [
      41.90418,
      12.48649
    ],
    [
      41.90418,
      12.48649
    ],
    [
      41.90418,
      12.48649
    ],
    [
      41.90418,
      12.48649
    ],
    [
      41.90418,
      12.48649
    ],
    [
      41.90802,
      12.48284
    ],
    [
      41.90847,
      12.4817
    ],
    [
      41.9064,
      12.48319
    ],
    [
      41.90624,
      12.48325
    ],
    [
      41.90545,
      12.48336
    ],
    [
      41.90507,
      12.48335
    ],
    [
      41.90467,
      12.47922
    ],
    [
      41.90382,
      12.48003
    ],
    [
      41.90274,
      12.48059
    ],
    [
      41.90248,
      12.47978
    ],
    [
      41.90182,
      12.48144
    ],
    [
      41.90214,
      12.48279
    ],
    [
      41.90114,
      12.48357
    ],
    [
      41.89978,
      12.4832
    ],
    [
      41.8996,
      12.48359
    ],
    [
      41.89998,
      12.48438
    ],
    [
      41.90213,
      12.48585
    ],
    [
      41.90229,
      12.48606
    ],
    [
      41.90223,
      12.48632
    ],
    [
      41.89884,
      12.48678
    ],
    [
      41.8993,
      12.48765
    ],
    [
      41.899,
      12.48805
    ],
    [
      41.90014,
      12.48816
    ],
    [
      41.89969,
      12.48925
    ],
    [
      41.89883,
      12.49032
    ],
    [
      41.89935,
      12.49111
    ],
    [
      41.89919,
      12.49226
    ],
    [
      41.89909,
      12.49431
    ],
    [
      41.89936,
      12.49539
    ],
    [
      41.90111,
      12.4938
    ],
    [
      41.90202,
      12.49443
    ],
    [
      41.90402,
      12.49585
    ],
    [
      41.90457,
      12.4938
    ],
    [
      41.90532,
      12.4933
    ],
    [
      41.9062,
      12.49409
    ],
    [
      41.90684,
      12.4915
    ],
    [
      41.90713,
      12.4916
    ],
    [
      41.90773,
      12.4912
    ],
    [
      41.90774,
      12.48959
    ],
    [
      41.90825,
      12.48918
    ],
    [
      41.90681,
      12.48786
    ],
    [
      41.90752,
      12.48756
    ],
    [
      41.90539,
      12.48679
    ],
    [
      41.90535,
      12.48662
    ]
  ],
  "distance1600": [
    [
      41.91143,
      12.48625
    ],
    [
      41.90896,
      12.48588
    ],
    [
      41.90667,
      12.48587
    ],
    [
      41.90582,
      12.48584
    ],
    [
      41.90537,
      12.48587
    ],
    [
      41.90509,
      12.48588
    ],
    [
      41.91078,
      12.47958
    ],
    [
      41.91152,
      12.47722
    ],
    [
      41.90696,
      12.48267
    ],
    [
      41.9071,
      12.48057
    ],
    [
      41.90641,
      12.48065
    ],
    [
      41.90593,
      12.48097
    ],
    [
      41.90425,
      12.47809
    ],
    [
      41.90382,
      12.48003
    ],
    [
      41.90274,
      12.48059
    ],
    [
      41.90237,
      12.47927
    ],
    [
      41.90101,
      12.48043
    ],
    [
      41.9001,
      12.48081
    ],
    [
      41.89896,
      12.48125
    ],
    [
      41.89637,
      12.48068
    ],
    [
      41.89646,
      12.48079
    ],
    [
      41.89552,
      12.48247
    ],
    [
      41.89594,
      12.4835
    ],
    [
      41.89657,
      12.48538
    ],
    [
      41.89623,
      12.48563
    ],
    [
      41.89495,
      12.4869
    ],
    [
      41.89575,
      12.48787
    ],
    [
      41.89527,
      12.48932
    ],
    [
      41.89494,
      12.49068
    ],
    [
      41.89615,
      12.49096
    ],
    [
      41.89544,
      12.49301
    ],
    [
      41.89559,
      12.49541
    ],
    [
      41.89536,
      12.49712
    ],
    [
      41.89621,
      12.49729
    ],
    [
      41.89656,
      12.50069
    ],
    [
      41.89868,
      12.4989
    ],
    [
      41.90083,
      12.49985
    ],
    [
      41.90322,
      12.50113
    ],
    [
      41.906,
      12.4995
    ],
    [
      41.90722,
      12.50125
    ],
    [
      41.90901,
      12.49778
    ],
    [
      41.90995,
      12.49765
    ],
    [
      41.9107,
      12.49522
    ],
    [
      41.91071,
      12.49508
    ],
    [
      41.91187,
      12.49258
    ],
    [
      41.9112,
      12.49168
    ],
    [
      41.91024,
      12.48987
    ],
    [
      41.90988,
      12.48866
    ],
    [
      41.91,
      12.48782
    ],
    [
      41.91105,
      12.48665
    ]
  ]
}