{
  "distance500": [
    [
      41.85689,
      12.47549
    ],
    [
      41.85691,
      12.47531
    ],
    [
      41.85898,
      12.47445
    ],
    [
      41.85858,
      12.47433
    ],
    [
      41.85834,
      12.47427
    ],
    [
      41.85798,
      12.47416
    ],
    [
      41.85767,
      12.47408
    ],
    [
      41.85726,
      12.47365
    ],
    [
      41.85728,
      12.47335
    ],
    [
      41.85734,
      12.4726
    ],
    [
      41.8574,
      12.47128
    ],
    [
      41.85728,
      12.47132
    ],
    [
      41.85667,
      12.47149
    ],
    [
      41.85543,
      12.47303
    ],
    [
      41.85493,
      12.47181
    ],
    [
      41.85486,
      12.472
    ],
    [
      41.8545,
      12.47317
    ],
    [
      41.85413,
      12.47334
    ],
    [
      41.8538,
      12.47333
    ],
    [
      41.85333,
      12.47352
    ],
    [
      41.85332,
      12.474
    ],
    [
      41.8533,
      12.47418
    ],
    [
      41.85327,
      12.47459
    ],
    [
      41.85283,
      12.47491
    ],
    [
      41.85326,
      12.47531
    ],
    [
      41.85313,
      12.47565
    ],
    [
      41.85301,
      12.47607
    ],
    [
      41.85322,
      12.47641
    ],
    [
      41.85355,
      12.47647
    ],
    [
      41.85345,
      12.47684
    ],
    [
      41.85379,
      12.47688
    ],
    [
      41.85421,
      12.47694
    ],
    [
      41.85465,
      12.47701
    ],
    [
      41.85474,
      12.47703
    ],
    [
      41.85488,
      12.47705
    ],
    [
      41.85543,
      12.47654
    ],
    [
      41.85551,
      12.4766
    ],
    [
      41.85569,
      12.47681
    ],
    [
      41.85593,
      12.4765
    ],
    [
      41.85602,
      12.47651
    ],
    [
      41.8562,
      12.47654
    ],
    [
      41.85633,
      12.47657
    ],
    [
      41.85634,
      12.47651
    ],
    [
      41.8568,
      12.47657
    ],
    [
      41.85686,
      12.47653
    ],
    [
      41.85704,
      12.4763
    ],
    [
      41.85704,
      12.47626
    ],
    [
      41.85684,
      12.47597
    ],
    [
      41.85686,
      12.47585
    ],
    [
      41.85688,
      12.47561
    ]
  ],
  "distance1000": [
    [
      41.85968,
      12.47519
    ],
    [
      41.8595,
      12.47493
    ],
    [
      41.8594,
      12.47458
    ],
    [
      41.8591,
      12.47429
    ],
    [
      41.85833,
      12.47405
    ],
    [
      41.85789,
      12.47393
    ],
    [
      41.86178,
      12.47003
    ],
    [
      41.86125,
      12.46953
    ],
    [
      41.85898,
      12.47084
    ],
    [
      41.85877,
      12.46961
    ],
    [
      41.85925,
      12.46714
    ],
    [
      41.85844,
      12.46676
    ],
    [
      41.85593,
      12.46898
    ],
    [
      41.85457,
      12.46712
    ],
    [
      41.85437,
      12.46679
    ],
    [
      41.85281,
      12.46877
    ],
    [
      41.85266,
      12.46922
    ],
    [
      41.85189,
      12.46925
    ],
    [
      41.85186,
      12.47173
    ],
    [
      41.85131,
      12.47171
    ],
    [
      41.85065,
      12.47219
    ],
    [
      41.85155,
      12.47351
    ],
    [
      41.8502,
      12.47413
    ],
    [
      41.84962,
      12.47439
    ],
    [
      41.85198,
      12.47533
    ],
    [
      41.85233,
      12.47596
    ],
    [
      41.85233,
      12.47641
    ],
    [
      41.85019,
      12.47766
    ],
    [
      41.84955,
      12.47805
    ],
    [
      41.851,
      12.47804
    ],
    [
      41.85156,
      12.47876
    ],
    [
      41.85056,
      12.48037
    ],
    [
      41.85165,
      12.47996
    ],
    [
      41.85271,
      12.48004
    ],
    [
      41.85281,
      12.48022
    ],
    [
      41.85457,
      12.47838
    ],
    [
      41.85476,
      12.47952
    ],
    [
      41.85612,
      12.48251
    ],
    [
      41.85615,
      12.48229
    ],
    [
      41.85712,
      12.48096
    ],
    [
      41.8576,
      12.48099
    ],
    [
      41.85701,
      12.47822
    ],
    [
      41.85705,
      12.4778
    ],
    [
      41.85826,
      12.47793
    ],
    [
      41.85899,
      12.47812
    ],
    [
      41.86052,
      12.47855
    ],
    [
      41.85705,
      12.47617
    ],
    [
      41.86253,
      12.47807
    ],
    [
      41.86146,
      12.47692
    ],
    [
      41.86027,
      12.47597
    ]
  ],
  "distance1600": [
    [
      41.86489,
      12.47532
    ],
    [
      41.86456,
      12.47403
    ],
    [
      41.86461,
      12.47248
    ],
    [
      41.8646,
      12.47165
    ],
    [
      41.86708,
      12.46856
    ],
    [
      41.86632,
      12.46878
    ],
    [
      41.86529,
      12.46584
    ],
    [
      41.86388,
      12.46656
    ],
    [
      41.86266,
      12.46558
    ],
    [
      41.8623,
      12.46396
    ],
    [
      41.85921,
      12.46665
    ],
    [
      41.85916,
      12.4659
    ],
    [
      41.85614,
      12.46301
    ],
    [
      41.85438,
      12.46312
    ],
    [
      41.85281,
      12.46314
    ],
    [
      41.85206,
      12.46424
    ],
    [
      41.85185,
      12.46715
    ],
    [
      41.8513,
      12.46881
    ],
    [
      41.85095,
      12.46972
    ],
    [
      41.85058,
      12.47063
    ],
    [
      41.85005,
      12.47159
    ],
    [
      41.84536,
      12.47062
    ],
    [
      41.84585,
      12.47218
    ],
    [
      41.8465,
      12.47317
    ],
    [
      41.84703,
      12.47557
    ],
    [
      41.84445,
      12.47619
    ],
    [
      41.84483,
      12.47713
    ],
    [
      41.84522,
      12.47956
    ],
    [
      41.84443,
      12.48012
    ],
    [
      41.84696,
      12.4805
    ],
    [
      41.84904,
      12.48064
    ],
    [
      41.84969,
      12.48178
    ],
    [
      41.85048,
      12.48263
    ],
    [
      41.85085,
      12.48315
    ],
    [
      41.85078,
      12.48474
    ],
    [
      41.85152,
      12.48517
    ],
    [
      41.853,
      12.48484
    ],
    [
      41.85514,
      12.48879
    ],
    [
      41.85645,
      12.48791
    ],
    [
      41.85804,
      12.48537
    ],
    [
      41.85952,
      12.48609
    ],
    [
      41.85996,
      12.48361
    ],
    [
      41.8609,
      12.48465
    ],
    [
      41.86058,
      12.48023
    ],
    [
      41.86252,
      12.48068
    ],
    [
      41.86255,
      12.48057
    ],
    [
      41.86354,
      12.47882
    ],
    [
      41.86763,
      12.47951
    ],
    [
      41.86146,
      12.47692
    ],
    [
      41.86027,
      12.47597
    ]
  ]
}