{
  "distance500": [
    [
      41.9138,
      12.51824
    ],
    [
      41.9138,
      12.51824
    ],
    [
      41.9138,
      12.51824
    ],
    [
      41.9138,
      12.51824
    ],
    [
      41.9138,
      12.51824
    ],
    [
      41.91557,
      12.51709
    ],
    [
      41.91535,
      12.51695
    ],
    [
      41.91514,
      12.51682
    ],
    [
      41.91494,
      12.51669
    ],
    [
      41.91474,
      12.51656
    ],
    [
      41.91468,
      12.51587
    ],
    [
      41.91493,
      12.515
    ],
    [
      41.91486,
      12.51362
    ],
    [
      41.91359,
      12.51619
    ],
    [
      41.91347,
      12.51644
    ],
    [
      41.91323,
      12.51695
    ],
    [
      41.91321,
      12.517
    ],
    [
      41.91317,
      12.51711
    ],
    [
      41.9131,
      12.51733
    ],
    [
      41.91305,
      12.51756
    ],
    [
      41.91163,
      12.5169
    ],
    [
      41.91187,
      12.5172
    ],
    [
      41.91175,
      12.5176
    ],
    [
      41.91253,
      12.51791
    ],
    [
      41.91271,
      12.5181
    ],
    [
      41.91284,
      12.51826
    ],
    [
      41.91295,
      12.51838
    ],
    [
      41.91302,
      12.51853
    ],
    [
      41.91252,
      12.51888
    ],
    [
      41.91295,
      12.51868
    ],
    [
      41.91305,
      12.51884
    ],
    [
      41.91233,
      12.51974
    ],
    [
      41.91243,
      12.51972
    ],
    [
      41.91271,
      12.5197
    ],
    [
      41.91289,
      12.51969
    ],
    [
      41.91324,
      12.51978
    ],
    [
      41.91319,
      12.52056
    ],
    [
      41.91324,
      12.52062
    ],
    [
      41.91403,
      12.51987
    ],
    [
      41.91405,
      12.51989
    ],
    [
      41.91397,
      12.51867
    ],
    [
      41.91401,
      12.51867
    ],
    [
      41.9141,
      12.51866
    ],
    [
      41.91419,
      12.51865
    ],
    [
      41.91433,
      12.51863
    ],
    [
      41.91442,
      12.51862
    ],
    [
      41.91455,
      12.5186
    ],
    [
      41.9138,
      12.51824
    ],
    [
      41.9138,
      12.51824
    ],
    [
      41.9138,
      12.51824
    ]
  ],
  "distance1000": [
    [
      41.91913,
      12.51813
    ],
    [
      41.91801,
      12.51762
    ],
    [
      41.91777,
      12.51726
    ],
    [
      41.91897,
      12.51576
    ],
    [
      41.91896,
      12.51554
    ],
    [
      41.91869,
      12.51447
    ],
    [
      41.91886,
      12.51405
    ],
    [
      41.91785,
      12.51385
    ],
    [
      41.91825,
      12.51176
    ],
    [
      41.91759,
      12.51192
    ],
    [
      41.91632,
      12.51141
    ],
    [
      41.91599,
      12.50951
    ],
    [
      41.91603,
      12.50885
    ],
    [
      41.91343,
      12.51573
    ],
    [
      41.91332,
      12.51566
    ],
    [
      41.91128,
      12.51116
    ],
    [
      41.91038,
      12.5118
    ],
    [
      41.91021,
      12.51171
    ],
    [
      41.90998,
      12.51348
    ],
    [
      41.90949,
      12.51433
    ],
    [
      41.90974,
      12.51547
    ],
    [
      41.90949,
      12.51582
    ],
    [
      41.91051,
      12.51721
    ],
    [
      41.91041,
      12.51755
    ],
    [
      41.91026,
      12.51812
    ],
    [
      41.91011,
      12.51869
    ],
    [
      41.90991,
      12.51912
    ],
    [
      41.90862,
      12.51998
    ],
    [
      41.9089,
      12.52017
    ],
    [
      41.90853,
      12.52118
    ],
    [
      41.90915,
      12.52187
    ],
    [
      41.91054,
      12.52094
    ],
    [
      41.90986,
      12.52288
    ],
    [
      41.91106,
      12.52241
    ],
    [
      41.91146,
      12.52341
    ],
    [
      41.91144,
      12.52471
    ],
    [
      41.91182,
      12.52601
    ],
    [
      41.91212,
      12.52511
    ],
    [
      41.91448,
      12.52451
    ],
    [
      41.91482,
      12.52417
    ],
    [
      41.91596,
      12.52481
    ],
    [
      41.91628,
      12.52298
    ],
    [
      41.91625,
      12.52232
    ],
    [
      41.91611,
      12.52094
    ],
    [
      41.9165,
      12.52029
    ],
    [
      41.91836,
      12.5212
    ],
    [
      41.91832,
      12.52054
    ],
    [
      41.91919,
      12.51974
    ],
    [
      41.9185,
      12.51888
    ],
    [
      41.91895,
      12.51833
    ]
  ],
  "distance1600": [
    [
      41.9215,
      12.51799
    ],
    [
      41.92145,
      12.51707
    ],
    [
      41.92278,
      12.51527
    ],
    [
      41.92273,
      12.51367
    ],
    [
      41.92303,
      12.51299
    ],
    [
      41.92267,
      12.51173
    ],
    [
      41.9223,
      12.5114
    ],
    [
      41.92223,
      12.50902
    ],
    [
      41.92026,
      12.50892
    ],
    [
      41.91907,
      12.50935
    ],
    [
      41.91836,
      12.50635
    ],
    [
      41.91758,
      12.5058
    ],
    [
      41.91511,
      12.504
    ],
    [
      41.91202,
      12.5051
    ],
    [
      41.91098,
      12.50377
    ],
    [
      41.90837,
      12.50493
    ],
    [
      41.90849,
      12.50841
    ],
    [
      41.90734,
      12.50898
    ],
    [
      41.90684,
      12.50923
    ],
    [
      41.90709,
      12.51242
    ],
    [
      41.90659,
      12.5129
    ],
    [
      41.90508,
      12.51413
    ],
    [
      41.9054,
      12.51516
    ],
    [
      41.90475,
      12.51626
    ],
    [
      41.90682,
      12.51749
    ],
    [
      41.90749,
      12.51841
    ],
    [
      41.90353,
      12.52002
    ],
    [
      41.90414,
      12.52079
    ],
    [
      41.90526,
      12.52185
    ],
    [
      41.90634,
      12.523
    ],
    [
      41.90659,
      12.52328
    ],
    [
      41.90726,
      12.5242
    ],
    [
      41.908,
      12.52539
    ],
    [
      41.90812,
      12.52694
    ],
    [
      41.90813,
      12.5287
    ],
    [
      41.90969,
      12.52792
    ],
    [
      41.91029,
      12.52956
    ],
    [
      41.91111,
      12.52905
    ],
    [
      41.91437,
      12.52789
    ],
    [
      41.91523,
      12.52772
    ],
    [
      41.91744,
      12.52744
    ],
    [
      41.9184,
      12.52722
    ],
    [
      41.92026,
      12.52686
    ],
    [
      41.92025,
      12.52674
    ],
    [
      41.92111,
      12.52506
    ],
    [
      41.921,
      12.52326
    ],
    [
      41.92195,
      12.52289
    ],
    [
      41.92204,
      12.52067
    ],
    [
      41.92338,
      12.52004
    ],
    [
      41.92251,
      12.5193
    ]
  ]
}