{
  "distance500": [
    [
      41.86476,
      12.68062
    ],
    [
      41.86476,
      12.68062
    ],
    [
      41.86476,
      12.68062
    ],
    [
      41.86476,
      12.68062
    ],
    [
      41.86476,
      12.68062
    ],
    [
      41.86476,
      12.68062
    ],
    [
      41.86476,
      12.68062
    ],
    [
      41.86476,
      12.68062
    ],
    [
      41.86476,
      12.68062
    ],
    [
      41.86476,
      12.68062
    ],
    [
      41.86483,
      12.68041
    ],
    [
      41.86482,
      12.68037
    ],
    [
      41.86473,
      12.68011
    ],
    [
      41.86465,
      12.6799
    ],
    [
      41.86375,
      12.67541
    ],
    [
      41.86311,
      12.67626
    ],
    [
      41.86335,
      12.67771
    ],
    [
      41.86325,
      12.6783
    ],
    [
      41.86292,
      12.67848
    ],
    [
      41.86283,
      12.67903
    ],
    [
      41.86293,
      12.67947
    ],
    [
      41.86368,
      12.68002
    ],
    [
      41.86366,
      12.6802
    ],
    [
      41.86365,
      12.68038
    ],
    [
      41.86363,
      12.68056
    ],
    [
      41.86361,
      12.68074
    ],
    [
      41.8636,
      12.68086
    ],
    [
      41.86287,
      12.68133
    ],
    [
      41.86284,
      12.68157
    ],
    [
      41.86274,
      12.68192
    ],
    [
      41.86272,
      12.68222
    ],
    [
      41.86213,
      12.6829
    ],
    [
      41.86215,
      12.68351
    ],
    [
      41.8626,
      12.68351
    ],
    [
      41.86268,
      12.68486
    ],
    [
      41.86318,
      12.68434
    ],
    [
      41.86476,
      12.68062
    ],
    [
      41.86476,
      12.68062
    ],
    [
      41.86476,
      12.68062
    ],
    [
      41.86476,
      12.68062
    ],
    [
      41.86476,
      12.68062
    ],
    [
      41.86476,
      12.68062
    ],
    [
      41.86476,
      12.68062
    ],
    [
      41.86476,
      12.68062
    ],
    [
      41.86476,
      12.68062
    ],
    [
      41.86476,
      12.68062
    ],
    [
      41.86476,
      12.68062
    ],
    [
      41.86476,
      12.68062
    ],
    [
      41.86476,
      12.68062
    ],
    [
      41.86476,
      12.68062
    ]
  ],
  "distance1000": [
    [
      41.86476,
      12.68062
    ],
    [
      41.86476,
      12.68062
    ],
    [
      41.86476,
      12.68062
    ],
    [
      41.86476,
      12.68062
    ],
    [
      41.86476,
      12.68062
    ],
    [
      41.86476,
      12.68062
    ],
    [
      41.86476,
      12.68062
    ],
    [
      41.86476,
      12.68062
    ],
    [
      41.86476,
      12.68062
    ],
    [
      41.86797,
      12.67436
    ],
    [
      41.86728,
      12.67467
    ],
    [
      41.86672,
      12.6737
    ],
    [
      41.86469,
      12.66986
    ],
    [
      41.86409,
      12.66943
    ],
    [
      41.86317,
      12.67161
    ],
    [
      41.86219,
      12.67409
    ],
    [
      41.86087,
      12.67305
    ],
    [
      41.86134,
      12.67568
    ],
    [
      41.86118,
      12.67717
    ],
    [
      41.86129,
      12.67747
    ],
    [
      41.86113,
      12.67853
    ],
    [
      41.86127,
      12.67877
    ],
    [
      41.86161,
      12.67935
    ],
    [
      41.86077,
      12.68001
    ],
    [
      41.86103,
      12.68045
    ],
    [
      41.86069,
      12.68092
    ],
    [
      41.86082,
      12.68114
    ],
    [
      41.8603,
      12.68228
    ],
    [
      41.86032,
      12.68231
    ],
    [
      41.86075,
      12.68274
    ],
    [
      41.85934,
      12.68474
    ],
    [
      41.85985,
      12.68556
    ],
    [
      41.85953,
      12.68637
    ],
    [
      41.86048,
      12.68636
    ],
    [
      41.85998,
      12.68865
    ],
    [
      41.86129,
      12.6893
    ],
    [
      41.86217,
      12.6887
    ],
    [
      41.8635,
      12.69073
    ],
    [
      41.86491,
      12.68335
    ],
    [
      41.86554,
      12.68446
    ],
    [
      41.86552,
      12.68332
    ],
    [
      41.86562,
      12.68248
    ],
    [
      41.86623,
      12.68287
    ],
    [
      41.86602,
      12.68208
    ],
    [
      41.86633,
      12.6818
    ],
    [
      41.86651,
      12.68162
    ],
    [
      41.86654,
      12.6816
    ],
    [
      41.86476,
      12.68062
    ],
    [
      41.86476,
      12.68062
    ],
    [
      41.86476,
      12.68062
    ]
  ],
  "distance1600": [
    [
      41.86968,
      12.68051
    ],
    [
      41.8694,
      12.67951
    ],
    [
      41.87134,
      12.6784
    ],
    [
      41.87167,
      12.6772
    ],
    [
      41.87195,
      12.67631
    ],
    [
      41.8723,
      12.67504
    ],
    [
      41.87316,
      12.67207
    ],
    [
      41.87285,
      12.67209
    ],
    [
      41.87205,
      12.67066
    ],
    [
      41.87084,
      12.67044
    ],
    [
      41.86919,
      12.66895
    ],
    [
      41.86846,
      12.66629
    ],
    [
      41.8644,
      12.66224
    ],
    [
      41.86296,
      12.66546
    ],
    [
      41.86113,
      12.66538
    ],
    [
      41.86097,
      12.66615
    ],
    [
      41.86031,
      12.67126
    ],
    [
      41.85709,
      12.67017
    ],
    [
      41.85709,
      12.67206
    ],
    [
      41.85712,
      12.67335
    ],
    [
      41.85706,
      12.675
    ],
    [
      41.85911,
      12.67815
    ],
    [
      41.85648,
      12.67806
    ],
    [
      41.85688,
      12.67929
    ],
    [
      41.85584,
      12.6804
    ],
    [
      41.85598,
      12.68081
    ],
    [
      41.85538,
      12.68212
    ],
    [
      41.85409,
      12.68454
    ],
    [
      41.85466,
      12.68545
    ],
    [
      41.85552,
      12.68641
    ],
    [
      41.85534,
      12.68721
    ],
    [
      41.85474,
      12.68965
    ],
    [
      41.85533,
      12.69227
    ],
    [
      41.85706,
      12.69089
    ],
    [
      41.85797,
      12.69356
    ],
    [
      41.8588,
      12.69396
    ],
    [
      41.86028,
      12.69452
    ],
    [
      41.86435,
      12.69778
    ],
    [
      41.86585,
      12.69345
    ],
    [
      41.86692,
      12.69239
    ],
    [
      41.86769,
      12.69176
    ],
    [
      41.86967,
      12.68998
    ],
    [
      41.86744,
      12.68489
    ],
    [
      41.86768,
      12.6845
    ],
    [
      41.86835,
      12.68361
    ],
    [
      41.86788,
      12.68293
    ],
    [
      41.86795,
      12.68241
    ],
    [
      41.86802,
      12.68189
    ],
    [
      41.86808,
      12.68144
    ],
    [
      41.86954,
      12.68068
    ]
  ]
}