{
  "distance500": [
    [
      41.86456,
      12.66726
    ],
    [
      41.86456,
      12.66726
    ],
    [
      41.86456,
      12.66726
    ],
    [
      41.86456,
      12.66726
    ],
    [
      41.86456,
      12.66726
    ],
    [
      41.86456,
      12.66726
    ],
    [
      41.86456,
      12.66726
    ],
    [
      41.86456,
      12.66726
    ],
    [
      41.86456,
      12.66726
    ],
    [
      41.86456,
      12.66726
    ],
    [
      41.86456,
      12.66726
    ],
    [
      41.86456,
      12.66726
    ],
    [
      41.86493,
      12.66171
    ],
    [
      41.86446,
      12.66623
    ],
    [
      41.86434,
      12.66601
    ],
    [
      41.86456,
      12.66726
    ],
    [
      41.86456,
      12.66726
    ],
    [
      41.86456,
      12.66726
    ],
    [
      41.86456,
      12.66726
    ],
    [
      41.86456,
      12.66726
    ],
    [
      41.86456,
      12.66726
    ],
    [
      41.86456,
      12.66726
    ],
    [
      41.86456,
      12.66726
    ],
    [
      41.86456,
      12.66726
    ],
    [
      41.86456,
      12.66726
    ],
    [
      41.86456,
      12.66726
    ],
    [
      41.86456,
      12.66726
    ],
    [
      41.86456,
      12.66726
    ],
    [
      41.86456,
      12.66726
    ],
    [
      41.86456,
      12.66726
    ],
    [
      41.86456,
      12.66726
    ],
    [
      41.86456,
      12.66726
    ],
    [
      41.86456,
      12.66726
    ],
    [
      41.86456,
      12.66726
    ],
    [
      41.86456,
      12.66726
    ],
    [
      41.86456,
      12.66726
    ],
    [
      41.86456,
      12.66726
    ],
    [
      41.86456,
      12.66726
    ],
    [
      41.86456,
      12.66726
    ],
    [
      41.86456,
      12.66726
    ],
    [
      41.86456,
      12.66726
    ],
    [
      41.86456,
      12.66726
    ],
    [
      41.86456,
      12.66726
    ],
    [
      41.86456,
      12.66726
    ],
    [
      41.86456,
      12.66726
    ],
    [
      41.86456,
      12.66726
    ],
    [
      41.86456,
      12.66726
    ],
    [
      41.86456,
      12.66726
    ],
    [
      41.86456,
      12.66726
    ],
    [
      41.86456,
      12.66726
    ]
  ],
  "distance1000": [
    [
      41.86456,
      12.66726
    ],
    [
      41.86456,
      12.66726
    ],
    [
      41.86456,
      12.66726
    ],
    [
      41.86456,
      12.66726
    ],
    [
      41.86456,
      12.66726
    ],
    [
      41.86456,
      12.66726
    ],
    [
      41.86456,
      12.66726
    ],
    [
      41.86456,
      12.66726
    ],
    [
      41.86456,
      12.66726
    ],
    [
      41.86809,
      12.65962
    ],
    [
      41.86823,
      12.65761
    ],
    [
      41.86726,
      12.65739
    ],
    [
      41.86442,
      12.65666
    ],
    [
      41.86412,
      12.66232
    ],
    [
      41.86363,
      12.66237
    ],
    [
      41.86456,
      12.66726
    ],
    [
      41.86456,
      12.66726
    ],
    [
      41.86456,
      12.66726
    ],
    [
      41.86456,
      12.66726
    ],
    [
      41.86456,
      12.66726
    ],
    [
      41.86456,
      12.66726
    ],
    [
      41.86456,
      12.66726
    ],
    [
      41.86456,
      12.66726
    ],
    [
      41.86456,
      12.66726
    ],
    [
      41.86456,
      12.66726
    ],
    [
      41.86456,
      12.66726
    ],
    [
      41.86456,
      12.66726
    ],
    [
      41.86456,
      12.66726
    ],
    [
      41.86456,
      12.66726
    ],
    [
      41.86456,
      12.66726
    ],
    [
      41.86456,
      12.66726
    ],
    [
      41.86456,
      12.66726
    ],
    [
      41.86456,
      12.66726
    ],
    [
      41.86456,
      12.66726
    ],
    [
      41.86456,
      12.66726
    ],
    [
      41.86456,
      12.66726
    ],
    [
      41.86456,
      12.66726
    ],
    [
      41.86456,
      12.66726
    ],
    [
      41.86456,
      12.66726
    ],
    [
      41.86456,
      12.66726
    ],
    [
      41.86456,
      12.66726
    ],
    [
      41.86456,
      12.66726
    ],
    [
      41.86456,
      12.66726
    ],
    [
      41.86456,
      12.66726
    ],
    [
      41.86456,
      12.66726
    ],
    [
      41.86456,
      12.66726
    ],
    [
      41.86456,
      12.66726
    ],
    [
      41.86456,
      12.66726
    ],
    [
      41.86456,
      12.66726
    ],
    [
      41.86456,
      12.66726
    ]
  ],
  "distance1600": [
    [
      41.86456,
      12.66726
    ],
    [
      41.86456,
      12.66726
    ],
    [
      41.86456,
      12.66726
    ],
    [
      41.86456,
      12.66726
    ],
    [
      41.86456,
      12.66726
    ],
    [
      41.86456,
      12.66726
    ],
    [
      41.86456,
      12.66726
    ],
    [
      41.87203,
      12.65776
    ],
    [
      41.87213,
      12.65629
    ],
    [
      41.87245,
      12.65325
    ],
    [
      41.87088,
      12.65258
    ],
    [
      41.86943,
      12.65178
    ],
    [
      41.86458,
      12.65146
    ],
    [
      41.86287,
      12.64983
    ],
    [
      41.8628,
      12.65743
    ],
    [
      41.86207,
      12.6584
    ],
    [
      41.86083,
      12.6595
    ],
    [
      41.86399,
      12.66631
    ],
    [
      41.86296,
      12.66546
    ],
    [
      41.86296,
      12.66576
    ],
    [
      41.86319,
      12.66628
    ],
    [
      41.86114,
      12.6656
    ],
    [
      41.86097,
      12.66615
    ],
    [
      41.86059,
      12.66658
    ],
    [
      41.86132,
      12.66685
    ],
    [
      41.86155,
      12.66731
    ],
    [
      41.86048,
      12.66781
    ],
    [
      41.86021,
      12.66849
    ],
    [
      41.86074,
      12.66888
    ],
    [
      41.8615,
      12.66917
    ],
    [
      41.86166,
      12.66954
    ],
    [
      41.86188,
      12.67006
    ],
    [
      41.86182,
      12.67047
    ],
    [
      41.86269,
      12.67004
    ],
    [
      41.86231,
      12.67152
    ],
    [
      41.86285,
      12.67109
    ],
    [
      41.86309,
      12.6721
    ],
    [
      41.86402,
      12.67262
    ],
    [
      41.86456,
      12.66726
    ],
    [
      41.86456,
      12.66726
    ],
    [
      41.86456,
      12.66726
    ],
    [
      41.86456,
      12.66726
    ],
    [
      41.86456,
      12.66726
    ],
    [
      41.86456,
      12.66726
    ],
    [
      41.86456,
      12.66726
    ],
    [
      41.86456,
      12.66726
    ],
    [
      41.86456,
      12.66726
    ],
    [
      41.86456,
      12.66726
    ],
    [
      41.86456,
      12.66726
    ],
    [
      41.86456,
      12.66726
    ]
  ]
}