{
  "distance500": [
    [
      41.90761,
      12.50292
    ],
    [
      41.90748,
      12.50275
    ],
    [
      41.90738,
      12.50263
    ],
    [
      41.90729,
      12.5025
    ],
    [
      41.90719,
      12.50237
    ],
    [
      41.90713,
      12.50229
    ],
    [
      41.907,
      12.50212
    ],
    [
      41.9069,
      12.50199
    ],
    [
      41.90687,
      12.50195
    ],
    [
      41.90675,
      12.50179
    ],
    [
      41.90666,
      12.50166
    ],
    [
      41.90685,
      12.50045
    ],
    [
      41.90675,
      12.50057
    ],
    [
      41.90602,
      12.50042
    ],
    [
      41.90574,
      12.50041
    ],
    [
      41.90615,
      12.50276
    ],
    [
      41.90613,
      12.50279
    ],
    [
      41.90612,
      12.5028
    ],
    [
      41.90611,
      12.50281
    ],
    [
      41.90609,
      12.50284
    ],
    [
      41.90607,
      12.50285
    ],
    [
      41.90606,
      12.50287
    ],
    [
      41.90605,
      12.50289
    ],
    [
      41.90603,
      12.5029
    ],
    [
      41.90601,
      12.50293
    ],
    [
      41.90599,
      12.50295
    ],
    [
      41.90597,
      12.50298
    ],
    [
      41.90593,
      12.50303
    ],
    [
      41.90589,
      12.50308
    ],
    [
      41.90582,
      12.50317
    ],
    [
      41.90569,
      12.50333
    ],
    [
      41.90568,
      12.50334
    ],
    [
      41.9046,
      12.50503
    ],
    [
      41.9047,
      12.50516
    ],
    [
      41.90429,
      12.50636
    ],
    [
      41.9048,
      12.50609
    ],
    [
      41.90518,
      12.50591
    ],
    [
      41.90578,
      12.50563
    ],
    [
      41.90632,
      12.50536
    ],
    [
      41.90672,
      12.50517
    ],
    [
      41.90688,
      12.50498
    ],
    [
      41.90722,
      12.50482
    ],
    [
      41.90852,
      12.50607
    ],
    [
      41.90838,
      12.50557
    ],
    [
      41.90814,
      12.50471
    ],
    [
      41.9081,
      12.50421
    ],
    [
      41.90806,
      12.504
    ],
    [
      41.90814,
      12.5036
    ],
    [
      41.90793,
      12.50335
    ],
    [
      41.90774,
      12.50309
    ]
  ],
  "distance1000": [
    [
      41.90761,
      12.50292
    ],
    [
      41.90989,
      12.50228
    ],
    [
      41.90972,
      12.50163
    ],
    [
      41.90983,
      12.50111
    ],
    [
      41.9098,
      12.50093
    ],
    [
      41.90894,
      12.50078
    ],
    [
      41.90872,
      12.50043
    ],
    [
      41.91004,
      12.4983
    ],
    [
      41.90922,
      12.49846
    ],
    [
      41.90882,
      12.49721
    ],
    [
      41.90845,
      12.49692
    ],
    [
      41.90738,
      12.49855
    ],
    [
      41.90619,
      12.49624
    ],
    [
      41.90576,
      12.4962
    ],
    [
      41.9055,
      12.50009
    ],
    [
      41.90459,
      12.49884
    ],
    [
      41.90461,
      12.49954
    ],
    [
      41.90376,
      12.4995
    ],
    [
      41.90261,
      12.49934
    ],
    [
      41.90291,
      12.49986
    ],
    [
      41.9032,
      12.5012
    ],
    [
      41.90293,
      12.50157
    ],
    [
      41.90264,
      12.50196
    ],
    [
      41.90237,
      12.50234
    ],
    [
      41.90205,
      12.50286
    ],
    [
      41.9017,
      12.50341
    ],
    [
      41.9014,
      12.50389
    ],
    [
      41.90093,
      12.50466
    ],
    [
      41.90072,
      12.505
    ],
    [
      41.90175,
      12.50567
    ],
    [
      41.90185,
      12.5058
    ],
    [
      41.90015,
      12.50841
    ],
    [
      41.90117,
      12.50897
    ],
    [
      41.90288,
      12.50747
    ],
    [
      41.90251,
      12.50974
    ],
    [
      41.90363,
      12.50987
    ],
    [
      41.90382,
      12.51045
    ],
    [
      41.90644,
      12.50963
    ],
    [
      41.90683,
      12.50986
    ],
    [
      41.90729,
      12.50919
    ],
    [
      41.9101,
      12.5117
    ],
    [
      41.91,
      12.51134
    ],
    [
      41.90918,
      12.50832
    ],
    [
      41.90838,
      12.50557
    ],
    [
      41.90814,
      12.50471
    ],
    [
      41.90823,
      12.50429
    ],
    [
      41.90823,
      12.50407
    ],
    [
      41.90824,
      12.50371
    ],
    [
      41.90829,
      12.50342
    ],
    [
      41.90774,
      12.50309
    ]
  ],
  "distance1600": [
    [
      41.91358,
      12.5028
    ],
    [
      41.9138,
      12.50166
    ],
    [
      41.91359,
      12.50091
    ],
    [
      41.91337,
      12.5002
    ],
    [
      41.91305,
      12.49915
    ],
    [
      41.91281,
      12.49769
    ],
    [
      41.91355,
      12.49635
    ],
    [
      41.91167,
      12.49605
    ],
    [
      41.91106,
      12.49555
    ],
    [
      41.91099,
      12.49334
    ],
    [
      41.91046,
      12.49293
    ],
    [
      41.90895,
      12.49249
    ],
    [
      41.9063,
      12.49051
    ],
    [
      41.90555,
      12.49044
    ],
    [
      41.90386,
      12.49237
    ],
    [
      41.90344,
      12.49284
    ],
    [
      41.90209,
      12.49416
    ],
    [
      41.90118,
      12.49392
    ],
    [
      41.90094,
      12.49689
    ],
    [
      41.90029,
      12.49784
    ],
    [
      41.90012,
      12.49905
    ],
    [
      41.90016,
      12.49949
    ],
    [
      41.90264,
      12.50196
    ],
    [
      41.90237,
      12.50234
    ],
    [
      41.90205,
      12.50286
    ],
    [
      41.9017,
      12.50341
    ],
    [
      41.89715,
      12.5046
    ],
    [
      41.89689,
      12.5064
    ],
    [
      41.89827,
      12.50605
    ],
    [
      41.89894,
      12.50678
    ],
    [
      41.89831,
      12.50903
    ],
    [
      41.8973,
      12.51225
    ],
    [
      41.89874,
      12.51282
    ],
    [
      41.89871,
      12.51302
    ],
    [
      41.8999,
      12.51407
    ],
    [
      41.90142,
      12.5137
    ],
    [
      41.90269,
      12.51438
    ],
    [
      41.90477,
      12.51672
    ],
    [
      41.90761,
      12.51503
    ],
    [
      41.91007,
      12.51854
    ],
    [
      41.9102,
      12.51807
    ],
    [
      41.91166,
      12.513
    ],
    [
      41.91129,
      12.51216
    ],
    [
      41.91232,
      12.5109
    ],
    [
      41.91348,
      12.50951
    ],
    [
      41.9135,
      12.50766
    ],
    [
      41.91295,
      12.5067
    ],
    [
      41.91188,
      12.50512
    ],
    [
      41.91291,
      12.50416
    ],
    [
      41.91214,
      12.50297
    ]
  ]
}