{
  "distance500": [
    [
      41.909175,
      12.50495
    ],
    [
      41.909758,
      12.50195
    ],
    [
      41.90964,
      12.49995
    ],
    [
      41.908167,
      12.498457
    ],
    [
      41.905295,
      12.498822
    ],
    [
      41.905167,
      12.498246
    ],
    [
      41.905038,
      12.498821
    ],
    [
      41.903714,
      12.49895
    ],
    [
      41.90269,
      12.49995
    ],
    [
      41.902868,
      12.50295
    ],
    [
      41.902495,
      12.50595
    ],
    [
      41.902803,
      12.50695
    ],
    [
      41.906814,
      12.507597
    ],
    [
      41.90719,
      12.506973
    ],
    [
      41.906336,
      12.50678
    ],
    [
      41.906625,
      12.505408
    ],
    [
      41.907837,
      12.50528
    ],
    [
      41.90811,
      12.506007
    ],
    [
      41.909076,
      12.50595
    ],
    [
      41.909175,
      12.50495
    ]
  ],
  "distance1000": [
    [
      41.913421,
      12.50095
    ],
    [
      41.9136,
      12.49995
    ],
    [
      41.912335,
      12.49895
    ],
    [
      41.912854,
      12.49795
    ],
    [
      41.912476,
      12.49695
    ],
    [
      41.910016,
      12.49495
    ],
    [
      41.907167,
      12.493888
    ],
    [
      41.905167,
      12.494326
    ],
    [
      41.904167,
      12.493867
    ],
    [
      41.903167,
      12.494089
    ],
    [
      41.901167,
      12.495676
    ],
    [
      41.900167,
      12.495657
    ],
    [
      41.899316,
      12.50195
    ],
    [
      41.900784,
      12.502333
    ],
    [
      41.900947,
      12.50295
    ],
    [
      41.900167,
      12.503842
    ],
    [
      41.899167,
      12.503738
    ],
    [
      41.899086,
      12.50395
    ],
    [
      41.899966,
      12.50415
    ],
    [
      41.899985,
      12.505768
    ],
    [
      41.899326,
      12.50595
    ],
    [
      41.899855,
      12.50695
    ],
    [
      41.899434,
      12.507217
    ],
    [
      41.89943,
      12.508213
    ],
    [
      41.898353,
      12.50895
    ],
    [
      41.904167,
      12.512664
    ],
    [
      41.905167,
      12.511674
    ],
    [
      41.905528,
      12.510311
    ],
    [
      41.906167,
      12.510096
    ],
    [
      41.906859,
      12.510257
    ],
    [
      41.908167,
      12.512196
    ],
    [
      41.910167,
      12.512445
    ],
    [
      41.911921,
      12.50995
    ],
    [
      41.912,
      12.507783
    ],
    [
      41.91264,
      12.50695
    ],
    [
      41.912524,
      12.50495
    ],
    [
      41.912978,
      12.50395
    ],
    [
      41.912663,
      12.50295
    ],
    [
      41.913421,
      12.50095
    ]
  ],
  "distance1600": [
    [
      41.917493,
      12.50195
    ],
    [
      41.917336,
      12.49995
    ],
    [
      41.918107,
      12.49695
    ],
    [
      41.916735,
      12.495382
    ],
    [
      41.916167,
      12.493101
    ],
    [
      41.915167,
      12.493155
    ],
    [
      41.914167,
      12.491524
    ],
    [
      41.911167,
      12.49078
    ],
    [
      41.910167,
      12.488897
    ],
    [
      41.906323,
      12.487794
    ],
    [
      41.903167,
      12.488063
    ],
    [
      41.898167,
      12.489935
    ],
    [
      41.897564,
      12.491347
    ],
    [
      41.896167,
      12.492025
    ],
    [
      41.895634,
      12.49295
    ],
    [
      41.895687,
      12.49795
    ],
    [
      41.895065,
      12.49995
    ],
    [
      41.895507,
      12.50095
    ],
    [
      41.895497,
      12.50795
    ],
    [
      41.894595,
      12.508378
    ],
    [
      41.894054,
      12.50995
    ],
    [
      41.894167,
      12.510368
    ],
    [
      41.89549,
      12.510627
    ],
    [
      41.8955,
      12.511283
    ],
    [
      41.894704,
      12.51195
    ],
    [
      41.895012,
      12.512104
    ],
    [
      41.895167,
      12.513716
    ],
    [
      41.896521,
      12.514596
    ],
    [
      41.900773,
      12.516344
    ],
    [
      41.903674,
      12.518442
    ],
    [
      41.907167,
      12.518686
    ],
    [
      41.908167,
      12.517841
    ],
    [
      41.910167,
      12.519096
    ],
    [
      41.912424,
      12.518207
    ],
    [
      41.914411,
      12.516194
    ],
    [
      41.913827,
      12.51395
    ],
    [
      41.915357,
      12.51314
    ],
    [
      41.916401,
      12.511184
    ],
    [
      41.916023,
      12.50895
    ],
    [
      41.916643,
      12.50795
    ],
    [
      41.917004,
      12.502787
    ],
    [
      41.917493,
      12.50195
    ]
  ]
}