{
  "distance500": [
    [
      41.8981,
      12.49019
    ],
    [
      41.89606,
      12.49032
    ],
    [
      41.89605,
      12.49026
    ],
    [
      41.89491,
      12.49056
    ],
    [
      41.89491,
      12.49056
    ],
    [
      41.89491,
      12.49056
    ],
    [
      41.89491,
      12.49056
    ],
    [
      41.89491,
      12.49056
    ],
    [
      41.89491,
      12.49056
    ],
    [
      41.89491,
      12.49056
    ],
    [
      41.89491,
      12.49056
    ],
    [
      41.89491,
      12.49056
    ],
    [
      41.89491,
      12.49056
    ],
    [
      41.89491,
      12.49056
    ],
    [
      41.89491,
      12.49056
    ],
    [
      41.89491,
      12.49056
    ],
    [
      41.89491,
      12.49056
    ],
    [
      41.89332,
      12.48783
    ],
    [
      41.89323,
      12.48878
    ],
    [
      41.89298,
      12.48905
    ],
    [
      41.89294,
      12.48913
    ],
    [
      41.89269,
      12.48963
    ],
    [
      41.89254,
      12.48994
    ],
    [
      41.89243,
      12.4902
    ],
    [
      41.89243,
      12.49026
    ],
    [
      41.89398,
      12.49058
    ],
    [
      41.894,
      12.49069
    ],
    [
      41.89142,
      12.49185
    ],
    [
      41.89147,
      12.49219
    ],
    [
      41.89135,
      12.49281
    ],
    [
      41.89125,
      12.49312
    ],
    [
      41.89417,
      12.49132
    ],
    [
      41.89421,
      12.49149
    ],
    [
      41.89423,
      12.49154
    ],
    [
      41.8943,
      12.49183
    ],
    [
      41.89436,
      12.49206
    ],
    [
      41.89439,
      12.49216
    ],
    [
      41.89505,
      12.49554
    ],
    [
      41.89535,
      12.49392
    ],
    [
      41.89579,
      12.49438
    ],
    [
      41.89608,
      12.49468
    ],
    [
      41.89694,
      12.49468
    ],
    [
      41.89602,
      12.4925
    ],
    [
      41.89678,
      12.49276
    ],
    [
      41.89667,
      12.49218
    ],
    [
      41.89659,
      12.49178
    ],
    [
      41.89652,
      12.49143
    ],
    [
      41.89648,
      12.49119
    ],
    [
      41.89643,
      12.4909
    ],
    [
      41.89799,
      12.49063
    ]
  ],
  "distance1000": [
    [
      41.89883,
      12.49032
    ],
    [
      41.8994,
      12.48961
    ],
    [
      41.90042,
      12.48853
    ],
    [
      41.90132,
      12.48735
    ],
    [
      41.89903,
      12.48807
    ],
    [
      41.8988,
      12.48755
    ],
    [
      41.89863,
      12.48677
    ],
    [
      41.89843,
      12.48677
    ],
    [
      41.89756,
      12.48687
    ],
    [
      41.89661,
      12.487
    ],
    [
      41.89633,
      12.48657
    ],
    [
      41.89625,
      12.48598
    ],
    [
      41.89491,
      12.49056
    ],
    [
      41.89491,
      12.49056
    ],
    [
      41.89491,
      12.49056
    ],
    [
      41.89491,
      12.49056
    ],
    [
      41.89491,
      12.49056
    ],
    [
      41.89332,
      12.48783
    ],
    [
      41.89323,
      12.48878
    ],
    [
      41.89298,
      12.48905
    ],
    [
      41.89294,
      12.48913
    ],
    [
      41.89269,
      12.48963
    ],
    [
      41.89254,
      12.48994
    ],
    [
      41.89243,
      12.4902
    ],
    [
      41.89203,
      12.49055
    ],
    [
      41.88904,
      12.49094
    ],
    [
      41.88927,
      12.49187
    ],
    [
      41.88927,
      12.49216
    ],
    [
      41.88932,
      12.4933
    ],
    [
      41.88941,
      12.4935
    ],
    [
      41.89005,
      12.49392
    ],
    [
      41.89052,
      12.49488
    ],
    [
      41.89031,
      12.49594
    ],
    [
      41.88995,
      12.49779
    ],
    [
      41.88978,
      12.49873
    ],
    [
      41.89269,
      12.49613
    ],
    [
      41.89321,
      12.49691
    ],
    [
      41.89491,
      12.50157
    ],
    [
      41.89586,
      12.50035
    ],
    [
      41.897,
      12.49988
    ],
    [
      41.89718,
      12.49957
    ],
    [
      41.89868,
      12.4989
    ],
    [
      41.89995,
      12.49887
    ],
    [
      41.89943,
      12.49525
    ],
    [
      41.89993,
      12.49524
    ],
    [
      41.90005,
      12.49413
    ],
    [
      41.90123,
      12.49399
    ],
    [
      41.90024,
      12.49249
    ],
    [
      41.89993,
      12.49136
    ],
    [
      41.89947,
      12.49093
    ]
  ],
  "distance1600": [
    [
      41.90415,
      12.49034
    ],
    [
      41.90462,
      12.48833
    ],
    [
      41.9039,
      12.48818
    ],
    [
      41.90312,
      12.48673
    ],
    [
      41.90404,
      12.48567
    ],
    [
      41.90385,
      12.48438
    ],
    [
      41.90263,
      12.48258
    ],
    [
      41.90182,
      12.48144
    ],
    [
      41.9002,
      12.48255
    ],
    [
      41.89997,
      12.48168
    ],
    [
      41.89834,
      12.48151
    ],
    [
      41.89739,
      12.4819
    ],
    [
      41.8962,
      12.48001
    ],
    [
      41.89461,
      12.48709
    ],
    [
      41.89432,
      12.48726
    ],
    [
      41.89392,
      12.48754
    ],
    [
      41.89374,
      12.48795
    ],
    [
      41.89332,
      12.48783
    ],
    [
      41.89323,
      12.48878
    ],
    [
      41.89298,
      12.48905
    ],
    [
      41.89294,
      12.48913
    ],
    [
      41.89269,
      12.48963
    ],
    [
      41.88568,
      12.48777
    ],
    [
      41.88409,
      12.48853
    ],
    [
      41.88407,
      12.48921
    ],
    [
      41.88902,
      12.4909
    ],
    [
      41.88927,
      12.49187
    ],
    [
      41.88927,
      12.49216
    ],
    [
      41.88906,
      12.49314
    ],
    [
      41.8865,
      12.49563
    ],
    [
      41.88704,
      12.49581
    ],
    [
      41.88727,
      12.49745
    ],
    [
      41.88826,
      12.49779
    ],
    [
      41.88795,
      12.50125
    ],
    [
      41.88845,
      12.50394
    ],
    [
      41.88974,
      12.50466
    ],
    [
      41.89017,
      12.50563
    ],
    [
      41.8929,
      12.50728
    ],
    [
      41.89596,
      12.50334
    ],
    [
      41.89689,
      12.5017
    ],
    [
      41.899,
      12.5029
    ],
    [
      41.89982,
      12.50009
    ],
    [
      41.90301,
      12.50166
    ],
    [
      41.90376,
      12.5016
    ],
    [
      41.90236,
      12.49755
    ],
    [
      41.90358,
      12.496
    ],
    [
      41.90422,
      12.49447
    ],
    [
      41.90417,
      12.49391
    ],
    [
      41.90415,
      12.49202
    ],
    [
      41.9037,
      12.4908
    ]
  ]
}