{
  "distance500": [
    [
      41.898896,
      12.491588
    ],
    [
      41.899302,
      12.489588
    ],
    [
      41.899133,
      12.488285
    ],
    [
      41.89783,
      12.486788
    ],
    [
      41.89687,
      12.486548
    ],
    [
      41.896566,
      12.485852
    ],
    [
      41.89483,
      12.485381
    ],
    [
      41.892231,
      12.486989
    ],
    [
      41.89183,
      12.487838
    ],
    [
      41.891802,
      12.489588
    ],
    [
      41.890691,
      12.492727
    ],
    [
      41.89083,
      12.493635
    ],
    [
      41.89183,
      12.493555
    ],
    [
      41.89483,
      12.495896
    ],
    [
      41.896872,
      12.495629
    ],
    [
      41.897822,
      12.494588
    ],
    [
      41.89783,
      12.492446
    ],
    [
      41.898896,
      12.491588
    ]
  ],
  "distance1000": [
    [
      41.902203,
      12.494588
    ],
    [
      41.902374,
      12.493588
    ],
    [
      41.901936,
      12.492588
    ],
    [
      41.902393,
      12.489588
    ],
    [
      41.901181,
      12.489237
    ],
    [
      41.901043,
      12.488588
    ],
    [
      41.901173,
      12.487931
    ],
    [
      41.902387,
      12.487588
    ],
    [
      41.902541,
      12.486588
    ],
    [
      41.90183,
      12.48573
    ],
    [
      41.901609,
      12.487366
    ],
    [
      41.900318,
      12.4871
    ],
    [
      41.900121,
      12.485878
    ],
    [
      41.900674,
      12.485588
    ],
    [
      41.900889,
      12.484588
    ],
    [
      41.89683,
      12.480376
    ],
    [
      41.89483,
      12.480588
    ],
    [
      41.89383,
      12.482803
    ],
    [
      41.89283,
      12.483008
    ],
    [
      41.89183,
      12.482361
    ],
    [
      41.89104,
      12.482797
    ],
    [
      41.889651,
      12.484408
    ],
    [
      41.89018,
      12.485588
    ],
    [
      41.88983,
      12.486999
    ],
    [
      41.889233,
      12.487588
    ],
    [
      41.889239,
      12.488588
    ],
    [
      41.887129,
      12.489588
    ],
    [
      41.887123,
      12.490588
    ],
    [
      41.888629,
      12.491789
    ],
    [
      41.888497,
      12.493255
    ],
    [
      41.887633,
      12.494588
    ],
    [
      41.88883,
      12.498008
    ],
    [
      41.89083,
      12.499341
    ],
    [
      41.89383,
      12.499312
    ],
    [
      41.89389,
      12.500588
    ],
    [
      41.89483,
      12.501603
    ],
    [
      41.90083,
      12.499616
    ],
    [
      41.901234,
      12.495991
    ],
    [
      41.902203,
      12.494588
    ]
  ],
  "distance1600": [
    [
      41.907325,
      12.486588
    ],
    [
      41.906348,
      12.484588
    ],
    [
      41.90683,
      12.482788
    ],
    [
      41.906196,
      12.481588
    ],
    [
      41.90483,
      12.480628
    ],
    [
      41.90383,
      12.480635
    ],
    [
      41.90283,
      12.479051
    ],
    [
      41.901514,
      12.478904
    ],
    [
      41.900234,
      12.477184
    ],
    [
      41.89883,
      12.476623
    ],
    [
      41.89854,
      12.475588
    ],
    [
      41.89683,
      12.473201
    ],
    [
      41.89083,
      12.476408
    ],
    [
      41.88983,
      12.478751
    ],
    [
      41.88883,
      12.478041
    ],
    [
      41.888171,
      12.479928
    ],
    [
      41.88683,
      12.480762
    ],
    [
      41.886602,
      12.48236
    ],
    [
      41.885819,
      12.482588
    ],
    [
      41.88598,
      12.485737
    ],
    [
      41.88283,
      12.486588
    ],
    [
      41.882718,
      12.489476
    ],
    [
      41.882334,
      12.489588
    ],
    [
      41.882164,
      12.490588
    ],
    [
      41.883006,
      12.492412
    ],
    [
      41.88583,
      12.491449
    ],
    [
      41.885837,
      12.492581
    ],
    [
      41.887974,
      12.492588
    ],
    [
      41.887707,
      12.493711
    ],
    [
      41.88583,
      12.492599
    ],
    [
      41.885401,
      12.494588
    ],
    [
      41.884296,
      12.496054
    ],
    [
      41.883122,
      12.496588
    ],
    [
      41.88583,
      12.49849
    ],
    [
      41.887061,
      12.498588
    ],
    [
      41.886994,
      12.500752
    ],
    [
      41.886249,
      12.502588
    ],
    [
      41.88683,
      12.504602
    ],
    [
      41.88883,
      12.504926
    ],
    [
      41.88983,
      12.505828
    ],
    [
      41.892668,
      12.50675
    ],
    [
      41.894794,
      12.506551
    ],
    [
      41.89883,
      12.505482
    ],
    [
      41.89983,
      12.504773
    ],
    [
      41.901979,
      12.504737
    ],
    [
      41.903211,
      12.503969
    ],
    [
      41.903662,
      12.50142
    ],
    [
      41.904752,
      12.500588
    ],
    [
      41.904674,
      12.499431
    ],
    [
      41.905992,
      12.49875
    ],
    [
      41.904972,
      12.498446
    ],
    [
      41.904997,
      12.497588
    ],
    [
      41.905132,
      12.49689
    ],
    [
      41.906123,
      12.496588
    ],
    [
      41.906158,
      12.495588
    ],
    [
      41.905585,
      12.494588
    ],
    [
      41.906285,
      12.493588
    ],
    [
      41.906056,
      12.489588
    ],
    [
      41.90649,
      12.487588
    ],
    [
      41.907325,
      12.486588
    ]
  ]
}