{
  "distance500": [
    [
      41.84955,
      12.57124
    ],
    [
      41.84955,
      12.57124
    ],
    [
      41.84955,
      12.57124
    ],
    [
      41.84955,
      12.57124
    ],
    [
      41.84955,
      12.57124
    ],
    [
      41.84955,
      12.57124
    ],
    [
      41.84955,
      12.57124
    ],
    [
      41.84955,
      12.57124
    ],
    [
      41.84955,
      12.57124
    ],
    [
      41.84955,
      12.57124
    ],
    [
      41.84955,
      12.57124
    ],
    [
      41.84955,
      12.57124
    ],
    [
      41.84955,
      12.57124
    ],
    [
      41.84955,
      12.57124
    ],
    [
      41.84955,
      12.57124
    ],
    [
      41.84955,
      12.57124
    ],
    [
      41.84955,
      12.57124
    ],
    [
      41.84955,
      12.57124
    ],
    [
      41.84955,
      12.57124
    ],
    [
      41.84955,
      12.57124
    ],
    [
      41.84955,
      12.57124
    ],
    [
      41.84955,
      12.57124
    ],
    [
      41.84854,
      12.5709
    ],
    [
      41.84864,
      12.57102
    ],
    [
      41.84874,
      12.57114
    ],
    [
      41.84884,
      12.57126
    ],
    [
      41.84891,
      12.57134
    ],
    [
      41.84897,
      12.57142
    ],
    [
      41.84901,
      12.57146
    ],
    [
      41.84904,
      12.57151
    ],
    [
      41.84908,
      12.57155
    ],
    [
      41.84914,
      12.57163
    ],
    [
      41.84918,
      12.57167
    ],
    [
      41.84921,
      12.57171
    ],
    [
      41.84928,
      12.57179
    ],
    [
      41.84931,
      12.57183
    ],
    [
      41.84855,
      12.57504
    ],
    [
      41.84866,
      12.57515
    ],
    [
      41.84966,
      12.57322
    ],
    [
      41.84983,
      12.57303
    ],
    [
      41.85,
      12.57297
    ],
    [
      41.85014,
      12.57246
    ],
    [
      41.85021,
      12.57238
    ],
    [
      41.85034,
      12.57222
    ],
    [
      41.85042,
      12.57206
    ],
    [
      41.8504,
      12.57185
    ],
    [
      41.85016,
      12.57158
    ],
    [
      41.85002,
      12.57143
    ],
    [
      41.84992,
      12.57131
    ],
    [
      41.84988,
      12.57127
    ]
  ],
  "distance1000": [
    [
      41.84955,
      12.57124
    ],
    [
      41.84955,
      12.57124
    ],
    [
      41.84955,
      12.57124
    ],
    [
      41.84955,
      12.57124
    ],
    [
      41.84955,
      12.57124
    ],
    [
      41.84955,
      12.57124
    ],
    [
      41.84955,
      12.57124
    ],
    [
      41.84955,
      12.57124
    ],
    [
      41.84955,
      12.57124
    ],
    [
      41.84955,
      12.57124
    ],
    [
      41.84955,
      12.57124
    ],
    [
      41.84955,
      12.57124
    ],
    [
      41.84955,
      12.57124
    ],
    [
      41.84955,
      12.57124
    ],
    [
      41.84955,
      12.57124
    ],
    [
      41.84955,
      12.57124
    ],
    [
      41.84955,
      12.57124
    ],
    [
      41.84955,
      12.57124
    ],
    [
      41.84955,
      12.57124
    ],
    [
      41.84955,
      12.57124
    ],
    [
      41.84955,
      12.57124
    ],
    [
      41.84955,
      12.57124
    ],
    [
      41.84854,
      12.5709
    ],
    [
      41.84864,
      12.57102
    ],
    [
      41.84874,
      12.57114
    ],
    [
      41.84884,
      12.57126
    ],
    [
      41.84519,
      12.57191
    ],
    [
      41.84533,
      12.57234
    ],
    [
      41.84563,
      12.57323
    ],
    [
      41.84477,
      12.57407
    ],
    [
      41.8441,
      12.57494
    ],
    [
      41.84498,
      12.57494
    ],
    [
      41.84631,
      12.57491
    ],
    [
      41.84697,
      12.5749
    ],
    [
      41.84567,
      12.57966
    ],
    [
      41.8465,
      12.57948
    ],
    [
      41.84774,
      12.57656
    ],
    [
      41.84853,
      12.57538
    ],
    [
      41.84966,
      12.57322
    ],
    [
      41.84983,
      12.57303
    ],
    [
      41.85,
      12.57297
    ],
    [
      41.85014,
      12.57246
    ],
    [
      41.85021,
      12.57238
    ],
    [
      41.85034,
      12.57222
    ],
    [
      41.85042,
      12.57206
    ],
    [
      41.8504,
      12.57185
    ],
    [
      41.85016,
      12.57158
    ],
    [
      41.85002,
      12.57143
    ],
    [
      41.84992,
      12.57131
    ],
    [
      41.84988,
      12.57127
    ]
  ],
  "distance1600": [
    [
      41.84955,
      12.57124
    ],
    [
      41.84955,
      12.57124
    ],
    [
      41.84955,
      12.57124
    ],
    [
      41.84955,
      12.57124
    ],
    [
      41.84955,
      12.57124
    ],
    [
      41.84955,
      12.57124
    ],
    [
      41.84955,
      12.57124
    ],
    [
      41.84955,
      12.57124
    ],
    [
      41.84955,
      12.57124
    ],
    [
      41.84955,
      12.57124
    ],
    [
      41.84955,
      12.57124
    ],
    [
      41.84955,
      12.57124
    ],
    [
      41.84955,
      12.57124
    ],
    [
      41.84955,
      12.57124
    ],
    [
      41.84955,
      12.57124
    ],
    [
      41.84955,
      12.57124
    ],
    [
      41.84955,
      12.57124
    ],
    [
      41.84955,
      12.57124
    ],
    [
      41.84955,
      12.57124
    ],
    [
      41.84955,
      12.57124
    ],
    [
      41.84378,
      12.56716
    ],
    [
      41.84389,
      12.56804
    ],
    [
      41.84424,
      12.56909
    ],
    [
      41.84454,
      12.56999
    ],
    [
      41.84476,
      12.57063
    ],
    [
      41.84498,
      12.57128
    ],
    [
      41.84517,
      12.57185
    ],
    [
      41.83869,
      12.57491
    ],
    [
      41.84035,
      12.57491
    ],
    [
      41.84184,
      12.57614
    ],
    [
      41.84216,
      12.57701
    ],
    [
      41.84225,
      12.57724
    ],
    [
      41.84631,
      12.57491
    ],
    [
      41.84697,
      12.5749
    ],
    [
      41.84212,
      12.58509
    ],
    [
      41.84641,
      12.57936
    ],
    [
      41.84705,
      12.58013
    ],
    [
      41.84638,
      12.58438
    ],
    [
      41.8501,
      12.57834
    ],
    [
      41.84994,
      12.57362
    ],
    [
      41.85009,
      12.5734
    ],
    [
      41.85014,
      12.57246
    ],
    [
      41.85021,
      12.57238
    ],
    [
      41.85034,
      12.57222
    ],
    [
      41.85042,
      12.57206
    ],
    [
      41.8504,
      12.57185
    ],
    [
      41.85016,
      12.57158
    ],
    [
      41.85002,
      12.57143
    ],
    [
      41.84992,
      12.57131
    ],
    [
      41.84988,
      12.57127
    ]
  ]
}