{
  "distance500": [
    [
      41.88542,
      12.48499
    ],
    [
      41.8857,
      12.48452
    ],
    [
      41.88589,
      12.48415
    ],
    [
      41.88613,
      12.48366
    ],
    [
      41.88646,
      12.48321
    ],
    [
      41.88673,
      12.48286
    ],
    [
      41.8834,
      12.48501
    ],
    [
      41.88338,
      12.48501
    ],
    [
      41.88497,
      12.48258
    ],
    [
      41.88477,
      12.48268
    ],
    [
      41.88423,
      12.48286
    ],
    [
      41.884,
      12.48299
    ],
    [
      41.88347,
      12.48083
    ],
    [
      41.88313,
      12.48184
    ],
    [
      41.88248,
      12.48179
    ],
    [
      41.88216,
      12.48222
    ],
    [
      41.88198,
      12.48246
    ],
    [
      41.88182,
      12.4827
    ],
    [
      41.88208,
      12.48389
    ],
    [
      41.88001,
      12.48262
    ],
    [
      41.88011,
      12.48301
    ],
    [
      41.87961,
      12.48302
    ],
    [
      41.88065,
      12.48435
    ],
    [
      41.88013,
      12.48464
    ],
    [
      41.87952,
      12.48492
    ],
    [
      41.8811,
      12.48512
    ],
    [
      41.8813,
      12.48537
    ],
    [
      41.88259,
      12.48532
    ],
    [
      41.88262,
      12.48536
    ],
    [
      41.88269,
      12.48545
    ],
    [
      41.88272,
      12.48549
    ],
    [
      41.88278,
      12.48557
    ],
    [
      41.88284,
      12.48566
    ],
    [
      41.88288,
      12.4857
    ],
    [
      41.88294,
      12.48578
    ],
    [
      41.88301,
      12.48586
    ],
    [
      41.88307,
      12.48595
    ],
    [
      41.88333,
      12.48628
    ],
    [
      41.88349,
      12.48649
    ],
    [
      41.88378,
      12.48759
    ],
    [
      41.88393,
      12.48734
    ],
    [
      41.88416,
      12.48695
    ],
    [
      41.88425,
      12.48681
    ],
    [
      41.88441,
      12.48653
    ],
    [
      41.88458,
      12.48624
    ],
    [
      41.88467,
      12.4861
    ],
    [
      41.88486,
      12.48577
    ],
    [
      41.88498,
      12.48558
    ],
    [
      41.88506,
      12.48536
    ],
    [
      41.8852,
      12.48512
    ]
  ],
  "distance1000": [
    [
      41.88542,
      12.48499
    ],
    [
      41.8857,
      12.48452
    ],
    [
      41.88589,
      12.48415
    ],
    [
      41.8904,
      12.48201
    ],
    [
      41.8906,
      12.48071
    ],
    [
      41.89038,
      12.47965
    ],
    [
      41.88909,
      12.47923
    ],
    [
      41.88912,
      12.47866
    ],
    [
      41.88497,
      12.48258
    ],
    [
      41.88466,
      12.48273
    ],
    [
      41.88423,
      12.48286
    ],
    [
      41.88468,
      12.48072
    ],
    [
      41.88322,
      12.47735
    ],
    [
      41.88275,
      12.47794
    ],
    [
      41.88196,
      12.47897
    ],
    [
      41.88021,
      12.47815
    ],
    [
      41.87975,
      12.47845
    ],
    [
      41.87794,
      12.47726
    ],
    [
      41.87761,
      12.47899
    ],
    [
      41.87766,
      12.4801
    ],
    [
      41.87585,
      12.48071
    ],
    [
      41.87628,
      12.48109
    ],
    [
      41.87811,
      12.4837
    ],
    [
      41.87763,
      12.48423
    ],
    [
      41.87696,
      12.48487
    ],
    [
      41.87699,
      12.48587
    ],
    [
      41.87705,
      12.48601
    ],
    [
      41.87754,
      12.48714
    ],
    [
      41.87741,
      12.4876
    ],
    [
      41.87783,
      12.4885
    ],
    [
      41.8775,
      12.489
    ],
    [
      41.88135,
      12.48669
    ],
    [
      41.88196,
      12.48654
    ],
    [
      41.88227,
      12.48662
    ],
    [
      41.88246,
      12.48687
    ],
    [
      41.88259,
      12.48704
    ],
    [
      41.88192,
      12.49019
    ],
    [
      41.88251,
      12.49184
    ],
    [
      41.88377,
      12.48967
    ],
    [
      41.88409,
      12.48918
    ],
    [
      41.88504,
      12.48943
    ],
    [
      41.88546,
      12.48968
    ],
    [
      41.88673,
      12.49019
    ],
    [
      41.88441,
      12.48653
    ],
    [
      41.88458,
      12.48624
    ],
    [
      41.88467,
      12.4861
    ],
    [
      41.88486,
      12.48577
    ],
    [
      41.88498,
      12.48558
    ],
    [
      41.88506,
      12.48536
    ],
    [
      41.8852,
      12.48512
    ]
  ],
  "distance1600": [
    [
      41.89174,
      12.48429
    ],
    [
      41.89544,
      12.4824
    ],
    [
      41.89527,
      12.48162
    ],
    [
      41.89296,
      12.48101
    ],
    [
      41.89198,
      12.48029
    ],
    [
      41.89201,
      12.47852
    ],
    [
      41.89218,
      12.47647
    ],
    [
      41.89174,
      12.47388
    ],
    [
      41.89179,
      12.47324
    ],
    [
      41.88947,
      12.4742
    ],
    [
      41.88773,
      12.47471
    ],
    [
      41.88627,
      12.47574
    ],
    [
      41.88285,
      12.47576
    ],
    [
      41.8823,
      12.47495
    ],
    [
      41.8807,
      12.47279
    ],
    [
      41.87879,
      12.47271
    ],
    [
      41.87762,
      12.47303
    ],
    [
      41.87596,
      12.47379
    ],
    [
      41.87499,
      12.47447
    ],
    [
      41.87417,
      12.47702
    ],
    [
      41.87506,
      12.48029
    ],
    [
      41.87051,
      12.47973
    ],
    [
      41.87228,
      12.48062
    ],
    [
      41.87198,
      12.48218
    ],
    [
      41.87529,
      12.48479
    ],
    [
      41.87428,
      12.48545
    ],
    [
      41.8739,
      12.48726
    ],
    [
      41.87362,
      12.48777
    ],
    [
      41.87377,
      12.48973
    ],
    [
      41.87309,
      12.49115
    ],
    [
      41.87362,
      12.49268
    ],
    [
      41.87718,
      12.49068
    ],
    [
      41.87576,
      12.49426
    ],
    [
      41.87976,
      12.49017
    ],
    [
      41.87827,
      12.49539
    ],
    [
      41.87885,
      12.49703
    ],
    [
      41.87938,
      12.49682
    ],
    [
      41.88065,
      12.49685
    ],
    [
      41.88371,
      12.49031
    ],
    [
      41.88409,
      12.48918
    ],
    [
      41.88504,
      12.48943
    ],
    [
      41.88839,
      12.49437
    ],
    [
      41.89011,
      12.49425
    ],
    [
      41.89019,
      12.49421
    ],
    [
      41.88458,
      12.48624
    ],
    [
      41.88467,
      12.4861
    ],
    [
      41.88486,
      12.48577
    ],
    [
      41.88498,
      12.48558
    ],
    [
      41.88506,
      12.48536
    ],
    [
      41.8852,
      12.48512
    ]
  ]
}