{
  "distance500": [
    [
      42.30126,
      12.524705
    ],
    [
      42.300801,
      12.523705
    ],
    [
      42.300557,
      12.524545
    ],
    [
      42.299717,
      12.524579
    ],
    [
      42.297939,
      12.522483
    ],
    [
      42.297334,
      12.522705
    ],
    [
      42.297349,
      12.523705
    ],
    [
      42.298199,
      12.524224
    ],
    [
      42.298717,
      12.526161
    ],
    [
      42.30052,
      12.525705
    ],
    [
      42.30126,
      12.524705
    ]
  ],
  "distance1000": [
    [
      42.30481,
      12.523705
    ],
    [
      42.305215,
      12.522705
    ],
    [
      42.302193,
      12.522229
    ],
    [
      42.302087,
      12.521075
    ],
    [
      42.302819,
      12.520807
    ],
    [
      42.302936,
      12.519924
    ],
    [
      42.304059,
      12.519705
    ],
    [
      42.301852,
      12.519571
    ],
    [
      42.301717,
      12.51849
    ],
    [
      42.301446,
      12.520434
    ],
    [
      42.300615,
      12.520705
    ],
    [
      42.301395,
      12.521027
    ],
    [
      42.301179,
      12.523167
    ],
    [
      42.299717,
      12.524313
    ],
    [
      42.298051,
      12.522372
    ],
    [
      42.297291,
      12.522279
    ],
    [
      42.296911,
      12.523705
    ],
    [
      42.298261,
      12.524705
    ],
    [
      42.298202,
      12.52619
    ],
    [
      42.296835,
      12.526588
    ],
    [
      42.296717,
      12.526037
    ],
    [
      42.296621,
      12.526609
    ],
    [
      42.296199,
      12.526705
    ],
    [
      42.296717,
      12.527797
    ],
    [
      42.296839,
      12.526827
    ],
    [
      42.298717,
      12.526891
    ],
    [
      42.299717,
      12.526117
    ],
    [
      42.301717,
      12.527851
    ],
    [
      42.303333,
      12.527705
    ],
    [
      42.302016,
      12.527407
    ],
    [
      42.301864,
      12.526558
    ],
    [
      42.301028,
      12.525705
    ],
    [
      42.302877,
      12.523865
    ],
    [
      42.303083,
      12.523071
    ],
    [
      42.304583,
      12.522839
    ],
    [
      42.30481,
      12.523705
    ]
  ],
  "distance1600": [
    [
      42.308818,
      12.523705
    ],
    [
      42.308717,
      12.522187
    ],
    [
      42.30851,
      12.523498
    ],
    [
      42.307608,
      12.523596
    ],
    [
      42.307324,
      12.524312
    ],
    [
      42.306717,
      12.524454
    ],
    [
      42.306039,
      12.523705
    ],
    [
      42.306232,
      12.52122
    ],
    [
      42.308717,
      12.521067
    ],
    [
      42.308717,
      12.520676
    ],
    [
      42.307119,
      12.520303
    ],
    [
      42.306935,
      12.519705
    ],
    [
      42.306935,
      12.516923
    ],
    [
      42.307755,
      12.516743
    ],
    [
      42.307717,
      12.515628
    ],
    [
      42.307603,
      12.516591
    ],
    [
      42.306648,
      12.516636
    ],
    [
      42.306307,
      12.518295
    ],
    [
      42.305191,
      12.518231
    ],
    [
      42.304812,
      12.516611
    ],
    [
      42.303681,
      12.516669
    ],
    [
      42.304439,
      12.516983
    ],
    [
      42.304471,
      12.518705
    ],
    [
      42.303717,
      12.519315
    ],
    [
      42.302717,
      12.519284
    ],
    [
      42.302099,
      12.518705
    ],
    [
      42.30195,
      12.517473
    ],
    [
      42.301016,
      12.516705
    ],
    [
      42.300908,
      12.514705
    ],
    [
      42.300075,
      12.514347
    ],
    [
      42.299746,
      12.512677
    ],
    [
      42.298706,
      12.512694
    ],
    [
      42.299624,
      12.512798
    ],
    [
      42.299526,
      12.514705
    ],
    [
      42.300299,
      12.515124
    ],
    [
      42.300415,
      12.518008
    ],
    [
      42.301151,
      12.518271
    ],
    [
      42.301315,
      12.519705
    ],
    [
      42.300717,
      12.520325
    ],
    [
      42.300276,
      12.520146
    ],
    [
      42.299993,
      12.51843
    ],
    [
      42.298089,
      12.518334
    ],
    [
      42.297717,
      12.516081
    ],
    [
      42.297448,
      12.518974
    ],
    [
      42.297717,
      12.519581
    ],
    [
      42.298042,
      12.51903
    ],
    [
      42.2992,
      12.519223
    ],
    [
      42.299503,
      12.52092
    ],
    [
      42.301092,
      12.521331
    ],
    [
      42.301218,
      12.522705
    ],
    [
      42.300023,
      12.524011
    ],
    [
      42.299439,
      12.523984
    ],
    [
      42.298127,
      12.522295
    ],
    [
      42.296894,
      12.521705
    ],
    [
      42.296813,
      12.519801
    ],
    [
      42.297334,
      12.519705
    ],
    [
      42.296669,
      12.519705
    ],
    [
      42.296354,
      12.525705
    ],
    [
      42.295365,
      12.526705
    ],
    [
      42.295537,
      12.530705
    ],
    [
      42.296517,
      12.531705
    ],
    [
      42.296717,
      12.534406
    ],
    [
      42.297222,
      12.53021
    ],
    [
      42.299454,
      12.529969
    ],
    [
      42.299717,
      12.530766
    ],
    [
      42.299937,
      12.529925
    ],
    [
      42.300751,
      12.529705
    ],
    [
      42.298189,
      12.529234
    ],
    [
      42.297275,
      12.528147
    ],
    [
      42.29732,
      12.527308
    ],
    [
      42.298717,
      12.527158
    ],
    [
      42.299717,
      12.52627
    ],
    [
      42.301427,
      12.527995
    ],
    [
      42.303141,
      12.528282
    ],
    [
      42.303717,
      12.529034
    ],
    [
      42.304046,
      12.528705
    ],
    [
      42.303953,
      12.52747
    ],
    [
      42.302343,
      12.52708
    ],
    [
      42.30123,
      12.525705
    ],
    [
      42.303353,
      12.523341
    ],
    [
      42.304113,
      12.52331
    ],
    [
      42.305717,
      12.525014
    ],
    [
      42.307951,
      12.524939
    ],
    [
      42.308449,
      12.524705
    ],
    [
      42.308818,
      12.523705
    ]
  ]
}