{
  "distance500": [
    [
      41.87092,
      12.52673
    ],
    [
      41.87084,
      12.52659
    ],
    [
      41.87078,
      12.52649
    ],
    [
      41.87073,
      12.5264
    ],
    [
      41.87066,
      12.52626
    ],
    [
      41.87061,
      12.52616
    ],
    [
      41.87056,
      12.52606
    ],
    [
      41.87052,
      12.52595
    ],
    [
      41.87048,
      12.52584
    ],
    [
      41.8704,
      12.52557
    ],
    [
      41.87035,
      12.5254
    ],
    [
      41.87034,
      12.52534
    ],
    [
      41.87008,
      12.52552
    ],
    [
      41.86983,
      12.52579
    ],
    [
      41.86973,
      12.52591
    ],
    [
      41.86935,
      12.52538
    ],
    [
      41.86894,
      12.52487
    ],
    [
      41.86887,
      12.52498
    ],
    [
      41.8687,
      12.52517
    ],
    [
      41.86848,
      12.52547
    ],
    [
      41.8683,
      12.52572
    ],
    [
      41.86731,
      12.52567
    ],
    [
      41.8672,
      12.52587
    ],
    [
      41.86756,
      12.52623
    ],
    [
      41.86786,
      12.52654
    ],
    [
      41.86771,
      12.52679
    ],
    [
      41.86742,
      12.52726
    ],
    [
      41.86749,
      12.52735
    ],
    [
      41.86767,
      12.52761
    ],
    [
      41.86783,
      12.52783
    ],
    [
      41.86796,
      12.528
    ],
    [
      41.86753,
      12.52891
    ],
    [
      41.8684,
      12.52864
    ],
    [
      41.86849,
      12.52877
    ],
    [
      41.86853,
      12.5288
    ],
    [
      41.86877,
      12.52966
    ],
    [
      41.86893,
      12.52974
    ],
    [
      41.86927,
      12.5294
    ],
    [
      41.86988,
      12.52673
    ],
    [
      41.86988,
      12.52673
    ],
    [
      41.8703,
      12.52825
    ],
    [
      41.87049,
      12.52801
    ],
    [
      41.87056,
      12.52793
    ],
    [
      41.87074,
      12.5277
    ],
    [
      41.87084,
      12.52758
    ],
    [
      41.87099,
      12.52738
    ],
    [
      41.87109,
      12.52726
    ],
    [
      41.87122,
      12.5271
    ],
    [
      41.8711,
      12.52695
    ],
    [
      41.87102,
      12.52686
    ]
  ],
  "distance1000": [
    [
      41.87206,
      12.52647
    ],
    [
      41.8723,
      12.52617
    ],
    [
      41.87236,
      12.5261
    ],
    [
      41.87205,
      12.52586
    ],
    [
      41.87189,
      12.52565
    ],
    [
      41.87176,
      12.52549
    ],
    [
      41.87146,
      12.52512
    ],
    [
      41.8713,
      12.52491
    ],
    [
      41.8712,
      12.52479
    ],
    [
      41.87093,
      12.52446
    ],
    [
      41.87215,
      12.52087
    ],
    [
      41.87149,
      12.52195
    ],
    [
      41.87086,
      12.5225
    ],
    [
      41.86922,
      12.52236
    ],
    [
      41.86914,
      12.52239
    ],
    [
      41.86886,
      12.52283
    ],
    [
      41.86901,
      12.52482
    ],
    [
      41.86826,
      12.52405
    ],
    [
      41.86805,
      12.52441
    ],
    [
      41.86778,
      12.52489
    ],
    [
      41.86764,
      12.52512
    ],
    [
      41.86731,
      12.52567
    ],
    [
      41.8672,
      12.52587
    ],
    [
      41.86756,
      12.52623
    ],
    [
      41.86786,
      12.52654
    ],
    [
      41.86771,
      12.52679
    ],
    [
      41.86742,
      12.52726
    ],
    [
      41.866,
      12.528
    ],
    [
      41.8656,
      12.52869
    ],
    [
      41.86502,
      12.52954
    ],
    [
      41.86616,
      12.52967
    ],
    [
      41.86447,
      12.53148
    ],
    [
      41.8657,
      12.53212
    ],
    [
      41.8657,
      12.53253
    ],
    [
      41.86684,
      12.53287
    ],
    [
      41.86745,
      12.53292
    ],
    [
      41.86798,
      12.53217
    ],
    [
      41.86982,
      12.53413
    ],
    [
      41.87092,
      12.5337
    ],
    [
      41.87119,
      12.53328
    ],
    [
      41.87175,
      12.53313
    ],
    [
      41.87224,
      12.53139
    ],
    [
      41.87281,
      12.53109
    ],
    [
      41.87243,
      12.52957
    ],
    [
      41.87149,
      12.52821
    ],
    [
      41.87147,
      12.52785
    ],
    [
      41.87146,
      12.52761
    ],
    [
      41.87142,
      12.52718
    ],
    [
      41.87162,
      12.52697
    ],
    [
      41.87234,
      12.52696
    ]
  ],
  "distance1600": [
    [
      41.87631,
      12.52663
    ],
    [
      41.87629,
      12.52546
    ],
    [
      41.87633,
      12.52494
    ],
    [
      41.87563,
      12.52447
    ],
    [
      41.87577,
      12.52348
    ],
    [
      41.87636,
      12.52192
    ],
    [
      41.87627,
      12.5211
    ],
    [
      41.87294,
      12.5227
    ],
    [
      41.87375,
      12.5213
    ],
    [
      41.87468,
      12.51684
    ],
    [
      41.87428,
      12.51655
    ],
    [
      41.87304,
      12.51515
    ],
    [
      41.8718,
      12.51522
    ],
    [
      41.86911,
      12.51709
    ],
    [
      41.86914,
      12.52239
    ],
    [
      41.86886,
      12.52283
    ],
    [
      41.86901,
      12.52482
    ],
    [
      41.86826,
      12.52405
    ],
    [
      41.86805,
      12.52441
    ],
    [
      41.86778,
      12.52489
    ],
    [
      41.86764,
      12.52512
    ],
    [
      41.86731,
      12.52567
    ],
    [
      41.8672,
      12.52587
    ],
    [
      41.86756,
      12.52623
    ],
    [
      41.86786,
      12.52654
    ],
    [
      41.86771,
      12.52679
    ],
    [
      41.86629,
      12.52747
    ],
    [
      41.866,
      12.528
    ],
    [
      41.8656,
      12.52869
    ],
    [
      41.85953,
      12.53324
    ],
    [
      41.85967,
      12.53472
    ],
    [
      41.86242,
      12.5329
    ],
    [
      41.86396,
      12.53317
    ],
    [
      41.86504,
      12.53415
    ],
    [
      41.86505,
      12.53589
    ],
    [
      41.86668,
      12.53557
    ],
    [
      41.86746,
      12.536
    ],
    [
      41.86811,
      12.53944
    ],
    [
      41.87092,
      12.53744
    ],
    [
      41.87168,
      12.53506
    ],
    [
      41.87238,
      12.53558
    ],
    [
      41.8738,
      12.53454
    ],
    [
      41.87485,
      12.53527
    ],
    [
      41.87558,
      12.53351
    ],
    [
      41.87379,
      12.53036
    ],
    [
      41.87659,
      12.53105
    ],
    [
      41.8763,
      12.52982
    ],
    [
      41.8756,
      12.52828
    ],
    [
      41.87583,
      12.52797
    ],
    [
      41.8758,
      12.52715
    ]
  ]
}