{
  "distance500": [
    [
      41.8927,
      12.48879
    ],
    [
      41.89262,
      12.48867
    ],
    [
      41.89254,
      12.48847
    ],
    [
      41.89264,
      12.48828
    ],
    [
      41.89264,
      12.48815
    ],
    [
      41.89154,
      12.48883
    ],
    [
      41.89154,
      12.48883
    ],
    [
      41.89154,
      12.48883
    ],
    [
      41.89154,
      12.48883
    ],
    [
      41.89154,
      12.48883
    ],
    [
      41.89154,
      12.48883
    ],
    [
      41.89154,
      12.48883
    ],
    [
      41.89151,
      12.48779
    ],
    [
      41.89138,
      12.48766
    ],
    [
      41.89136,
      12.48772
    ],
    [
      41.89114,
      12.4879
    ],
    [
      41.89112,
      12.48791
    ],
    [
      41.89096,
      12.48795
    ],
    [
      41.89081,
      12.48789
    ],
    [
      41.89102,
      12.48835
    ],
    [
      41.8906,
      12.48823
    ],
    [
      41.89048,
      12.48829
    ],
    [
      41.89037,
      12.48836
    ],
    [
      41.89045,
      12.48867
    ],
    [
      41.89041,
      12.48882
    ],
    [
      41.8904,
      12.48896
    ],
    [
      41.89042,
      12.48901
    ],
    [
      41.8905,
      12.48922
    ],
    [
      41.88848,
      12.49022
    ],
    [
      41.88879,
      12.49041
    ],
    [
      41.8889,
      12.49057
    ],
    [
      41.8896,
      12.49085
    ],
    [
      41.88926,
      12.49129
    ],
    [
      41.88927,
      12.49187
    ],
    [
      41.88947,
      12.49277
    ],
    [
      41.89069,
      12.49124
    ],
    [
      41.89024,
      12.49394
    ],
    [
      41.89051,
      12.49427
    ],
    [
      41.89203,
      12.49235
    ],
    [
      41.89212,
      12.49203
    ],
    [
      41.8924,
      12.49182
    ],
    [
      41.89202,
      12.48983
    ],
    [
      41.89205,
      12.48976
    ],
    [
      41.89209,
      12.48952
    ],
    [
      41.89217,
      12.48937
    ],
    [
      41.89227,
      12.48928
    ],
    [
      41.89229,
      12.48925
    ],
    [
      41.89234,
      12.48907
    ],
    [
      41.89243,
      12.48894
    ],
    [
      41.89249,
      12.48885
    ]
  ],
  "distance1000": [
    [
      41.89355,
      12.48882
    ],
    [
      41.89347,
      12.48853
    ],
    [
      41.89349,
      12.48818
    ],
    [
      41.89335,
      12.48802
    ],
    [
      41.89333,
      12.48771
    ],
    [
      41.89333,
      12.48741
    ],
    [
      41.89338,
      12.4869
    ],
    [
      41.89553,
      12.48357
    ],
    [
      41.89508,
      12.48401
    ],
    [
      41.89413,
      12.48421
    ],
    [
      41.89352,
      12.48435
    ],
    [
      41.89285,
      12.48467
    ],
    [
      41.89211,
      12.48291
    ],
    [
      41.89137,
      12.48579
    ],
    [
      41.89098,
      12.48571
    ],
    [
      41.88993,
      12.48489
    ],
    [
      41.88977,
      12.48507
    ],
    [
      41.88915,
      12.4856
    ],
    [
      41.889,
      12.48579
    ],
    [
      41.88863,
      12.48608
    ],
    [
      41.8876,
      12.48618
    ],
    [
      41.88768,
      12.48703
    ],
    [
      41.88803,
      12.48754
    ],
    [
      41.88714,
      12.48812
    ],
    [
      41.88707,
      12.48854
    ],
    [
      41.888,
      12.48886
    ],
    [
      41.88935,
      12.48913
    ],
    [
      41.88797,
      12.49007
    ],
    [
      41.88846,
      12.49022
    ],
    [
      41.88744,
      12.49116
    ],
    [
      41.88818,
      12.49144
    ],
    [
      41.88861,
      12.49161
    ],
    [
      41.88637,
      12.49509
    ],
    [
      41.8878,
      12.49433
    ],
    [
      41.8875,
      12.49625
    ],
    [
      41.88851,
      12.49647
    ],
    [
      41.88859,
      12.49919
    ],
    [
      41.88955,
      12.49991
    ],
    [
      41.89211,
      12.49822
    ],
    [
      41.89307,
      12.49792
    ],
    [
      41.89376,
      12.49722
    ],
    [
      41.89416,
      12.49379
    ],
    [
      41.89469,
      12.49336
    ],
    [
      41.89456,
      12.49283
    ],
    [
      41.89409,
      12.49103
    ],
    [
      41.89399,
      12.49062
    ],
    [
      41.89388,
      12.49016
    ],
    [
      41.89374,
      12.48959
    ],
    [
      41.89363,
      12.48917
    ],
    [
      41.8936,
      12.48905
    ]
  ],
  "distance1600": [
    [
      41.89355,
      12.48882
    ],
    [
      41.89347,
      12.48853
    ],
    [
      41.89349,
      12.48818
    ],
    [
      41.89631,
      12.48646
    ],
    [
      41.8988,
      12.48446
    ],
    [
      41.89871,
      12.4838
    ],
    [
      41.89991,
      12.48088
    ],
    [
      41.8983,
      12.48085
    ],
    [
      41.89774,
      12.47969
    ],
    [
      41.89661,
      12.47873
    ],
    [
      41.89595,
      12.47786
    ],
    [
      41.89407,
      12.48153
    ],
    [
      41.89296,
      12.48101
    ],
    [
      41.89137,
      12.48579
    ],
    [
      41.89098,
      12.48571
    ],
    [
      41.88993,
      12.48489
    ],
    [
      41.88977,
      12.48507
    ],
    [
      41.88915,
      12.4856
    ],
    [
      41.889,
      12.48579
    ],
    [
      41.88863,
      12.48608
    ],
    [
      41.8876,
      12.48618
    ],
    [
      41.88644,
      12.48637
    ],
    [
      41.88617,
      12.48687
    ],
    [
      41.88316,
      12.48731
    ],
    [
      41.88339,
      12.48843
    ],
    [
      41.88312,
      12.48953
    ],
    [
      41.88306,
      12.49028
    ],
    [
      41.88677,
      12.49029
    ],
    [
      41.88702,
      12.49089
    ],
    [
      41.88731,
      12.49111
    ],
    [
      41.88798,
      12.49137
    ],
    [
      41.88162,
      12.49753
    ],
    [
      41.88261,
      12.49885
    ],
    [
      41.88565,
      12.49696
    ],
    [
      41.88661,
      12.49951
    ],
    [
      41.888,
      12.4977
    ],
    [
      41.88762,
      12.50441
    ],
    [
      41.89048,
      12.50659
    ],
    [
      41.89218,
      12.49904
    ],
    [
      41.89388,
      12.4986
    ],
    [
      41.895,
      12.50053
    ],
    [
      41.89583,
      12.49682
    ],
    [
      41.89698,
      12.49838
    ],
    [
      41.89897,
      12.49779
    ],
    [
      41.89694,
      12.49357
    ],
    [
      41.89399,
      12.49062
    ],
    [
      41.89388,
      12.49016
    ],
    [
      41.89374,
      12.48959
    ],
    [
      41.89363,
      12.48917
    ],
    [
      41.8936,
      12.48905
    ]
  ]
}