{
  "distance500": [
    [
      41.94289,
      12.52611
    ],
    [
      41.94371,
      12.52545
    ],
    [
      41.94348,
      12.52521
    ],
    [
      41.94322,
      12.5249
    ],
    [
      41.94362,
      12.52424
    ],
    [
      41.9431,
      12.52432
    ],
    [
      41.94196,
      12.525
    ],
    [
      41.94346,
      12.52231
    ],
    [
      41.94283,
      12.5228
    ],
    [
      41.94246,
      12.52245
    ],
    [
      41.94124,
      12.52424
    ],
    [
      41.9416,
      12.52257
    ],
    [
      41.94112,
      12.52335
    ],
    [
      41.94047,
      12.52442
    ],
    [
      41.94033,
      12.52465
    ],
    [
      41.94008,
      12.52506
    ],
    [
      41.94056,
      12.52615
    ],
    [
      41.94056,
      12.52615
    ],
    [
      41.94056,
      12.52615
    ],
    [
      41.94056,
      12.52615
    ],
    [
      41.94056,
      12.52615
    ],
    [
      41.93966,
      12.52571
    ],
    [
      41.93958,
      12.52584
    ],
    [
      41.93949,
      12.52598
    ],
    [
      41.93904,
      12.52604
    ],
    [
      41.93929,
      12.5263
    ],
    [
      41.93921,
      12.52645
    ],
    [
      41.9391,
      12.52664
    ],
    [
      41.93955,
      12.52656
    ],
    [
      41.94022,
      12.52633
    ],
    [
      41.94025,
      12.52636
    ],
    [
      41.9403,
      12.52642
    ],
    [
      41.94033,
      12.52645
    ],
    [
      41.94034,
      12.52646
    ],
    [
      41.94037,
      12.52649
    ],
    [
      41.9404,
      12.52652
    ],
    [
      41.94044,
      12.52656
    ],
    [
      41.94058,
      12.52672
    ],
    [
      41.94065,
      12.5268
    ],
    [
      41.94072,
      12.52687
    ],
    [
      41.94079,
      12.52695
    ],
    [
      41.94087,
      12.52683
    ],
    [
      41.94093,
      12.52674
    ],
    [
      41.94169,
      12.52734
    ],
    [
      41.94103,
      12.52659
    ],
    [
      41.94361,
      12.52791
    ],
    [
      41.94358,
      12.52749
    ],
    [
      41.94384,
      12.52715
    ],
    [
      41.94348,
      12.52673
    ],
    [
      41.94325,
      12.52648
    ]
  ],
  "distance1000": [
    [
      41.94746,
      12.52569
    ],
    [
      41.94617,
      12.52484
    ],
    [
      41.94618,
      12.52459
    ],
    [
      41.946,
      12.52388
    ],
    [
      41.94606,
      12.52267
    ],
    [
      41.94608,
      12.52192
    ],
    [
      41.94611,
      12.52136
    ],
    [
      41.94622,
      12.51939
    ],
    [
      41.94534,
      12.51882
    ],
    [
      41.94531,
      12.51767
    ],
    [
      41.94375,
      12.51799
    ],
    [
      41.943,
      12.51795
    ],
    [
      41.9421,
      12.51702
    ],
    [
      41.94047,
      12.52442
    ],
    [
      41.94033,
      12.52465
    ],
    [
      41.94021,
      12.52483
    ],
    [
      41.94007,
      12.52506
    ],
    [
      41.94001,
      12.52516
    ],
    [
      41.9399,
      12.52534
    ],
    [
      41.93981,
      12.52548
    ],
    [
      41.93975,
      12.52557
    ],
    [
      41.93556,
      12.52348
    ],
    [
      41.9366,
      12.52466
    ],
    [
      41.93745,
      12.52563
    ],
    [
      41.93772,
      12.52591
    ],
    [
      41.93807,
      12.52628
    ],
    [
      41.93841,
      12.52667
    ],
    [
      41.93852,
      12.5268
    ],
    [
      41.93894,
      12.52689
    ],
    [
      41.9387,
      12.52728
    ],
    [
      41.93834,
      12.52793
    ],
    [
      41.93779,
      12.52905
    ],
    [
      41.93723,
      12.53035
    ],
    [
      41.93665,
      12.5317
    ],
    [
      41.93757,
      12.53145
    ],
    [
      41.93898,
      12.52967
    ],
    [
      41.93939,
      12.52955
    ],
    [
      41.93982,
      12.52936
    ],
    [
      41.94073,
      12.52922
    ],
    [
      41.94116,
      12.52919
    ],
    [
      41.94205,
      12.52967
    ],
    [
      41.9422,
      12.52943
    ],
    [
      41.94283,
      12.52935
    ],
    [
      41.94325,
      12.52917
    ],
    [
      41.94347,
      12.52887
    ],
    [
      41.9457,
      12.52947
    ],
    [
      41.94573,
      12.529
    ],
    [
      41.94579,
      12.52824
    ],
    [
      41.94779,
      12.52757
    ],
    [
      41.94613,
      12.52638
    ]
  ],
  "distance1600": [
    [
      41.95203,
      12.52478
    ],
    [
      41.94895,
      12.52492
    ],
    [
      41.94619,
      12.52411
    ],
    [
      41.94761,
      12.52314
    ],
    [
      41.9489,
      12.52098
    ],
    [
      41.94917,
      12.51929
    ],
    [
      41.94951,
      12.51755
    ],
    [
      41.9487,
      12.51714
    ],
    [
      41.94835,
      12.51504
    ],
    [
      41.94832,
      12.51405
    ],
    [
      41.94521,
      12.51349
    ],
    [
      41.9439,
      12.51395
    ],
    [
      41.94331,
      12.51498
    ],
    [
      41.94047,
      12.52442
    ],
    [
      41.94033,
      12.52465
    ],
    [
      41.94021,
      12.52483
    ],
    [
      41.94007,
      12.52506
    ],
    [
      41.93489,
      12.51852
    ],
    [
      41.93483,
      12.51878
    ],
    [
      41.93146,
      12.51875
    ],
    [
      41.93308,
      12.52066
    ],
    [
      41.93188,
      12.52132
    ],
    [
      41.93167,
      12.52323
    ],
    [
      41.93745,
      12.52563
    ],
    [
      41.93772,
      12.52591
    ],
    [
      41.93807,
      12.52628
    ],
    [
      41.93841,
      12.52667
    ],
    [
      41.93852,
      12.5268
    ],
    [
      41.93863,
      12.52693
    ],
    [
      41.93347,
      12.52982
    ],
    [
      41.93403,
      12.53073
    ],
    [
      41.9344,
      12.53152
    ],
    [
      41.9331,
      12.53605
    ],
    [
      41.93381,
      12.53604
    ],
    [
      41.93518,
      12.53628
    ],
    [
      41.93566,
      12.53722
    ],
    [
      41.93939,
      12.52955
    ],
    [
      41.94069,
      12.53337
    ],
    [
      41.94119,
      12.53363
    ],
    [
      41.94214,
      12.53298
    ],
    [
      41.94428,
      12.5361
    ],
    [
      41.94484,
      12.53417
    ],
    [
      41.94621,
      12.53536
    ],
    [
      41.94762,
      12.53435
    ],
    [
      41.94826,
      12.53344
    ],
    [
      41.94886,
      12.5316
    ],
    [
      41.94959,
      12.53117
    ],
    [
      41.94944,
      12.52939
    ],
    [
      41.95219,
      12.52876
    ],
    [
      41.9507,
      12.52717
    ]
  ]
}