{
  "distance500": [
    [
      41.944444,
      12.528958
    ],
    [
      41.943696,
      12.524958
    ],
    [
      41.944025,
      12.523958
    ],
    [
      41.943851,
      12.522492
    ],
    [
      41.943499,
      12.521844
    ],
    [
      41.941385,
      12.521149
    ],
    [
      41.939385,
      12.521489
    ],
    [
      41.937548,
      12.522958
    ],
    [
      41.93747,
      12.524873
    ],
    [
      41.937016,
      12.525958
    ],
    [
      41.937961,
      12.526383
    ],
    [
      41.938147,
      12.526958
    ],
    [
      41.938229,
      12.528802
    ],
    [
      41.937526,
      12.528958
    ],
    [
      41.938385,
      12.530797
    ],
    [
      41.940385,
      12.530055
    ],
    [
      41.942385,
      12.530364
    ],
    [
      41.942944,
      12.529517
    ],
    [
      41.944444,
      12.528958
    ]
  ],
  "distance1000": [
    [
      41.947557,
      12.531958
    ],
    [
      41.946353,
      12.529958
    ],
    [
      41.946615,
      12.528188
    ],
    [
      41.948025,
      12.527598
    ],
    [
      41.947993,
      12.525958
    ],
    [
      41.946941,
      12.523958
    ],
    [
      41.946728,
      12.518615
    ],
    [
      41.945385,
      12.516851
    ],
    [
      41.943721,
      12.516622
    ],
    [
      41.942385,
      12.515385
    ],
    [
      41.942077,
      12.516651
    ],
    [
      41.941273,
      12.516847
    ],
    [
      41.940987,
      12.518561
    ],
    [
      41.940225,
      12.518958
    ],
    [
      41.939866,
      12.520439
    ],
    [
      41.939114,
      12.520687
    ],
    [
      41.937817,
      12.52239
    ],
    [
      41.935732,
      12.522611
    ],
    [
      41.934385,
      12.520961
    ],
    [
      41.933628,
      12.521201
    ],
    [
      41.933385,
      12.521783
    ],
    [
      41.934168,
      12.523958
    ],
    [
      41.934238,
      12.525958
    ],
    [
      41.937385,
      12.526699
    ],
    [
      41.937707,
      12.527636
    ],
    [
      41.937645,
      12.528218
    ],
    [
      41.936826,
      12.528958
    ],
    [
      41.936672,
      12.530245
    ],
    [
      41.935783,
      12.530958
    ],
    [
      41.935545,
      12.532118
    ],
    [
      41.934519,
      12.532958
    ],
    [
      41.934413,
      12.53393
    ],
    [
      41.934811,
      12.534532
    ],
    [
      41.935385,
      12.534735
    ],
    [
      41.936385,
      12.533606
    ],
    [
      41.940385,
      12.53371
    ],
    [
      41.941088,
      12.535255
    ],
    [
      41.942385,
      12.535887
    ],
    [
      41.943484,
      12.535058
    ],
    [
      41.944146,
      12.53372
    ],
    [
      41.945385,
      12.533456
    ],
    [
      41.947557,
      12.531958
    ]
  ],
  "distance1600": [
    [
      41.952496,
      12.528958
    ],
    [
      41.952385,
      12.524302
    ],
    [
      41.951385,
      12.5231
    ],
    [
      41.949994,
      12.522349
    ],
    [
      41.950027,
      12.5216
    ],
    [
      41.950613,
      12.520958
    ],
    [
      41.950385,
      12.520033
    ],
    [
      41.950264,
      12.520838
    ],
    [
      41.949385,
      12.520818
    ],
    [
      41.948699,
      12.520644
    ],
    [
      41.948503,
      12.519958
    ],
    [
      41.949385,
      12.519086
    ],
    [
      41.950307,
      12.519036
    ],
    [
      41.950385,
      12.519842
    ],
    [
      41.950618,
      12.518958
    ],
    [
      41.949908,
      12.517435
    ],
    [
      41.948317,
      12.516958
    ],
    [
      41.94926,
      12.516833
    ],
    [
      41.949342,
      12.515001
    ],
    [
      41.949816,
      12.513958
    ],
    [
      41.947527,
      12.513816
    ],
    [
      41.947276,
      12.512849
    ],
    [
      41.946571,
      12.513144
    ],
    [
      41.945385,
      12.51248
    ],
    [
      41.943824,
      12.51252
    ],
    [
      41.943591,
      12.510752
    ],
    [
      41.942385,
      12.509921
    ],
    [
      41.942288,
      12.510958
    ],
    [
      41.943085,
      12.511258
    ],
    [
      41.943076,
      12.513958
    ],
    [
      41.940832,
      12.516405
    ],
    [
      41.94075,
      12.518323
    ],
    [
      41.939459,
      12.518958
    ],
    [
      41.939721,
      12.520294
    ],
    [
      41.938923,
      12.52042
    ],
    [
      41.938524,
      12.519958
    ],
    [
      41.938562,
      12.519135
    ],
    [
      41.939036,
      12.518958
    ],
    [
      41.938678,
      12.517666
    ],
    [
      41.938385,
      12.517473
    ],
    [
      41.937739,
      12.518312
    ],
    [
      41.936385,
      12.518324
    ],
    [
      41.936223,
      12.51712
    ],
    [
      41.934385,
      12.515987
    ],
    [
      41.930385,
      12.517145
    ],
    [
      41.929653,
      12.518958
    ],
    [
      41.929835,
      12.519958
    ],
    [
      41.929315,
      12.521958
    ],
    [
      41.930043,
      12.523958
    ],
    [
      41.929823,
      12.524958
    ],
    [
      41.930579,
      12.525764
    ],
    [
      41.930187,
      12.526958
    ],
    [
      41.930862,
      12.527958
    ],
    [
      41.931298,
      12.530958
    ],
    [
      41.93209,
      12.531253
    ],
    [
      41.932224,
      12.53212
    ],
    [
      41.933088,
      12.532958
    ],
    [
      41.932385,
      12.533709
    ],
    [
      41.930634,
      12.534207
    ],
    [
      41.930322,
      12.535958
    ],
    [
      41.931385,
      12.538487
    ],
    [
      41.933385,
      12.538526
    ],
    [
      41.934385,
      12.539941
    ],
    [
      41.937385,
      12.540286
    ],
    [
      41.938385,
      12.539487
    ],
    [
      41.939385,
      12.540329
    ],
    [
      41.939605,
      12.539178
    ],
    [
      41.940385,
      12.539126
    ],
    [
      41.941057,
      12.539286
    ],
    [
      41.941379,
      12.540958
    ],
    [
      41.941386,
      12.540959
    ],
    [
      41.941999,
      12.540572
    ],
    [
      41.942385,
      12.540436
    ],
    [
      41.943385,
      12.541616
    ],
    [
      41.943794,
      12.540367
    ],
    [
      41.948385,
      12.536844
    ],
    [
      41.948751,
      12.535324
    ],
    [
      41.950241,
      12.535103
    ],
    [
      41.950385,
      12.535999
    ],
    [
      41.95064,
      12.534213
    ],
    [
      41.952078,
      12.533958
    ],
    [
      41.952338,
      12.532958
    ],
    [
      41.951823,
      12.531958
    ],
    [
      41.952137,
      12.530958
    ],
    [
      41.951559,
      12.530784
    ],
    [
      41.951298,
      12.528958
    ],
    [
      41.952496,
      12.528958
    ]
  ]
}