{
  "distance500": [
    [
      41.906415,
      12.426288
    ],
    [
      41.906701,
      12.425288
    ],
    [
      41.905945,
      12.42459
    ],
    [
      41.905407,
      12.422128
    ],
    [
      41.903247,
      12.419304
    ],
    [
      41.900599,
      12.42164
    ],
    [
      41.900647,
      12.422288
    ],
    [
      41.899738,
      12.423779
    ],
    [
      41.898254,
      12.425288
    ],
    [
      41.898305,
      12.426288
    ],
    [
      41.897639,
      12.427288
    ],
    [
      41.898698,
      12.429288
    ],
    [
      41.902247,
      12.430864
    ],
    [
      41.903205,
      12.430246
    ],
    [
      41.906415,
      12.426288
    ]
  ],
  "distance1000": [
    [
      41.91025,
      12.427288
    ],
    [
      41.910585,
      12.425288
    ],
    [
      41.911168,
      12.424288
    ],
    [
      41.910017,
      12.423518
    ],
    [
      41.909862,
      12.422673
    ],
    [
      41.907068,
      12.420467
    ],
    [
      41.907328,
      12.418207
    ],
    [
      41.906463,
      12.415072
    ],
    [
      41.905247,
      12.41487
    ],
    [
      41.903247,
      12.413276
    ],
    [
      41.90116,
      12.415288
    ],
    [
      41.901022,
      12.416063
    ],
    [
      41.900397,
      12.416288
    ],
    [
      41.902877,
      12.416658
    ],
    [
      41.903003,
      12.417288
    ],
    [
      41.901732,
      12.418773
    ],
    [
      41.900676,
      12.418859
    ],
    [
      41.900247,
      12.416408
    ],
    [
      41.899947,
      12.416988
    ],
    [
      41.897821,
      12.417288
    ],
    [
      41.897597,
      12.418288
    ],
    [
      41.898629,
      12.418906
    ],
    [
      41.899435,
      12.4201
    ],
    [
      41.89939,
      12.421431
    ],
    [
      41.899247,
      12.421758
    ],
    [
      41.897414,
      12.421121
    ],
    [
      41.897197,
      12.420238
    ],
    [
      41.896786,
      12.420827
    ],
    [
      41.896934,
      12.422975
    ],
    [
      41.895123,
      12.423288
    ],
    [
      41.894673,
      12.424288
    ],
    [
      41.894817,
      12.426858
    ],
    [
      41.89369,
      12.428288
    ],
    [
      41.894174,
      12.428361
    ],
    [
      41.894133,
      12.430174
    ],
    [
      41.893703,
      12.430288
    ],
    [
      41.894247,
      12.431126
    ],
    [
      41.895435,
      12.4311
    ],
    [
      41.895604,
      12.432931
    ],
    [
      41.897247,
      12.434415
    ],
    [
      41.898372,
      12.433163
    ],
    [
      41.899247,
      12.434955
    ],
    [
      41.900247,
      12.434112
    ],
    [
      41.900632,
      12.432673
    ],
    [
      41.901247,
      12.432543
    ],
    [
      41.903671,
      12.434712
    ],
    [
      41.904312,
      12.434353
    ],
    [
      41.904505,
      12.432546
    ],
    [
      41.905424,
      12.431465
    ],
    [
      41.906317,
      12.431358
    ],
    [
      41.906619,
      12.42966
    ],
    [
      41.907407,
      12.429448
    ],
    [
      41.907626,
      12.428667
    ],
    [
      41.908247,
      12.428405
    ],
    [
      41.909125,
      12.42841
    ],
    [
      41.909247,
      12.429365
    ],
    [
      41.91025,
      12.427288
    ]
  ],
  "distance1600": [
    [
      41.916411,
      12.422288
    ],
    [
      41.913792,
      12.420743
    ],
    [
      41.91274,
      12.419288
    ],
    [
      41.912247,
      12.41765
    ],
    [
      41.910247,
      12.418083
    ],
    [
      41.908871,
      12.416288
    ],
    [
      41.90894,
      12.414981
    ],
    [
      41.90961,
      12.414925
    ],
    [
      41.910247,
      12.415682
    ],
    [
      41.911078,
      12.415288
    ],
    [
      41.91086,
      12.414288
    ],
    [
      41.911222,
      12.412288
    ],
    [
      41.910247,
      12.412057
    ],
    [
      41.909247,
      12.412941
    ],
    [
      41.90765,
      12.411885
    ],
    [
      41.907461,
      12.410502
    ],
    [
      41.908495,
      12.410288
    ],
    [
      41.905964,
      12.409571
    ],
    [
      41.905835,
      12.408876
    ],
    [
      41.906319,
      12.408288
    ],
    [
      41.905247,
      12.408228
    ],
    [
      41.90497,
      12.409011
    ],
    [
      41.904247,
      12.409119
    ],
    [
      41.90249,
      12.409045
    ],
    [
      41.902309,
      12.408226
    ],
    [
      41.901323,
      12.408288
    ],
    [
      41.901729,
      12.409288
    ],
    [
      41.901247,
      12.409804
    ],
    [
      41.899247,
      12.411006
    ],
    [
      41.897299,
      12.411288
    ],
    [
      41.897582,
      12.412288
    ],
    [
      41.896892,
      12.413933
    ],
    [
      41.895601,
      12.413934
    ],
    [
      41.895373,
      12.413162
    ],
    [
      41.894532,
      12.413003
    ],
    [
      41.894124,
      12.412165
    ],
    [
      41.893982,
      12.414023
    ],
    [
      41.893411,
      12.415288
    ],
    [
      41.894084,
      12.415451
    ],
    [
      41.894138,
      12.416288
    ],
    [
      41.893361,
      12.419288
    ],
    [
      41.893615,
      12.421288
    ],
    [
      41.896247,
      12.42162
    ],
    [
      41.896808,
      12.422288
    ],
    [
      41.896247,
      12.422876
    ],
    [
      41.894247,
      12.422984
    ],
    [
      41.892601,
      12.420934
    ],
    [
      41.891332,
      12.420203
    ],
    [
      41.891247,
      12.419621
    ],
    [
      41.891022,
      12.420063
    ],
    [
      41.891162,
      12.421373
    ],
    [
      41.891927,
      12.421608
    ],
    [
      41.891874,
      12.422915
    ],
    [
      41.891176,
      12.423217
    ],
    [
      41.891027,
      12.424068
    ],
    [
      41.889262,
      12.424303
    ],
    [
      41.88902,
      12.425288
    ],
    [
      41.890002,
      12.426533
    ],
    [
      41.890304,
      12.428288
    ],
    [
      41.890077,
      12.429118
    ],
    [
      41.88905,
      12.429288
    ],
    [
      41.890649,
      12.431288
    ],
    [
      41.890067,
      12.432288
    ],
    [
      41.890174,
      12.435361
    ],
    [
      41.890413,
      12.434454
    ],
    [
      41.891332,
      12.434373
    ],
    [
      41.891605,
      12.433646
    ],
    [
      41.892247,
      12.433493
    ],
    [
      41.893008,
      12.434288
    ],
    [
      41.893084,
      12.437451
    ],
    [
      41.896247,
      12.439106
    ],
    [
      41.896542,
      12.437583
    ],
    [
      41.897753,
      12.437782
    ],
    [
      41.898247,
      12.441434
    ],
    [
      41.898545,
      12.439288
    ],
    [
      41.899247,
      12.438549
    ],
    [
      41.900094,
      12.439288
    ],
    [
      41.900247,
      12.440776
    ],
    [
      41.902247,
      12.440734
    ],
    [
      41.903389,
      12.43943
    ],
    [
      41.904333,
      12.439374
    ],
    [
      41.905664,
      12.437705
    ],
    [
      41.907137,
      12.437398
    ],
    [
      41.907247,
      12.438015
    ],
    [
      41.907723,
      12.437288
    ],
    [
      41.906507,
      12.435288
    ],
    [
      41.907247,
      12.434478
    ],
    [
      41.909263,
      12.434304
    ],
    [
      41.909768,
      12.430809
    ],
    [
      41.910757,
      12.430778
    ],
    [
      41.911044,
      12.432288
    ],
    [
      41.912218,
      12.432317
    ],
    [
      41.912247,
      12.432866
    ],
    [
      41.913492,
      12.431533
    ],
    [
      41.913352,
      12.430183
    ],
    [
      41.912816,
      12.429719
    ],
    [
      41.912028,
      12.427288
    ],
    [
      41.912205,
      12.426288
    ],
    [
      41.914085,
      12.42645
    ],
    [
      41.914247,
      12.427363
    ],
    [
      41.91526,
      12.427288
    ],
