{
  "distance500": [
    [
      41.86478,
      12.6581
    ],
    [
      41.86478,
      12.6581
    ],
    [
      41.86478,
      12.6581
    ],
    [
      41.86478,
      12.6581
    ],
    [
      41.86478,
      12.6581
    ],
    [
      41.86478,
      12.6581
    ],
    [
      41.86478,
      12.6581
    ],
    [
      41.86478,
      12.6581
    ],
    [
      41.86478,
      12.6581
    ],
    [
      41.86492,
      12.65787
    ],
    [
      41.86489,
      12.65787
    ],
    [
      41.86486,
      12.65788
    ],
    [
      41.86484,
      12.65788
    ],
    [
      41.86477,
      12.65789
    ],
    [
      41.8643,
      12.65489
    ],
    [
      41.86395,
      12.65586
    ],
    [
      41.86447,
      12.65742
    ],
    [
      41.86448,
      12.65756
    ],
    [
      41.86449,
      12.65772
    ],
    [
      41.8645,
      12.65784
    ],
    [
      41.8645,
      12.6579
    ],
    [
      41.86451,
      12.65795
    ],
    [
      41.86451,
      12.658
    ],
    [
      41.86451,
      12.65804
    ],
    [
      41.86451,
      12.65808
    ],
    [
      41.86451,
      12.65813
    ],
    [
      41.86452,
      12.65816
    ],
    [
      41.86452,
      12.6582
    ],
    [
      41.86452,
      12.65824
    ],
    [
      41.86452,
      12.65827
    ],
    [
      41.86452,
      12.6583
    ],
    [
      41.86453,
      12.65836
    ],
    [
      41.86453,
      12.65842
    ],
    [
      41.86453,
      12.65848
    ],
    [
      41.86453,
      12.65866
    ],
    [
      41.86453,
      12.65878
    ],
    [
      41.86356,
      12.66283
    ],
    [
      41.86438,
      12.66379
    ],
    [
      41.86501,
      12.66173
    ],
    [
      41.86563,
      12.66163
    ],
    [
      41.86581,
      12.6616
    ],
    [
      41.86588,
      12.66049
    ],
    [
      41.86601,
      12.66032
    ],
    [
      41.86478,
      12.6581
    ],
    [
      41.86478,
      12.6581
    ],
    [
      41.86478,
      12.6581
    ],
    [
      41.86478,
      12.6581
    ],
    [
      41.86478,
      12.6581
    ],
    [
      41.86478,
      12.6581
    ],
    [
      41.86478,
      12.6581
    ]
  ],
  "distance1000": [
    [
      41.869,
      12.65803
    ],
    [
      41.86832,
      12.6575
    ],
    [
      41.86887,
      12.65675
    ],
    [
      41.8694,
      12.65609
    ],
    [
      41.86826,
      12.65588
    ],
    [
      41.86834,
      12.65576
    ],
    [
      41.86699,
      12.65579
    ],
    [
      41.86701,
      12.65576
    ],
    [
      41.86573,
      12.65672
    ],
    [
      41.86559,
      12.65634
    ],
    [
      41.86576,
      12.65562
    ],
    [
      41.86549,
      12.65605
    ],
    [
      41.86532,
      12.65555
    ],
    [
      41.86425,
      12.65446
    ],
    [
      41.86269,
      12.64932
    ],
    [
      41.8627,
      12.64991
    ],
    [
      41.86383,
      12.65603
    ],
    [
      41.8637,
      12.6562
    ],
    [
      41.86351,
      12.65646
    ],
    [
      41.86332,
      12.65672
    ],
    [
      41.86305,
      12.65709
    ],
    [
      41.86289,
      12.65731
    ],
    [
      41.8627,
      12.65756
    ],
    [
      41.86254,
      12.65778
    ],
    [
      41.86247,
      12.65787
    ],
    [
      41.86215,
      12.65829
    ],
    [
      41.86176,
      12.6588
    ],
    [
      41.86042,
      12.65962
    ],
    [
      41.86178,
      12.65961
    ],
    [
      41.8618,
      12.65999
    ],
    [
      41.86181,
      12.66043
    ],
    [
      41.86182,
      12.66084
    ],
    [
      41.86258,
      12.661
    ],
    [
      41.86259,
      12.66124
    ],
    [
      41.86322,
      12.66151
    ],
    [
      41.86332,
      12.66163
    ],
    [
      41.86183,
      12.66799
    ],
    [
      41.86407,
      12.66978
    ],
    [
      41.86501,
      12.66173
    ],
    [
      41.86563,
      12.66163
    ],
    [
      41.86606,
      12.66156
    ],
    [
      41.86588,
      12.66049
    ],
    [
      41.86601,
      12.66032
    ],
    [
      41.86624,
      12.66004
    ],
    [
      41.86651,
      12.65971
    ],
    [
      41.86739,
      12.65987
    ],
    [
      41.86809,
      12.65962
    ],
    [
      41.86779,
      12.65917
    ],
    [
      41.86923,
      12.65879
    ],
    [
      41.86937,
      12.65862
    ]
  ],
  "distance1600": [
    [
      41.87346,
      12.65746
    ],
    [
      41.87343,
      12.65668
    ],
    [
      41.87181,
      12.65548
    ],
    [
      41.87368,
      12.65391
    ],
    [
      41.87395,
      12.65239
    ],
    [
      41.87198,
      12.65303
    ],
    [
      41.87162,
      12.65149
    ],
    [
      41.8712,
      12.65128
    ],
    [
      41.87056,
      12.65021
    ],
    [
      41.8698,
      12.6501
    ],
    [
      41.86758,
      12.65025
    ],
    [
      41.86707,
      12.65109
    ],
    [
      41.86572,
      12.65005
    ],
    [
      41.86272,
      12.64226
    ],
    [
      41.86246,
      12.64348
    ],
    [
      41.86125,
      12.64417
    ],
    [
      41.85992,
      12.6492
    ],
    [
      41.85965,
      12.6495
    ],
    [
      41.85864,
      12.6508
    ],
    [
      41.85877,
      12.65361
    ],
    [
      41.85852,
      12.65389
    ],
    [
      41.85848,
      12.6548
    ],
    [
      41.85815,
      12.65594
    ],
    [
      41.86253,
      12.65779
    ],
    [
      41.8624,
      12.65796
    ],
    [
      41.86208,
      12.65838
    ],
    [
      41.86173,
      12.65884
    ],
    [
      41.86013,
      12.65978
    ],
    [
      41.86178,
      12.65961
    ],
    [
      41.8618,
      12.65999
    ],
    [
      41.86021,
      12.66168
    ],
    [
      41.85847,
      12.66459
    ],
    [
      41.85838,
      12.66491
    ],
    [
      41.85952,
      12.66601
    ],
    [
      41.85949,
      12.66897
    ],
    [
      41.85911,
      12.6727
    ],
    [
      41.85978,
      12.67268
    ],
    [
      41.86349,
      12.67692
    ],
    [
      41.86501,
      12.66173
    ],
    [
      41.86563,
      12.66163
    ],
    [
      41.86606,
      12.66156
    ],
    [
      41.86588,
      12.66049
    ],
    [
      41.86601,
      12.66032
    ],
    [
      41.86624,
      12.66004
    ],
    [
      41.86651,
      12.65971
    ],
    [
      41.86801,
      12.66016
    ],
    [
      41.86842,
      12.6597
    ],
    [
      41.86889,
      12.65918
    ],
    [
      41.87095,
      12.65908
    ],
    [
      41.87139,
      12.65852
    ]
  ]
}