{
  "distance500": [
    [
      41.866174,
      12.662093
    ],
    [
      41.86592,
      12.660106
    ],
    [
      41.866599,
      12.659785
    ],
    [
      41.866563,
      12.658093
    ],
    [
      41.865262,
      12.657093
    ],
    [
      41.865016,
      12.655984
    ],
    [
      41.864126,
      12.655874
    ],
    [
      41.863907,
      12.654959
    ],
    [
      41.863811,
      12.656189
    ],
    [
      41.864592,
      12.657408
    ],
    [
      41.864664,
      12.660093
    ],
    [
      41.864525,
      12.660711
    ],
    [
      41.863612,
      12.661093
    ],
    [
      41.863907,
      12.66303
    ],
    [
      41.864907,
      12.663536
    ],
    [
      41.866174,
      12.662093
    ]
  ],
  "distance1000": [
    [
      41.869417,
      12.659093
    ],
    [
      41.869575,
      12.656093
    ],
    [
      41.868907,
      12.655527
    ],
    [
      41.864875,
      12.655125
    ],
    [
      41.864722,
      12.652908
    ],
    [
      41.86542,
      12.651093
    ],
    [
      41.862907,
      12.649201
    ],
    [
      41.861863,
      12.651093
    ],
    [
      41.862998,
      12.653002
    ],
    [
      41.863393,
      12.655093
    ],
    [
      41.86264,
      12.655826
    ],
    [
      41.862449,
      12.657635
    ],
    [
      41.861782,
      12.657968
    ],
    [
      41.861645,
      12.658831
    ],
    [
      41.860863,
      12.659049
    ],
    [
      41.860871,
      12.660057
    ],
    [
      41.860554,
      12.660093
    ],
    [
      41.861802,
      12.660198
    ],
    [
      41.861907,
      12.66081
    ],
    [
      41.862907,
      12.661596
    ],
    [
      41.86363,
      12.665093
    ],
    [
      41.862907,
      12.666078
    ],
    [
      41.861907,
      12.665921
    ],
    [
      41.861785,
      12.668215
    ],
    [
      41.863907,
      12.668474
    ],
    [
      41.864409,
      12.665595
    ],
    [
      41.866019,
      12.665205
    ],
    [
      41.866179,
      12.663093
    ],
    [
      41.867192,
      12.662093
    ],
    [
      41.866279,
      12.661093
    ],
    [
      41.867648,
      12.660093
    ],
    [
      41.867188,
      12.659093
    ],
    [
      41.867386,
      12.658572
    ],
    [
      41.868667,
      12.658333
    ],
    [
      41.868907,
      12.659279
    ],
    [
      41.869417,
      12.659093
    ]
  ],
  "distance1600": [
    [
      41.874206,
      12.653093
    ],
    [
      41.873907,
      12.651993
    ],
    [
      41.873809,
      12.652995
    ],
    [
      41.872234,
      12.652767
    ],
    [
      41.871907,
      12.650568
    ],
    [
      41.869419,
      12.649581
    ],
    [
      41.868521,
      12.648479
    ],
    [
      41.867907,
      12.646772
    ],
    [
      41.866845,
      12.647155
    ],
    [
      41.866575,
      12.646093
    ],
    [
      41.865907,
      12.645543
    ],
    [
      41.863907,
      12.644848
    ],
    [
      41.862907,
      12.642084
    ],
    [
      41.861467,
      12.643093
    ],
    [
      41.861703,
      12.645093
    ],
    [
      41.861401,
      12.647093
    ],
    [
      41.860524,
      12.64871
    ],
    [
      41.859814,
      12.649186
    ],
    [
      41.86018,
      12.651093
    ],
    [
      41.858235,
      12.654093
    ],
    [
      41.857978,
      12.656022
    ],
    [
      41.85901,
      12.65699
    ],
    [
      41.859879,
      12.657122
    ],
    [
      41.860119,
      12.656305
    ],
    [
      41.862148,
      12.656334
    ],
    [
      41.862279,
      12.655465
    ],
    [
      41.862907,
      12.655196
    ],
    [
      41.863368,
      12.656093
    ],
    [
      41.859546,
      12.660093
    ],
    [
      41.861542,
      12.661093
    ],
    [
      41.860907,
      12.661809
    ],
    [
      41.859687,
      12.662093
    ],
    [
      41.859752,
      12.663248
    ],
    [
      41.860511,
      12.663489
    ],
    [
      41.860799,
      12.665093
    ],
    [
      41.859907,
      12.665913
    ],
    [
      41.859156,
      12.665844
    ],
    [
      41.858907,
      12.664168
    ],
    [
      41.858059,
      12.665093
    ],
    [
      41.858395,
      12.667093
    ],
    [
      41.858112,
      12.669093
    ],
    [
      41.859677,
      12.670323
    ],
    [
      41.859779,
      12.671093
    ],
    [
      41.859752,
      12.671938
    ],
    [
      41.858965,
      12.672093
    ],
    [
      41.863907,
      12.675569
    ],
    [
      41.865172,
      12.674358
    ],
    [
      41.866627,
      12.671813
    ],
    [
      41.86613,
      12.670093
    ],
    [
      41.866802,
      12.668093
    ],
    [
      41.865333,
      12.667667
    ],
    [
      41.864381,
      12.666093
    ],
    [
      41.866352,
      12.665093
    ],
    [
      41.8664,
      12.663093
    ],
    [
      41.867407,
      12.662093
    ],
    [
      41.866451,
      12.661093
    ],
    [
      41.866907,
      12.660598
    ],
    [
      41.867639,
      12.661093
    ],
    [
      41.867558,
      12.661442
    ],
    [
      41.868165,
      12.661351
    ],
    [
      41.868442,
      12.660628
    ],
    [
      41.870907,
      12.658385
    ],
    [
      41.87153,
      12.65847
    ],
    [
      41.871907,
      12.659824
    ],
    [
      41.872907,
      12.659546
    ],
    [
      41.873091,
      12.657277
    ],
    [
      41.87378,
      12.656966
    ],
    [
      41.873772,
      12.656093
    ],
    [
      41.873109,
      12.655891
    ],
    [
      41.873091,
      12.654277
    ],
    [
      41.873869,
      12.654093
    ],
    [
      41.874206,
      12.653093
    ]
  ]
}