{
  "distance500": [
    [
      41.83951,
      12.46122
    ],
    [
      41.83951,
      12.46122
    ],
    [
      41.83951,
      12.46122
    ],
    [
      41.83951,
      12.46122
    ],
    [
      41.83951,
      12.46122
    ],
    [
      41.83951,
      12.46122
    ],
    [
      41.83951,
      12.46122
    ],
    [
      41.83951,
      12.46122
    ],
    [
      41.83951,
      12.46122
    ],
    [
      41.83951,
      12.46122
    ],
    [
      41.83951,
      12.46122
    ],
    [
      41.83951,
      12.46122
    ],
    [
      41.84008,
      12.45657
    ],
    [
      41.83928,
      12.45795
    ],
    [
      41.83897,
      12.45861
    ],
    [
      41.83872,
      12.45911
    ],
    [
      41.83863,
      12.45931
    ],
    [
      41.83855,
      12.45972
    ],
    [
      41.83865,
      12.46029
    ],
    [
      41.83895,
      12.46075
    ],
    [
      41.83951,
      12.46122
    ],
    [
      41.83951,
      12.46122
    ],
    [
      41.83951,
      12.46122
    ],
    [
      41.83951,
      12.46122
    ],
    [
      41.83951,
      12.46122
    ],
    [
      41.83951,
      12.46122
    ],
    [
      41.83951,
      12.46122
    ],
    [
      41.83951,
      12.46122
    ],
    [
      41.83951,
      12.46122
    ],
    [
      41.83951,
      12.46122
    ],
    [
      41.83951,
      12.46122
    ],
    [
      41.83951,
      12.46122
    ],
    [
      41.83951,
      12.46122
    ],
    [
      41.83951,
      12.46122
    ],
    [
      41.83951,
      12.46122
    ],
    [
      41.83951,
      12.46122
    ],
    [
      41.83951,
      12.46122
    ],
    [
      41.83951,
      12.46122
    ],
    [
      41.83951,
      12.46122
    ],
    [
      41.83951,
      12.46122
    ],
    [
      41.83951,
      12.46122
    ],
    [
      41.83951,
      12.46122
    ],
    [
      41.83951,
      12.46122
    ],
    [
      41.83951,
      12.46122
    ],
    [
      41.83951,
      12.46122
    ],
    [
      41.83951,
      12.46122
    ],
    [
      41.83951,
      12.46122
    ],
    [
      41.83951,
      12.46122
    ],
    [
      41.83951,
      12.46122
    ],
    [
      41.83951,
      12.46122
    ]
  ],
  "distance1000": [
    [
      41.84328,
      12.46092
    ],
    [
      41.84316,
      12.46075
    ],
    [
      41.84282,
      12.46037
    ],
    [
      41.84252,
      12.46003
    ],
    [
      41.8423,
      12.45977
    ],
    [
      41.84207,
      12.45951
    ],
    [
      41.8417,
      12.45898
    ],
    [
      41.84387,
      12.45575
    ],
    [
      41.84339,
      12.45551
    ],
    [
      41.84344,
      12.4545
    ],
    [
      41.84219,
      12.45406
    ],
    [
      41.84162,
      12.45372
    ],
    [
      41.84137,
      12.45357
    ],
    [
      41.83928,
      12.45795
    ],
    [
      41.83897,
      12.45861
    ],
    [
      41.83872,
      12.45911
    ],
    [
      41.83863,
      12.45931
    ],
    [
      41.83855,
      12.45972
    ],
    [
      41.83865,
      12.46029
    ],
    [
      41.83895,
      12.46075
    ],
    [
      41.83951,
      12.46122
    ],
    [
      41.83951,
      12.46122
    ],
    [
      41.83951,
      12.46122
    ],
    [
      41.83951,
      12.46122
    ],
    [
      41.83951,
      12.46122
    ],
    [
      41.83951,
      12.46122
    ],
    [
      41.83951,
      12.46122
    ],
    [
      41.83951,
      12.46122
    ],
    [
      41.83951,
      12.46122
    ],
    [
      41.83951,
      12.46122
    ],
    [
      41.83951,
      12.46122
    ],
    [
      41.83951,
      12.46122
    ],
    [
      41.83951,
      12.46122
    ],
    [
      41.83951,
      12.46122
    ],
    [
      41.83951,
      12.46122
    ],
    [
      41.83951,
      12.46122
    ],
    [
      41.83951,
      12.46122
    ],
    [
      41.83951,
      12.46122
    ],
    [
      41.83951,
      12.46122
    ],
    [
      41.83951,
      12.46122
    ],
    [
      41.83951,
      12.46122
    ],
    [
      41.83951,
      12.46122
    ],
    [
      41.83951,
      12.46122
    ],
    [
      41.83951,
      12.46122
    ],
    [
      41.83951,
      12.46122
    ],
    [
      41.83951,
      12.46122
    ],
    [
      41.83951,
      12.46122
    ],
    [
      41.83951,
      12.46122
    ],
    [
      41.83951,
      12.46122
    ],
    [
      41.83951,
      12.46122
    ]
  ],
  "distance1600": [
    [
      41.84501,
      12.46058
    ],
    [
      41.84659,
      12.45955
    ],
    [
      41.84891,
      12.45832
    ],
    [
      41.84738,
      12.45722
    ],
    [
      41.84821,
      12.45565
    ],
    [
      41.84811,
      12.45538
    ],
    [
      41.84583,
      12.45565
    ],
    [
      41.84502,
      12.45531
    ],
    [
      41.84394,
      12.45476
    ],
    [
      41.84516,
      12.45212
    ],
    [
      41.8438,
      12.45028
    ],
    [
      41.84308,
      12.44907
    ],
    [
      41.84252,
      12.44905
    ],
    [
      41.83896,
      12.45023
    ],
    [
      41.83693,
      12.45014
    ],
    [
      41.83872,
      12.45911
    ],
    [
      41.83863,
      12.45931
    ],
    [
      41.83855,
      12.45972
    ],
    [
      41.83865,
      12.46029
    ],
    [
      41.83895,
      12.46075
    ],
    [
      41.83951,
      12.46122
    ],
    [
      41.83951,
      12.46122
    ],
    [
      41.83951,
      12.46122
    ],
    [
      41.83951,
      12.46122
    ],
    [
      41.83951,
      12.46122
    ],
    [
      41.83951,
      12.46122
    ],
    [
      41.83951,
      12.46122
    ],
    [
      41.83951,
      12.46122
    ],
    [
      41.83951,
      12.46122
    ],
    [
      41.83951,
      12.46122
    ],
    [
      41.83951,
      12.46122
    ],
    [
      41.83951,
      12.46122
    ],
    [
      41.83951,
      12.46122
    ],
    [
      41.83951,
      12.46122
    ],
    [
      41.83951,
      12.46122
    ],
    [
      41.83951,
      12.46122
    ],
    [
      41.83951,
      12.46122
    ],
    [
      41.83951,
      12.46122
    ],
    [
      41.83951,
      12.46122
    ],
    [
      41.83951,
      12.46122
    ],
    [
      41.83951,
      12.46122
    ],
    [
      41.83951,
      12.46122
    ],
    [
      41.83951,
      12.46122
    ],
    [
      41.83951,
      12.46122
    ],
    [
      41.83951,
      12.46122
    ],
    [
      41.83951,
      12.46122
    ],
    [
      41.8452,
      12.46368
    ],
    [
      41.84555,
      12.46328
    ],
    [
      41.84504,
      12.4623
    ],
    [
      41.84498,
      12.46158
    ]
  ]
}