{
  "distance500": [
    [
      41.834144,
      12.463724
    ],
    [
      41.832125,
      12.459196
    ],
    [
      41.830125,
      12.459286
    ],
    [
      41.829125,
      12.458614
    ],
    [
      41.827808,
      12.460724
    ],
    [
      41.829412,
      12.464724
    ],
    [
      41.827294,
      12.465724
    ],
    [
      41.828655,
      12.468194
    ],
    [
      41.83013,
      12.46873
    ],
    [
      41.833285,
      12.466885
    ],
    [
      41.83326,
      12.465589
    ],
    [
      41.832753,
      12.464724
    ],
    [
      41.834144,
      12.463724
    ]
  ],
  "distance1000": [
    [
      41.837149,
      12.464724
    ],
    [
      41.837806,
      12.463724
    ],
    [
      41.837125,
      12.463048
    ],
    [
      41.835931,
      12.462917
    ],
    [
      41.835628,
      12.461724
    ],
    [
      41.834649,
      12.460724
    ],
    [
      41.834546,
      12.459303
    ],
    [
      41.833495,
      12.458354
    ],
    [
      41.83071,
      12.458139
    ],
    [
      41.830125,
      12.45735
    ],
    [
      41.828642,
      12.457207
    ],
    [
      41.828125,
      12.453951
    ],
    [
      41.827125,
      12.45378
    ],
    [
      41.825986,
      12.454724
    ],
    [
      41.825861,
      12.455724
    ],
    [
      41.826813,
      12.456036
    ],
    [
      41.8267,
      12.4583
    ],
    [
      41.825385,
      12.458464
    ],
    [
      41.825125,
      12.456898
    ],
    [
      41.824282,
      12.457724
    ],
    [
      41.824503,
      12.461103
    ],
    [
      41.824151,
      12.461698
    ],
    [
      41.825292,
      12.462724
    ],
    [
      41.824125,
      12.46342
    ],
    [
      41.823733,
      12.464724
    ],
    [
      41.823988,
      12.465588
    ],
    [
      41.825756,
      12.466093
    ],
    [
      41.825844,
      12.467443
    ],
    [
      41.825264,
      12.467724
    ],
    [
      41.825073,
      12.468776
    ],
    [
      41.826112,
      12.469724
    ],
    [
      41.826163,
      12.470686
    ],
    [
      41.826885,
      12.471964
    ],
    [
      41.829125,
      12.473581
    ],
    [
      41.832125,
      12.472558
    ],
    [
      41.835438,
      12.470037
    ],
    [
      41.836763,
      12.469724
    ],
    [
      41.837149,
      12.464724
    ]
  ],
  "distance1600": [
    [
      41.841387,
      12.467724
    ],
    [
      41.841481,
      12.465724
    ],
    [
      41.84072,
      12.465129
    ],
    [
      41.840231,
      12.462618
    ],
    [
      41.839399,
      12.46245
    ],
    [
      41.839125,
      12.461724
    ],
    [
      41.836572,
      12.460277
    ],
    [
      41.835636,
      12.459213
    ],
    [
      41.835654,
      12.458254
    ],
    [
      41.837148,
      12.457701
    ],
    [
      41.836404,
      12.457445
    ],
    [
      41.836197,
      12.456652
    ],
    [
      41.835217,
      12.456632
    ],
    [
      41.835125,
      12.455774
    ],
    [
      41.834976,
      12.456724
    ],
    [
      41.834125,
      12.457139
    ],
    [
      41.832125,
      12.455211
    ],
    [
      41.832043,
      12.455642
    ],
    [
      41.830563,
      12.455286
    ],
    [
      41.826125,
      12.449993
    ],
    [
      41.825277,
      12.449572
    ],
    [
      41.825137,
      12.448712
    ],
    [
      41.824705,
      12.448724
    ],
    [
      41.824464,
      12.449724
    ],
    [
      41.825387,
      12.450462
    ],
    [
      41.825125,
      12.451096
    ],
    [
      41.823125,
      12.451169
    ],
    [
      41.822953,
      12.452724
    ],
    [
      41.822547,
      12.453147
    ],
    [
      41.821125,
      12.452741
    ],
    [
      41.820059,
      12.453724
    ],
    [
      41.819816,
      12.455724
    ],
    [
      41.820412,
      12.458724
    ],
    [
      41.820018,
      12.459724
    ],
    [
      41.820178,
      12.460671
    ],
    [
      41.821125,
      12.461415
    ],
    [
      41.821431,
      12.46003
    ],
    [
      41.822125,
      12.459913
    ],
    [
      41.822843,
      12.460724
    ],
    [
      41.822731,
      12.46133
    ],
    [
      41.818808,
      12.462724
    ],
    [
      41.818816,
      12.464724
    ],
    [
      41.820853,
      12.465996
    ],
    [
      41.821125,
      12.467181
    ],
    [
      41.821999,
      12.46785
    ],
    [
      41.821807,
      12.470042
    ],
    [
      41.822125,
      12.472217
    ],
    [
      41.822824,
      12.474025
    ],
    [
      41.823641,
      12.474724
    ],
    [
      41.823752,
      12.475724
    ],
    [
      41.825125,
      12.476812
    ],
    [
      41.826125,
      12.477134
    ],
    [
      41.827125,
      12.476613
    ],
    [
      41.828125,
      12.4786
    ],
    [
      41.830125,
      12.479251
    ],
    [
      41.834125,
      12.476911
    ],
    [
      41.83461,
      12.47521
    ],
    [
      41.835818,
      12.475031
    ],
    [
      41.836125,
      12.475791
    ],
    [
      41.837801,
      12.474401
    ],
    [
      41.839125,
      12.474467
    ],
    [
      41.840584,
      12.473184
    ],
    [
      41.840165,
      12.471724
    ],
    [
      41.840267,
      12.469866
    ],
    [
      41.841387,
      12.467724
    ]
  ]
}