{
  "distance500": [
    [
      41.82965,
      12.46829
    ],
    [
      41.82968,
      12.46819
    ],
    [
      41.82972,
      12.46803
    ],
    [
      41.82977,
      12.46786
    ],
    [
      41.82982,
      12.46769
    ],
    [
      41.83019,
      12.46723
    ],
    [
      41.82999,
      12.46713
    ],
    [
      41.83006,
      12.46686
    ],
    [
      41.82952,
      12.46719
    ],
    [
      41.83071,
      12.46464
    ],
    [
      41.83023,
      12.46481
    ],
    [
      41.83011,
      12.4639
    ],
    [
      41.82996,
      12.46342
    ],
    [
      41.82875,
      12.46838
    ],
    [
      41.82875,
      12.46838
    ],
    [
      41.82875,
      12.46838
    ],
    [
      41.82875,
      12.46838
    ],
    [
      41.82875,
      12.46838
    ],
    [
      41.82875,
      12.46838
    ],
    [
      41.82875,
      12.46838
    ],
    [
      41.82875,
      12.46838
    ],
    [
      41.82875,
      12.46838
    ],
    [
      41.82875,
      12.46838
    ],
    [
      41.82875,
      12.46838
    ],
    [
      41.82875,
      12.46838
    ],
    [
      41.82875,
      12.46838
    ],
    [
      41.82875,
      12.46838
    ],
    [
      41.82875,
      12.46838
    ],
    [
      41.82875,
      12.46838
    ],
    [
      41.82875,
      12.46838
    ],
    [
      41.82875,
      12.46838
    ],
    [
      41.82875,
      12.46838
    ],
    [
      41.82668,
      12.4709
    ],
    [
      41.82695,
      12.47111
    ],
    [
      41.82733,
      12.47151
    ],
    [
      41.82748,
      12.47159
    ],
    [
      41.82774,
      12.4719
    ],
    [
      41.82824,
      12.47159
    ],
    [
      41.82889,
      12.46965
    ],
    [
      41.82897,
      12.46959
    ],
    [
      41.82927,
      12.4696
    ],
    [
      41.82913,
      12.46914
    ],
    [
      41.82917,
      12.46911
    ],
    [
      41.82925,
      12.46904
    ],
    [
      41.82932,
      12.46891
    ],
    [
      41.82936,
      12.4688
    ],
    [
      41.82938,
      12.46873
    ],
    [
      41.82944,
      12.46857
    ],
    [
      41.82959,
      12.46851
    ],
    [
      41.82962,
      12.46841
    ]
  ],
  "distance1000": [
    [
      41.83115,
      12.46808
    ],
    [
      41.83304,
      12.4674
    ],
    [
      41.83361,
      12.46704
    ],
    [
      41.83345,
      12.46652
    ],
    [
      41.83221,
      12.4663
    ],
    [
      41.83237,
      12.46569
    ],
    [
      41.83233,
      12.46472
    ],
    [
      41.83247,
      12.46357
    ],
    [
      41.83078,
      12.46527
    ],
    [
      41.83148,
      12.46264
    ],
    [
      41.83168,
      12.46125
    ],
    [
      41.83099,
      12.46163
    ],
    [
      41.83053,
      12.46095
    ],
    [
      41.82842,
      12.46614
    ],
    [
      41.82801,
      12.46414
    ],
    [
      41.82734,
      12.46392
    ],
    [
      41.82741,
      12.46545
    ],
    [
      41.82648,
      12.46535
    ],
    [
      41.82587,
      12.46503
    ],
    [
      41.8277,
      12.46739
    ],
    [
      41.8276,
      12.46759
    ],
    [
      41.82753,
      12.46774
    ],
    [
      41.8275,
      12.46792
    ],
    [
      41.82745,
      12.46821
    ],
    [
      41.82743,
      12.46833
    ],
    [
      41.82738,
      12.4685
    ],
    [
      41.82733,
      12.46873
    ],
    [
      41.82732,
      12.46879
    ],
    [
      41.82739,
      12.46893
    ],
    [
      41.82616,
      12.46977
    ],
    [
      41.82654,
      12.46997
    ],
    [
      41.82587,
      12.47079
    ],
    [
      41.82671,
      12.4709
    ],
    [
      41.82695,
      12.47111
    ],
    [
      41.82733,
      12.47151
    ],
    [
      41.8275,
      12.4716
    ],
    [
      41.82774,
      12.4719
    ],
    [
      41.82824,
      12.47159
    ],
    [
      41.82889,
      12.46965
    ],
    [
      41.82897,
      12.46959
    ],
    [
      41.82927,
      12.4696
    ],
    [
      41.82913,
      12.46914
    ],
    [
      41.82917,
      12.46911
    ],
    [
      41.82925,
      12.46904
    ],
    [
      41.82932,
      12.46891
    ],
    [
      41.82936,
      12.4688
    ],
    [
      41.82938,
      12.46873
    ],
    [
      41.82944,
      12.46857
    ],
    [
      41.82959,
      12.46851
    ],
    [
      41.83101,
      12.4686
    ]
  ],
  "distance1600": [
    [
      41.83706,
      12.46813
    ],
    [
      41.83767,
      12.4662
    ],
    [
      41.83671,
      12.46635
    ],
    [
      41.8363,
      12.46506
    ],
    [
      41.83675,
      12.46381
    ],
    [
      41.83535,
      12.46314
    ],
    [
      41.8352,
      12.46307
    ],
    [
      41.83415,
      12.46256
    ],
    [
      41.83342,
      12.46215
    ],
    [
      41.83296,
      12.46189
    ],
    [
      41.83169,
      12.46126
    ],
    [
      41.83098,
      12.46113
    ],
    [
      41.8284,
      12.45697
    ],
    [
      41.82792,
      12.45685
    ],
    [
      41.8271,
      12.45862
    ],
    [
      41.82567,
      12.46099
    ],
    [
      41.82505,
      12.46082
    ],
    [
      41.82364,
      12.45985
    ],
    [
      41.82318,
      12.46165
    ],
    [
      41.82329,
      12.46346
    ],
    [
      41.82121,
      12.46397
    ],
    [
      41.82077,
      12.46408
    ],
    [
      41.82344,
      12.46638
    ],
    [
      41.8228,
      12.46711
    ],
    [
      41.82356,
      12.46806
    ],
    [
      41.82343,
      12.46879
    ],
    [
      41.82319,
      12.46943
    ],
    [
      41.82732,
      12.4688
    ],
    [
      41.82739,
      12.46893
    ],
    [
      41.82616,
      12.46977
    ],
    [
      41.82654,
      12.46997
    ],
    [
      41.82587,
      12.47079
    ],
    [
      41.82671,
      12.4709
    ],
    [
      41.82695,
      12.47111
    ],
    [
      41.82733,
      12.47151
    ],
    [
      41.8275,
      12.4716
    ],
    [
      41.82774,
      12.4719
    ],
    [
      41.82904,
      12.47532
    ],
    [
      41.82916,
      12.47495
    ],
    [
      41.83016,
      12.47472
    ],
    [
      41.83072,
      12.47436
    ],
    [
      41.83102,
      12.4733
    ],
    [
      41.83182,
      12.47254
    ],
    [
      41.83301,
      12.47296
    ],
    [
      41.83359,
      12.47262
    ],
    [
      41.83474,
      12.47208
    ],
    [
      41.8352,
      12.4718
    ],
    [
      41.83679,
      12.47088
    ],
    [
      41.83793,
      12.47024
    ],
    [
      41.83805,
      12.46861
    ]
  ]
}