{
  "distance500": [
    [
      41.83146,
      12.46361
    ],
    [
      41.83148,
      12.46349
    ],
    [
      41.83136,
      12.46342
    ],
    [
      41.83133,
      12.46316
    ],
    [
      41.8314,
      12.46293
    ],
    [
      41.83281,
      12.46182
    ],
    [
      41.83262,
      12.46172
    ],
    [
      41.8322,
      12.46151
    ],
    [
      41.8319,
      12.46136
    ],
    [
      41.83169,
      12.46126
    ],
    [
      41.83126,
      12.46112
    ],
    [
      41.83081,
      12.4611
    ],
    [
      41.83053,
      12.46095
    ],
    [
      41.83009,
      12.46285
    ],
    [
      41.83004,
      12.46309
    ],
    [
      41.83,
      12.4632
    ],
    [
      41.82997,
      12.46335
    ],
    [
      41.82996,
      12.46341
    ],
    [
      41.82994,
      12.46347
    ],
    [
      41.82992,
      12.46353
    ],
    [
      41.82991,
      12.46356
    ],
    [
      41.8299,
      12.46359
    ],
    [
      41.82989,
      12.46363
    ],
    [
      41.82987,
      12.46369
    ],
    [
      41.82986,
      12.46372
    ],
    [
      41.82985,
      12.46376
    ],
    [
      41.82985,
      12.46379
    ],
    [
      41.82984,
      12.46384
    ],
    [
      41.82984,
      12.46387
    ],
    [
      41.82984,
      12.46392
    ],
    [
      41.82984,
      12.46396
    ],
    [
      41.82985,
      12.46403
    ],
    [
      41.82986,
      12.46408
    ],
    [
      41.82988,
      12.46413
    ],
    [
      41.82899,
      12.46626
    ],
    [
      41.82883,
      12.46678
    ],
    [
      41.82881,
      12.46816
    ],
    [
      41.82959,
      12.46851
    ],
    [
      41.83033,
      12.46676
    ],
    [
      41.83055,
      12.46603
    ],
    [
      41.83126,
      12.46772
    ],
    [
      41.83155,
      12.46674
    ],
    [
      41.83238,
      12.46705
    ],
    [
      41.83297,
      12.46671
    ],
    [
      41.83236,
      12.46574
    ],
    [
      41.83203,
      12.46508
    ],
    [
      41.83211,
      12.4648
    ],
    [
      41.83221,
      12.46445
    ],
    [
      41.83133,
      12.4639
    ],
    [
      41.83141,
      12.46377
    ]
  ],
  "distance1000": [
    [
      41.83607,
      12.4635
    ],
    [
      41.8352,
      12.46307
    ],
    [
      41.83415,
      12.46256
    ],
    [
      41.83377,
      12.46235
    ],
    [
      41.83328,
      12.46207
    ],
    [
      41.83296,
      12.46189
    ],
    [
      41.83262,
      12.46172
    ],
    [
      41.8322,
      12.46151
    ],
    [
      41.8319,
      12.46136
    ],
    [
      41.83169,
      12.46126
    ],
    [
      41.83126,
      12.46112
    ],
    [
      41.83081,
      12.4611
    ],
    [
      41.83011,
      12.46074
    ],
    [
      41.82992,
      12.46064
    ],
    [
      41.82902,
      12.45772
    ],
    [
      41.82776,
      12.45654
    ],
    [
      41.82721,
      12.45826
    ],
    [
      41.82715,
      12.45844
    ],
    [
      41.82633,
      12.45877
    ],
    [
      41.82682,
      12.46059
    ],
    [
      41.8263,
      12.4611
    ],
    [
      41.82852,
      12.46302
    ],
    [
      41.82851,
      12.46307
    ],
    [
      41.8284,
      12.46345
    ],
    [
      41.82834,
      12.46368
    ],
    [
      41.82744,
      12.46404
    ],
    [
      41.82746,
      12.46408
    ],
    [
      41.82601,
      12.4651
    ],
    [
      41.82641,
      12.46532
    ],
    [
      41.82691,
      12.46559
    ],
    [
      41.82732,
      12.46579
    ],
    [
      41.8278,
      12.46604
    ],
    [
      41.82822,
      12.46626
    ],
    [
      41.82829,
      12.4663
    ],
    [
      41.82685,
      12.47099
    ],
    [
      41.82719,
      12.47143
    ],
    [
      41.82774,
      12.4719
    ],
    [
      41.82963,
      12.47333
    ],
    [
      41.83128,
      12.47235
    ],
    [
      41.8315,
      12.47223
    ],
    [
      41.83342,
      12.47123
    ],
    [
      41.83354,
      12.47114
    ],
    [
      41.83426,
      12.46961
    ],
    [
      41.83528,
      12.47006
    ],
    [
      41.8365,
      12.46942
    ],
    [
      41.83686,
      12.46804
    ],
    [
      41.83652,
      12.46703
    ],
    [
      41.83539,
      12.46575
    ],
    [
      41.83588,
      12.46494
    ],
    [
      41.83703,
      12.4639
    ]
  ],
  "distance1600": [
    [
      41.838,
      12.46327
    ],
    [
      41.8383,
      12.46237
    ],
    [
      41.8374,
      12.46123
    ],
    [
      41.83724,
      12.46098
    ],
    [
      41.83532,
      12.46045
    ],
    [
      41.83563,
      12.45933
    ],
    [
      41.83529,
      12.45914
    ],
    [
      41.83491,
      12.45827
    ],
    [
      41.8331,
      12.45975
    ],
    [
      41.83255,
      12.45928
    ],
    [
      41.83224,
      12.45778
    ],
    [
      41.83173,
      12.4575
    ],
    [
      41.82969,
      12.45474
    ],
    [
      41.82881,
      12.45427
    ],
    [
      41.82748,
      12.45267
    ],
    [
      41.82708,
      12.45221
    ],
    [
      41.82474,
      12.45362
    ],
    [
      41.82519,
      12.45522
    ],
    [
      41.82189,
      12.45563
    ],
    [
      41.82258,
      12.45806
    ],
    [
      41.82241,
      12.45822
    ],
    [
      41.82368,
      12.46004
    ],
    [
      41.82319,
      12.46185
    ],
    [
      41.82321,
      12.46229
    ],
    [
      41.82325,
      12.46368
    ],
    [
      41.8209,
      12.46415
    ],
    [
      41.82203,
      12.46474
    ],
    [
      41.82355,
      12.46606
    ],
    [
      41.8229,
      12.46741
    ],
    [
      41.82295,
      12.46752
    ],
    [
      41.82334,
      12.46914
    ],
    [
      41.82328,
      12.46938
    ],
    [
      41.82822,
      12.46626
    ],
    [
      41.82616,
      12.46977
    ],
    [
      41.82528,
      12.4728
    ],
    [
      41.82602,
      12.47503
    ],
    [
      41.82612,
      12.47529
    ],
    [
      41.83021,
      12.47862
    ],
    [
      41.83142,
      12.47789
    ],
    [
      41.83232,
      12.47734
    ],
    [
      41.83377,
      12.47646
    ],
    [
      41.83604,
      12.47517
    ],
    [
      41.83617,
      12.47398
    ],
    [
      41.83916,
      12.47417
    ],
    [
      41.83963,
      12.47257
    ],
    [
      41.83951,
      12.4695
    ],
    [
      41.83914,
      12.46886
    ],
    [
      41.84101,
      12.46672
    ],
    [
      41.84078,
      12.46581
    ],
    [
      41.84037,
      12.46502
    ]
  ]
}