{
  "distance500": [
    [
      41.980698,
      12.512518
    ],
    [
      41.981602,
      12.509518
    ],
    [
      41.980779,
      12.509437
    ],
    [
      41.98055,
      12.508518
    ],
    [
      41.978951,
      12.508264
    ],
    [
      41.978698,
      12.507475
    ],
    [
      41.974878,
      12.507518
    ],
    [
      41.976441,
      12.507774
    ],
    [
      41.976912,
      12.510304
    ],
    [
      41.978892,
      12.510324
    ],
    [
      41.979404,
      12.510812
    ],
    [
      41.979698,
      12.512244
    ],
    [
      41.980698,
      12.512518
    ]
  ],
  "distance1000": [
    [
      41.985058,
      12.513518
    ],
    [
      41.983826,
      12.512389
    ],
    [
      41.983731,
      12.509484
    ],
    [
      41.981037,
      12.509178
    ],
    [
      41.980794,
      12.508421
    ],
    [
      41.978698,
      12.508212
    ],
    [
      41.977698,
      12.50729
    ],
    [
      41.975107,
      12.507108
    ],
    [
      41.974698,
      12.505391
    ],
    [
      41.971917,
      12.505518
    ],
    [
      41.972043,
      12.506518
    ],
    [
      41.970359,
      12.507518
    ],
    [
      41.976102,
      12.508113
    ],
    [
      41.976128,
      12.508947
    ],
    [
      41.974915,
      12.509518
    ],
    [
      41.974232,
      12.511052
    ],
    [
      41.973539,
      12.514518
    ],
    [
      41.975698,
      12.515474
    ],
    [
      41.976698,
      12.515194
    ],
    [
      41.977658,
      12.516557
    ],
    [
      41.978698,
      12.516365
    ],
    [
      41.980698,
      12.513806
    ],
    [
      41.982698,
      12.515129
    ],
    [
      41.984176,
      12.514518
    ],
    [
      41.985058,
      12.513518
    ]
  ],
  "distance1600": [
    [
      41.987855,
      12.515518
    ],
    [
      41.987861,
      12.514518
    ],
    [
      41.987172,
      12.514043
    ],
    [
      41.986969,
      12.512518
    ],
    [
      41.984275,
      12.511941
    ],
    [
      41.983867,
      12.509349
    ],
    [
      41.981698,
      12.509152
    ],
    [
      41.978698,
      12.507074
    ],
    [
      41.975379,
      12.506837
    ],
    [
      41.974698,
      12.505073
    ],
    [
      41.971698,
      12.505088
    ],
    [
      41.970698,
      12.506048
    ],
    [
      41.966257,
      12.506077
    ],
    [
      41.965272,
      12.506518
    ],
    [
      41.965963,
      12.507252
    ],
    [
      41.968698,
      12.506798
    ],
    [
      41.969698,
      12.507856
    ],
    [
      41.975994,
      12.508221
    ],
    [
      41.975698,
      12.509017
    ],
    [
      41.97172,
      12.509518
    ],
    [
      41.9713,
      12.51312
    ],
    [
      41.970498,
      12.513518
    ],
    [
      41.969504,
      12.515518
    ],
    [
      41.969703,
      12.516518
    ],
    [
      41.969198,
      12.517518
    ],
    [
      41.969698,
      12.519095
    ],
    [
      41.972698,
      12.518802
    ],
    [
      41.97337,
      12.519518
    ],
    [
      41.973698,
      12.521377
    ],
    [
      41.973989,
      12.520809
    ],
    [
      41.975069,
      12.520518
    ],
    [
      41.975107,
      12.518927
    ],
    [
      41.976698,
      12.517837
    ],
    [
      41.977436,
      12.518518
    ],
    [
      41.977514,
      12.520334
    ],
    [
      41.977533,
      12.521353
    ],
    [
      41.976844,
      12.521518
    ],
    [
      41.977698,
      12.522559
    ],
    [
      41.979698,
      12.522268
    ],
    [
      41.980698,
      12.521518
    ],
    [
      41.980698,
      12.520058
    ],
    [
      41.982558,
      12.519518
    ],
    [
      41.982187,
      12.517518
    ],
    [
      41.984369,
      12.515188
    ],
    [
      41.986011,
      12.515518
    ],
    [
      41.98659,
      12.516625
    ],
    [
      41.986895,
      12.515714
    ],
    [
      41.987855,
      12.515518
    ]
  ]
}