{
  "distance500": [
    [
      41.811087,
      12.321907
    ],
    [
      41.811077,
      12.320833
    ],
    [
      41.810323,
      12.320587
    ],
    [
      41.810178,
      12.318732
    ],
    [
      41.809331,
      12.318579
    ],
    [
      41.809003,
      12.317695
    ],
    [
      41.807493,
      12.319907
    ],
    [
      41.808281,
      12.320907
    ],
    [
      41.807827,
      12.321731
    ],
    [
      41.808003,
      12.322615
    ],
    [
      41.811003,
      12.322375
    ],
    [
      41.811087,
      12.321907
    ]
  ],
  "distance1000": [
    [
      41.812013,
      12.326907
    ],
    [
      41.812133,
      12.323907
    ],
    [
      41.811344,
      12.322907
    ],
    [
      41.811437,
      12.320907
    ],
    [
      41.81063,
      12.32028
    ],
    [
      41.810325,
      12.318585
    ],
    [
      41.809344,
      12.317907
    ],
    [
      41.809205,
      12.316705
    ],
    [
      41.808249,
      12.315907
    ],
    [
      41.808122,
      12.313907
    ],
    [
      41.807225,
      12.313685
    ],
    [
      41.807003,
      12.312423
    ],
    [
      41.806674,
      12.313907
    ],
    [
      41.807283,
      12.315627
    ],
    [
      41.807298,
      12.317202
    ],
    [
      41.806629,
      12.317281
    ],
    [
      41.806003,
      12.316358
    ],
    [
      41.805003,
      12.316358
    ],
    [
      41.804857,
      12.316761
    ],
    [
      41.80496,
      12.317907
    ],
    [
      41.805721,
      12.318189
    ],
    [
      41.805834,
      12.320076
    ],
    [
      41.806492,
      12.320418
    ],
    [
      41.806758,
      12.321907
    ],
    [
      41.806003,
      12.322783
    ],
    [
      41.805197,
      12.322713
    ],
    [
      41.805003,
      12.321553
    ],
    [
      41.804901,
      12.322907
    ],
    [
      41.805728,
      12.323182
    ],
    [
      41.80568,
      12.324584
    ],
    [
      41.803991,
      12.324895
    ],
    [
      41.803987,
      12.325907
    ],
    [
      41.804053,
      12.324957
    ],
    [
      41.805732,
      12.325178
    ],
    [
      41.806003,
      12.326551
    ],
    [
      41.808003,
      12.324297
    ],
    [
      41.809778,
      12.325132
    ],
    [
      41.810003,
      12.325951
    ],
    [
      41.810586,
      12.326324
    ],
    [
      41.81133,
      12.32658
    ],
    [
      41.812003,
      12.326915
    ],
    [
      41.812013,
      12.326907
    ]
  ],
  "distance1600": [
    [
      41.813634,
      12.332907
    ],
    [
      41.813122,
      12.332788
    ],
    [
      41.813347,
      12.326907
    ],
    [
      41.81257,
      12.325907
    ],
    [
      41.812539,
      12.323907
    ],
    [
      41.811909,
      12.322907
    ],
    [
      41.811819,
      12.320907
    ],
    [
      41.810853,
      12.320057
    ],
    [
      41.810472,
      12.318438
    ],
    [
      41.809531,
      12.317907
    ],
    [
      41.809512,
      12.316907
    ],
    [
      41.808484,
      12.315907
    ],
    [
      41.808308,
      12.314602
    ],
    [
      41.807417,
      12.313907
    ],
    [
      41.807238,
      12.311672
    ],
    [
      41.806003,
      12.311567
    ],
    [
      41.805263,
      12.310907
    ],
    [
      41.805238,
      12.309142
    ],
    [
      41.806043,
      12.308947
    ],
    [
      41.806003,
      12.308191
    ],
    [
      41.804922,
      12.307826
    ],
    [
      41.803003,
      12.308294
    ],
    [
      41.801993,
      12.310898
    ],
    [
      41.801957,
      12.311907
    ],
    [
      41.8028,
      12.31211
    ],
    [
      41.80283,
      12.312907
    ],
    [
      41.802661,
      12.313565
    ],
    [
      41.801943,
      12.313847
    ],
    [
      41.801811,
      12.314715
    ],
    [
      41.801122,
      12.314907
    ],
    [
      41.801056,
      12.316854
    ],
    [
      41.801712,
      12.317198
    ],
    [
      41.802003,
      12.318067
    ],
    [
      41.802143,
      12.317047
    ],
    [
      41.803003,
      12.316657
    ],
    [
      41.803882,
      12.317028
    ],
    [
      41.80428,
      12.317907
    ],
    [
      41.805385,
      12.318525
    ],
    [
      41.805582,
      12.320328
    ],
    [
      41.806495,
      12.320907
    ],
    [
      41.806523,
      12.321907
    ],
    [
      41.806003,
      12.322481
    ],
    [
      41.805389,
      12.321907
    ],
    [
      41.805392,
      12.320518
    ],
    [
      41.803379,
      12.320907
    ],
    [
      41.804429,
      12.321481
    ],
    [
      41.804707,
      12.323203
    ],
    [
      41.805534,
      12.323907
    ],
    [
      41.803569,
      12.325907
    ],
    [
      41.805394,
      12.326516
    ],
    [
      41.806446,
      12.327464
    ],
    [
      41.806801,
      12.329109
    ],
    [
      41.807797,
      12.329907
    ],
    [
      41.807888,
      12.331022
    ],
    [
      41.808822,
      12.331088
    ],
    [
      41.809003,
      12.332718
    ],
    [
      41.80964,
      12.331907
    ],
    [
      41.809241,
      12.330907
    ],
    [
      41.808303,
      12.330607
    ],
    [
      41.808226,
      12.328907
    ],
    [
      41.807314,
      12.327907
    ],
    [
      41.808238,
      12.326907
    ],
    [
      41.808524,
      12.325428
    ],
    [
      41.809397,
      12.325513
    ],
    [
      41.809777,
      12.327133
    ],
    [
      41.810686,
      12.327907
    ],
    [
      41.810727,
      12.329183
    ],
    [
      41.811464,
      12.329907
    ],
    [
      41.811336,
      12.33124
    ],
    [
      41.81029,
      12.331907
    ],
    [
      41.810477,
      12.332433
    ],
    [
      41.811003,
      12.332807
    ],
    [
      41.812413,
      12.332497
    ],
    [
      41.813003,
      12.333495
    ],
    [
      41.813634,
      12.332907
    ]
  ]
}