{
  "distance500": [
    [
      41.870002,
      12.689809
    ],
    [
      41.869291,
      12.688809
    ],
    [
      41.869287,
      12.686809
    ],
    [
      41.868339,
      12.684809
    ],
    [
      41.868799,
      12.683493
    ],
    [
      41.867904,
      12.682387
    ],
    [
      41.866482,
      12.681868
    ],
    [
      41.865968,
      12.682295
    ],
    [
      41.865482,
      12.684332
    ],
    [
      41.864482,
      12.683515
    ],
    [
      41.864121,
      12.684809
    ],
    [
      41.862576,
      12.685809
    ],
    [
      41.864079,
      12.686212
    ],
    [
      41.86398,
      12.687307
    ],
    [
      41.862751,
      12.68754
    ],
    [
      41.862482,
      12.686039
    ],
    [
      41.86188,
      12.687207
    ],
    [
      41.862015,
      12.688809
    ],
    [
      41.863046,
      12.689809
    ],
    [
      41.862959,
      12.691809
    ],
    [
      41.865482,
      12.693707
    ],
    [
      41.865796,
      12.693123
    ],
    [
      41.867482,
      12.692476
    ],
    [
      41.867824,
      12.690151
    ],
    [
      41.870002,
      12.689809
    ]
  ],
  "distance1000": [
    [
      41.874453,
      12.690809
    ],
    [
      41.873201,
      12.688809
    ],
    [
      41.873482,
      12.68549
    ],
    [
      41.872482,
      12.683746
    ],
    [
      41.871178,
      12.683809
    ],
    [
      41.871897,
      12.683224
    ],
    [
      41.872486,
      12.680813
    ],
    [
      41.872129,
      12.679809
    ],
    [
      41.868743,
      12.676548
    ],
    [
      41.867367,
      12.676694
    ],
    [
      41.866925,
      12.678809
    ],
    [
      41.866096,
      12.679423
    ],
    [
      41.86566,
      12.680987
    ],
    [
      41.862482,
      12.680118
    ],
    [
      41.861482,
      12.68141
    ],
    [
      41.860482,
      12.681208
    ],
    [
      41.859468,
      12.681809
    ],
    [
      41.859482,
      12.683133
    ],
    [
      41.858347,
      12.684809
    ],
    [
      41.85892,
      12.685809
    ],
    [
      41.858662,
      12.686809
    ],
    [
      41.860071,
      12.68722
    ],
    [
      41.860238,
      12.687809
    ],
    [
      41.860076,
      12.688403
    ],
    [
      41.858564,
      12.688727
    ],
    [
      41.858482,
      12.687783
    ],
    [
      41.857959,
      12.689809
    ],
    [
      41.858482,
      12.690582
    ],
    [
      41.860482,
      12.691358
    ],
    [
      41.860628,
      12.691809
    ],
    [
      41.859128,
      12.692455
    ],
    [
      41.858815,
      12.693809
    ],
    [
      41.862311,
      12.696809
    ],
    [
      41.864187,
      12.697104
    ],
    [
      41.864482,
      12.69908
    ],
    [
      41.866537,
      12.698864
    ],
    [
      41.866908,
      12.696235
    ],
    [
      41.868402,
      12.694809
    ],
    [
      41.868505,
      12.693832
    ],
    [
      41.870569,
      12.693896
    ],
    [
      41.872482,
      12.693058
    ],
    [
      41.872755,
      12.692809
    ],
    [
      41.871618,
      12.692673
    ],
    [
      41.871877,
      12.691204
    ],
    [
      41.874453,
      12.690809
    ]
  ],
  "distance1600": [
    [
      41.879414,
      12.693809
    ],
    [
      41.878581,
      12.69371
    ],
    [
      41.878547,
      12.692744
    ],
    [
      41.876925,
      12.692366
    ],
    [
      41.876747,
      12.691809
    ],
    [
      41.876805,
      12.688132
    ],
    [
      41.87755,
      12.687877
    ],
    [
      41.878,
      12.685809
    ],
    [
      41.877608,
      12.682935
    ],
    [
      41.878566,
      12.682809
    ],
    [
      41.877482,
      12.682646
    ],
    [
      41.87722,
      12.683547
    ],
    [
      41.875897,
      12.683394
    ],
    [
      41.875606,
      12.680685
    ],
    [
      41.874835,
      12.680456
    ],
    [
      41.874685,
      12.679809
    ],
    [
      41.874864,
      12.679191
    ],
    [
      41.876307,
      12.678809
    ],
    [
      41.876639,
      12.675809
    ],
    [
      41.873771,
      12.67552
    ],
    [
      41.873482,
      12.67447
    ],
    [
      41.872072,
      12.673809
    ],
    [
      41.872363,
      12.672809
    ],
    [
      41.870482,
      12.67078
    ],
    [
      41.867944,
      12.670271
    ],
    [
      41.866253,
      12.670809
    ],
    [
      41.864237,
      12.673564
    ],
    [
      41.862936,
      12.673809
    ],
    [
      41.861482,
      12.675391
    ],
    [
      41.860482,
      12.675419
    ],
    [
      41.860263,
      12.67659
    ],
    [
      41.858482,
      12.676737
    ],
    [
      41.857482,
      12.677764
    ],
    [
      41.856482,
      12.677257
    ],
    [
      41.856158,
      12.680485
    ],
    [
      41.855008,
      12.680809
    ],
    [
      41.854821,
      12.68247
    ],
    [
      41.855482,
      12.682969
    ],
    [
      41.855711,
      12.683809
    ],
    [
      41.854782,
      12.683809
    ],
    [
      41.854482,
      12.683051
    ],
    [
      41.853258,
      12.684809
    ],
    [
      41.855206,
      12.685809
    ],
    [
      41.853974,
      12.689809
    ],
    [
      41.855185,
      12.690106
    ],
    [
      41.855268,
      12.691809
    ],
    [
      41.855143,
      12.69247
    ],
    [
      41.853639,
      12.692809
    ],
    [
      41.853313,
      12.693809
    ],
    [
      41.854128,
      12.694809
    ],
    [
      41.853661,
      12.695809
    ],
    [
      41.856592,
      12.695919
    ],
    [
      41.856948,
      12.695275
    ],
    [
      41.857943,
      12.695348
    ],
    [
      41.858087,
      12.696414
    ],
    [
      41.857239,
      12.697566
    ],
    [
      41.856439,
      12.697766
    ],
    [
      41.856482,
      12.698319
    ],
    [
      41.857409,
      12.698882
    ],
    [
      41.857482,
      12.699619
    ],
    [
      41.858599,
      12.698926
    ],
    [
      41.858935,
      12.697262
    ],
    [
      41.859958,
      12.697333
    ],
    [
      41.860428,
      12.698809
    ],
    [
      41.86003,
      12.700261
    ],
    [
      41.861332,
      12.700959
    ],
    [
      41.861482,
      12.701716
    ],
    [
      41.86183,
      12.700157
    ],
    [
      41.862977,
      12.700314
    ],
    [
      41.863265,
      12.702592
    ],
    [
      41.861909,
      12.702809
    ],
    [
      41.8642,
      12.703091
    ],
    [
      41.864431,
      12.70386
    ],
    [
      41.865249,
      12.704042
    ],
    [
      41.865482,
      12.705678
    ],
    [
      41.86628,
      12.704607
    ],
    [
      41.866022,
      12.699809
    ],
    [
      41.866791,
      12.699118
    ],
    [
      41.867106,
      12.697433
    ],
    [
      41.867892,
      12.696809
    ],
    [
      41.868098,
      12.695425
    ],
    [
      41.86907,
      12.694397
    ],
    [
      41.870482,
      12.694207
    ],
    [
      41.871482,
      12.69514
    ],
    [
      41.872482,
      12.694147
    ],
    [
      41.874667,
      12.693994
    ],
    [
      41.874787,
      12.692809
    ],
    [
      41.875482,
      12.692128
    ],
    [
      41.876482,
      12.693026
    ],
    [
      41.878276,
      12.693015
    ],
    [
      41.878449,
      12.693842
    ],
    [
      41.879414,
      12.693809
    ]
  ]
}