{
  "distance500": [
    [
      41.86818,
      12.68761
    ],
    [
      41.86833,
      12.68745
    ],
    [
      41.86694,
      12.68757
    ],
    [
      41.8668,
      12.68742
    ],
    [
      41.8667,
      12.6873
    ],
    [
      41.86663,
      12.68723
    ],
    [
      41.86652,
      12.68712
    ],
    [
      41.86634,
      12.68692
    ],
    [
      41.86854,
      12.6835
    ],
    [
      41.86788,
      12.68293
    ],
    [
      41.86698,
      12.68411
    ],
    [
      41.86719,
      12.68255
    ],
    [
      41.86607,
      12.68222
    ],
    [
      41.86544,
      12.68534
    ],
    [
      41.86482,
      12.68452
    ],
    [
      41.86478,
      12.68507
    ],
    [
      41.86457,
      12.68573
    ],
    [
      41.86415,
      12.68592
    ],
    [
      41.86328,
      12.68563
    ],
    [
      41.86332,
      12.68593
    ],
    [
      41.86443,
      12.68709
    ],
    [
      41.86266,
      12.68634
    ],
    [
      41.86235,
      12.68704
    ],
    [
      41.86266,
      12.68755
    ],
    [
      41.8623,
      12.6877
    ],
    [
      41.86277,
      12.68819
    ],
    [
      41.86252,
      12.68846
    ],
    [
      41.86306,
      12.68886
    ],
    [
      41.86313,
      12.68915
    ],
    [
      41.8632,
      12.68944
    ],
    [
      41.86326,
      12.68974
    ],
    [
      41.86331,
      12.68993
    ],
    [
      41.86337,
      12.69041
    ],
    [
      41.8635,
      12.69074
    ],
    [
      41.86403,
      12.69063
    ],
    [
      41.86447,
      12.69048
    ],
    [
      41.86453,
      12.6918
    ],
    [
      41.86459,
      12.69291
    ],
    [
      41.86584,
      12.69327
    ],
    [
      41.86621,
      12.69202
    ],
    [
      41.86687,
      12.69223
    ],
    [
      41.86702,
      12.69108
    ],
    [
      41.86772,
      12.69158
    ],
    [
      41.86854,
      12.69084
    ],
    [
      41.86856,
      12.6907
    ],
    [
      41.86862,
      12.69014
    ],
    [
      41.86954,
      12.68994
    ],
    [
      41.86882,
      12.6889
    ],
    [
      41.8689,
      12.68852
    ],
    [
      41.86815,
      12.68797
    ]
  ],
  "distance1000": [
    [
      41.87208,
      12.68762
    ],
    [
      41.87258,
      12.68692
    ],
    [
      41.87268,
      12.68597
    ],
    [
      41.87212,
      12.6852
    ],
    [
      41.87094,
      12.68467
    ],
    [
      41.87051,
      12.68435
    ],
    [
      41.87013,
      12.68348
    ],
    [
      41.87166,
      12.68001
    ],
    [
      41.87137,
      12.67921
    ],
    [
      41.87037,
      12.67836
    ],
    [
      41.86962,
      12.67783
    ],
    [
      41.86878,
      12.67703
    ],
    [
      41.86819,
      12.67674
    ],
    [
      41.86523,
      12.68164
    ],
    [
      41.86402,
      12.68113
    ],
    [
      41.86297,
      12.68033
    ],
    [
      41.86246,
      12.68184
    ],
    [
      41.86111,
      12.68162
    ],
    [
      41.85988,
      12.68186
    ],
    [
      41.85998,
      12.68313
    ],
    [
      41.85987,
      12.68449
    ],
    [
      41.85882,
      12.68463
    ],
    [
      41.85964,
      12.6863
    ],
    [
      41.85904,
      12.68663
    ],
    [
      41.86013,
      12.68755
    ],
    [
      41.85866,
      12.68863
    ],
    [
      41.85891,
      12.68947
    ],
    [
      41.8584,
      12.6899
    ],
    [
      41.85954,
      12.69044
    ],
    [
      41.86038,
      12.69086
    ],
    [
      41.86094,
      12.69112
    ],
    [
      41.86022,
      12.69315
    ],
    [
      41.86058,
      12.69339
    ],
    [
      41.86149,
      12.69392
    ],
    [
      41.8616,
      12.69556
    ],
    [
      41.86199,
      12.69587
    ],
    [
      41.86269,
      12.69633
    ],
    [
      41.86563,
      12.69901
    ],
    [
      41.86614,
      12.6973
    ],
    [
      41.86717,
      12.69605
    ],
    [
      41.86735,
      12.69431
    ],
    [
      41.8676,
      12.69239
    ],
    [
      41.8691,
      12.69376
    ],
    [
      41.87059,
      12.69327
    ],
    [
      41.8708,
      12.69288
    ],
    [
      41.87213,
      12.69249
    ],
    [
      41.87346,
      12.69115
    ],
    [
      41.87392,
      12.69127
    ],
    [
      41.87307,
      12.68953
    ],
    [
      41.8727,
      12.68853
    ]
  ],
  "distance1600": [
    [
      41.87766,
      12.68688
    ],
    [
      41.87703,
      12.68605
    ],
    [
      41.87748,
      12.68397
    ],
    [
      41.87767,
      12.68322
    ],
    [
      41.87618,
      12.68141
    ],
    [
      41.87458,
      12.68151
    ],
    [
      41.87616,
      12.67682
    ],
    [
      41.87525,
      12.67648
    ],
    [
      41.87395,
      12.6752
    ],
    [
      41.87362,
      12.67453
    ],
    [
      41.87193,
      12.67263
    ],
    [
      41.87052,
      12.67141
    ],
    [
      41.86793,
      12.67061
    ],
    [
      41.86403,
      12.67327
    ],
    [
      41.86307,
      12.67464
    ],
    [
      41.86122,
      12.67726
    ],
    [
      41.85986,
      12.67708
    ],
    [
      41.85947,
      12.67698
    ],
    [
      41.85614,
      12.67751
    ],
    [
      41.85581,
      12.68033
    ],
    [
      41.85538,
      12.68057
    ],
    [
      41.8549,
      12.68242
    ],
    [
      41.85356,
      12.68461
    ],
    [
      41.85465,
      12.6854
    ],
    [
      41.8554,
      12.68737
    ],
    [
      41.85494,
      12.68827
    ],
    [
      41.85427,
      12.68997
    ],
    [
      41.85529,
      12.69168
    ],
    [
      41.85372,
      12.69342
    ],
    [
      41.85431,
      12.69376
    ],
    [
      41.85512,
      12.69552
    ],
    [
      41.85684,
      12.69611
    ],
    [
      41.85655,
      12.698
    ],
    [
      41.85788,
      12.69919
    ],
    [
      41.85982,
      12.70052
    ],
    [
      41.86009,
      12.70037
    ],
    [
      41.86158,
      12.7011
    ],
    [
      41.86542,
      12.70565
    ],
    [
      41.86611,
      12.69796
    ],
    [
      41.86717,
      12.69605
    ],
    [
      41.86753,
      12.69556
    ],
    [
      41.86869,
      12.69429
    ],
    [
      41.86908,
      12.69379
    ],
    [
      41.87184,
      12.694
    ],
    [
      41.87426,
      12.69437
    ],
    [
      41.87414,
      12.69406
    ],
    [
      41.87901,
      12.69362
    ],
    [
      41.87676,
      12.69242
    ],
    [
      41.87657,
      12.69002
    ],
    [
      41.87683,
      12.68822
    ]
  ]
}