{
  "distance500": [
    [
      41.916406,
      12.47518
    ],
    [
      41.917031,
      12.47418
    ],
    [
      41.916673,
      12.47318
    ],
    [
      41.914611,
      12.47118
    ],
    [
      41.914352,
      12.471069
    ],
    [
      41.914137,
      12.471964
    ],
    [
      41.913352,
      12.472031
    ],
    [
      41.912678,
      12.471855
    ],
    [
      41.912352,
      12.470829
    ],
    [
      41.911652,
      12.47148
    ],
    [
      41.909352,
      12.472013
    ],
    [
      41.908821,
      12.47518
    ],
    [
      41.908885,
      12.47618
    ],
    [
      41.909994,
      12.47818
    ],
    [
      41.912733,
      12.4788
    ],
    [
      41.913352,
      12.480276
    ],
    [
      41.913776,
      12.479603
    ],
    [
      41.914041,
      12.476869
    ],
    [
      41.916406,
      12.47518
    ]
  ],
  "distance1000": [
    [
      41.920978,
      12.47318
    ],
    [
      41.921189,
      12.47218
    ],
    [
      41.920846,
      12.471687
    ],
    [
      41.917951,
      12.469779
    ],
    [
      41.916805,
      12.470632
    ],
    [
      41.915098,
      12.470435
    ],
    [
      41.915352,
      12.469653
    ],
    [
      41.917096,
      12.469436
    ],
    [
      41.917352,
      12.470105
    ],
    [
      41.917834,
      12.469661
    ],
    [
      41.915352,
      12.465555
    ],
    [
      41.912352,
      12.46574
    ],
    [
      41.911352,
      12.465307
    ],
    [
      41.909352,
      12.466888
    ],
    [
      41.908352,
      12.466459
    ],
    [
      41.906136,
      12.47018
    ],
    [
      41.905507,
      12.473025
    ],
    [
      41.905654,
      12.47418
    ],
    [
      41.904451,
      12.47518
    ],
    [
      41.905483,
      12.47718
    ],
    [
      41.905352,
      12.478572
    ],
    [
      41.906563,
      12.47918
    ],
    [
      41.9063,
      12.481232
    ],
    [
      41.907352,
      12.482196
    ],
    [
      41.908434,
      12.482262
    ],
    [
      41.908801,
      12.481628
    ],
    [
      41.911143,
      12.48097
    ],
    [
      41.912352,
      12.481081
    ],
    [
      41.911811,
      12.48218
    ],
    [
      41.911571,
      12.48418
    ],
    [
      41.912352,
      12.485532
    ],
    [
      41.913356,
      12.485183
    ],
    [
      41.914086,
      12.482914
    ],
    [
      41.915352,
      12.482487
    ],
    [
      41.916613,
      12.48118
    ],
    [
      41.91654,
      12.479992
    ],
    [
      41.914829,
      12.478703
    ],
    [
      41.914599,
      12.47718
    ],
    [
      41.915936,
      12.475764
    ],
    [
      41.917352,
      12.475434
    ],
    [
      41.918057,
      12.475476
    ],
    [
      41.918352,
      12.477046
    ],
    [
      41.919352,
      12.476127
    ],
    [
      41.919795,
      12.473622
    ],
    [
      41.920978,
      12.47318
    ]
  ],
  "distance1600": [
    [
      41.925999,
      12.47318
    ],
    [
      41.926302,
      12.47018
    ],
    [
      41.92552,
      12.470012
    ],
    [
      41.924498,
      12.46818
    ],
    [
      41.923572,
      12.46796
    ],
    [
      41.923352,
      12.466672
    ],
    [
      41.923021,
      12.468849
    ],
    [
      41.921746,
      12.468787
    ],
    [
      41.921506,
      12.46718
    ],
    [
      41.921775,
      12.46618
    ],
    [
      41.921352,
      12.464318
    ],
    [
      41.919294,
      12.46318
    ],
    [
      41.919104,
      12.461429
    ],
    [
      41.917352,
      12.459993
    ],
    [
      41.915352,
      12.45918
    ],
    [
      41.912101,
      12.459431
    ],
    [
      41.909352,
      12.458451
    ],
    [
      41.908352,
      12.460048
    ],
    [
      41.906174,
      12.460002
    ],
    [
      41.904175,
      12.465002
    ],
    [
      41.905007,
      12.46618
    ],
    [
      41.903648,
      12.467475
    ],
    [
      41.902223,
      12.468051
    ],
    [
      41.900956,
      12.47218
    ],
    [
      41.899319,
      12.47518
    ],
    [
      41.90195,
      12.47918
    ],
    [
      41.902504,
      12.484029
    ],
    [
      41.904167,
      12.487365
    ],
    [
      41.905352,
      12.487095
    ],
    [
      41.90629,
      12.48618
    ],
    [
      41.905577,
      12.485956
    ],
    [
      41.905835,
      12.484662
    ],
    [
      41.906883,
      12.484649
    ],
    [
      41.907743,
      12.48618
    ],
    [
      41.907703,
      12.48918
    ],
    [
      41.907987,
      12.489545
    ],
    [
      41.911055,
      12.491477
    ],
    [
      41.913352,
      12.491428
    ],
    [
      41.917384,
      12.48918
    ],
    [
      41.917306,
      12.48718
    ],
    [
      41.916235,
      12.48618
    ],
    [
      41.91718,
      12.48418
    ],
    [
      41.917162,
      12.48318
    ],
    [
      41.916527,
      12.483005
    ],
    [
      41.916404,
      12.48218
    ],
    [
      41.917352,
      12.481236
    ],
    [
      41.91919,
      12.482018
    ],
    [
      41.921787,
      12.48118
    ],
    [
      41.921415,
      12.481118
    ],
    [
      41.921483,
      12.479311
    ],
    [
      41.921968,
      12.47918
    ],
    [
      41.922262,
      12.47709
    ],
    [
      41.923,
      12.47618
    ],
    [
      41.921882,
      12.47465
    ],
    [
      41.920981,
      12.47418
    ],
    [
      41.922145,
      12.473972
    ],
    [
      41.922352,
      12.472861
    ],
    [
      41.925352,
      12.473671
    ],
    [
      41.925999,
      12.47318
    ]
  ]
}