{
  "distance500": [
    [
      41.91569,
      12.47494
    ],
    [
      41.9154,
      12.47444
    ],
    [
      41.91596,
      12.47421
    ],
    [
      41.91577,
      12.47358
    ],
    [
      41.91639,
      12.4731
    ],
    [
      41.91491,
      12.47334
    ],
    [
      41.91477,
      12.47277
    ],
    [
      41.91452,
      12.47287
    ],
    [
      41.9146,
      12.47191
    ],
    [
      41.91439,
      12.47158
    ],
    [
      41.91369,
      12.47193
    ],
    [
      41.91325,
      12.47209
    ],
    [
      41.91307,
      12.47232
    ],
    [
      41.91216,
      12.4726
    ],
    [
      41.91193,
      12.47262
    ],
    [
      41.91185,
      12.47264
    ],
    [
      41.91146,
      12.4728
    ],
    [
      41.91106,
      12.47306
    ],
    [
      41.91029,
      12.47287
    ],
    [
      41.90977,
      12.47255
    ],
    [
      41.90994,
      12.47323
    ],
    [
      41.91005,
      12.47375
    ],
    [
      41.91007,
      12.47431
    ],
    [
      41.91149,
      12.47488
    ],
    [
      41.91145,
      12.4751
    ],
    [
      41.91146,
      12.47515
    ],
    [
      41.91149,
      12.47527
    ],
    [
      41.91153,
      12.47544
    ],
    [
      41.91156,
      12.47555
    ],
    [
      41.91158,
      12.47567
    ],
    [
      41.91161,
      12.47579
    ],
    [
      41.91165,
      12.476
    ],
    [
      41.91167,
      12.47618
    ],
    [
      41.91169,
      12.47629
    ],
    [
      41.91175,
      12.47671
    ],
    [
      41.91179,
      12.47694
    ],
    [
      41.91193,
      12.47727
    ],
    [
      41.91254,
      12.47909
    ],
    [
      41.91289,
      12.47842
    ],
    [
      41.91324,
      12.47914
    ],
    [
      41.91265,
      12.47549
    ],
    [
      41.91269,
      12.47548
    ],
    [
      41.91273,
      12.47546
    ],
    [
      41.91282,
      12.47542
    ],
    [
      41.91286,
      12.4754
    ],
    [
      41.9129,
      12.47538
    ],
    [
      41.91299,
      12.47533
    ],
    [
      41.91312,
      12.47528
    ],
    [
      41.91542,
      12.47555
    ],
    [
      41.9154,
      12.47545
    ]
  ],
  "distance1000": [
    [
      41.91906,
      12.47486
    ],
    [
      41.91961,
      12.47336
    ],
    [
      41.92001,
      12.4732
    ],
    [
      41.91935,
      12.47165
    ],
    [
      41.91875,
      12.4712
    ],
    [
      41.91871,
      12.47085
    ],
    [
      41.9167,
      12.47158
    ],
    [
      41.91552,
      12.47157
    ],
    [
      41.91483,
      12.47164
    ],
    [
      41.91449,
      12.4712
    ],
    [
      41.91566,
      12.46685
    ],
    [
      41.91523,
      12.46603
    ],
    [
      41.91465,
      12.46618
    ],
    [
      41.91205,
      12.46832
    ],
    [
      41.91123,
      12.46893
    ],
    [
      41.91117,
      12.47073
    ],
    [
      41.91042,
      12.47113
    ],
    [
      41.90982,
      12.47077
    ],
    [
      41.90914,
      12.47081
    ],
    [
      41.90878,
      12.47205
    ],
    [
      41.90848,
      12.47229
    ],
    [
      41.90786,
      12.47267
    ],
    [
      41.90936,
      12.47397
    ],
    [
      41.90861,
      12.47451
    ],
    [
      41.90808,
      12.47494
    ],
    [
      41.90645,
      12.47572
    ],
    [
      41.90663,
      12.47604
    ],
    [
      41.90873,
      12.47605
    ],
    [
      41.90912,
      12.47672
    ],
    [
      41.90911,
      12.477
    ],
    [
      41.90925,
      12.47758
    ],
    [
      41.90936,
      12.4779
    ],
    [
      41.91167,
      12.47618
    ],
    [
      41.91169,
      12.47629
    ],
    [
      41.91175,
      12.47671
    ],
    [
      41.91179,
      12.47694
    ],
    [
      41.91008,
      12.48217
    ],
    [
      41.91248,
      12.48455
    ],
    [
      41.91314,
      12.48323
    ],
    [
      41.91354,
      12.48184
    ],
    [
      41.91494,
      12.48062
    ],
    [
      41.91538,
      12.48075
    ],
    [
      41.91552,
      12.48003
    ],
    [
      41.91282,
      12.47542
    ],
    [
      41.91286,
      12.4754
    ],
    [
      41.9129,
      12.47538
    ],
    [
      41.91504,
      12.47619
    ],
    [
      41.91477,
      12.47601
    ],
    [
      41.91833,
      12.47599
    ],
    [
      41.91832,
      12.47524
    ]
  ],
  "distance1600": [
    [
      41.92047,
      12.47503
    ],
    [
      41.9251,
      12.47283
    ],
    [
      41.9252,
      12.47125
    ],
    [
      41.92342,
      12.46953
    ],
    [
      41.92325,
      12.46836
    ],
    [
      41.92347,
      12.46757
    ],
    [
      41.92104,
      12.46708
    ],
    [
      41.92084,
      12.46498
    ],
    [
      41.91969,
      12.46453
    ],
    [
      41.91869,
      12.46349
    ],
    [
      41.91736,
      12.46266
    ],
    [
      41.916,
      12.46278
    ],
    [
      41.91529,
      12.4601
    ],
    [
      41.91157,
      12.45933
    ],
    [
      41.90976,
      12.46305
    ],
    [
      41.90855,
      12.46468
    ],
    [
      41.90811,
      12.46581
    ],
    [
      41.90685,
      12.46726
    ],
    [
      41.90545,
      12.46769
    ],
    [
      41.9054,
      12.46845
    ],
    [
      41.90541,
      12.47086
    ],
    [
      41.90331,
      12.47123
    ],
    [
      41.9036,
      12.47182
    ],
    [
      41.90426,
      12.47303
    ],
    [
      41.90491,
      12.47504
    ],
    [
      41.90316,
      12.4752
    ],
    [
      41.90331,
      12.47717
    ],
    [
      41.90341,
      12.4778
    ],
    [
      41.9033,
      12.47943
    ],
    [
      41.9049,
      12.47983
    ],
    [
      41.90526,
      12.4808
    ],
    [
      41.90507,
      12.48157
    ],
    [
      41.91071,
      12.47728
    ],
    [
      41.91098,
      12.47727
    ],
    [
      41.90839,
      12.48366
    ],
    [
      41.90867,
      12.48595
    ],
    [
      41.90914,
      12.4871
    ],
    [
      41.90962,
      12.48837
    ],
    [
      41.91304,
      12.48345
    ],
    [
      41.91354,
      12.48184
    ],
    [
      41.91494,
      12.48062
    ],
    [
      41.91538,
      12.48075
    ],
    [
      41.91655,
      12.48174
    ],
    [
      41.91832,
      12.48081
    ],
    [
      41.91989,
      12.48092
    ],
    [
      41.92083,
      12.48056
    ],
    [
      41.91979,
      12.47922
    ],
    [
      41.92014,
      12.4772
    ],
    [
      41.92077,
      12.47668
    ],
    [
      41.92151,
      12.47614
    ]
  ]
}