{
  "distance500": [
    [
      41.878772,
      12.520105
    ],
    [
      41.87874,
      12.517996
    ],
    [
      41.87774,
      12.517539
    ],
    [
      41.87674,
      12.515886
    ],
    [
      41.874725,
      12.51612
    ],
    [
      41.87374,
      12.514445
    ],
    [
      41.87274,
      12.514858
    ],
    [
      41.871162,
      12.517105
    ],
    [
      41.871216,
      12.521105
    ],
    [
      41.871767,
      12.523078
    ],
    [
      41.873528,
      12.524317
    ],
    [
      41.877871,
      12.524237
    ],
    [
      41.878772,
      12.520105
    ]
  ],
  "distance1000": [
    [
      41.88174,
      12.527105
    ],
    [
      41.880954,
      12.526891
    ],
    [
      41.880864,
      12.525981
    ],
    [
      41.880126,
      12.525719
    ],
    [
      41.879927,
      12.524918
    ],
    [
      41.879046,
      12.524105
    ],
    [
      41.87974,
      12.523294
    ],
    [
      41.880499,
      12.523346
    ],
    [
      41.88074,
      12.52393
    ],
    [
      41.881622,
      12.523988
    ],
    [
      41.88174,
      12.523576
    ],
    [
      41.881913,
      12.522105
    ],
    [
      41.881354,
      12.521105
    ],
    [
      41.881825,
      12.520105
    ],
    [
      41.881905,
      12.51694
    ],
    [
      41.881564,
      12.516105
    ],
    [
      41.882136,
      12.515105
    ],
    [
      41.881939,
      12.513906
    ],
    [
      41.87974,
      12.513507
    ],
    [
      41.87874,
      12.512451
    ],
    [
      41.878472,
      12.513838
    ],
    [
      41.875229,
      12.513616
    ],
    [
      41.875005,
      12.512371
    ],
    [
      41.87574,
      12.511392
    ],
    [
      41.87574,
      12.510556
    ],
    [
      41.875663,
      12.511029
    ],
    [
      41.874054,
      12.510791
    ],
    [
      41.873816,
      12.509182
    ],
    [
      41.874249,
      12.509105
    ],
    [
      41.87374,
      12.508814
    ],
    [
      41.869404,
      12.513105
    ],
    [
      41.868905,
      12.514105
    ],
    [
      41.868939,
      12.515105
    ],
    [
      41.867663,
      12.517182
    ],
    [
      41.86823,
      12.521105
    ],
    [
      41.86767,
      12.523035
    ],
    [
      41.868111,
      12.525734
    ],
    [
      41.86974,
      12.526163
    ],
    [
      41.870484,
      12.528361
    ],
    [
      41.87174,
      12.528736
    ],
    [
      41.87374,
      12.528508
    ],
    [
      41.877742,
      12.529108
    ],
    [
      41.878561,
      12.528927
    ],
    [
      41.87874,
      12.528105
    ],
    [
      41.881017,
      12.528382
    ],
    [
      41.88174,
      12.527105
    ]
  ],
  "distance1600": [
    [
      41.886774,
      12.522105
    ],
    [
      41.886054,
      12.519105
    ],
    [
      41.88531,
      12.518105
    ],
    [
      41.88674,
      12.517105
    ],
    [
      41.887154,
      12.515105
    ],
    [
      41.885732,
      12.513105
    ],
    [
      41.88574,
      12.51005
    ],
    [
      41.88174,
      12.507175
    ],
    [
      41.88074,
      12.505738
    ],
    [
      41.877432,
      12.504413
    ],
    [
      41.87674,
      12.502343
    ],
    [
      41.8756,
      12.502965
    ],
    [
      41.87374,
      12.502949
    ],
    [
      41.873557,
      12.503288
    ],
    [
      41.874116,
      12.503729
    ],
    [
      41.87374,
      12.5044
    ],
    [
      41.873139,
      12.503706
    ],
    [
      41.87174,
      12.503346
    ],
    [
      41.87137,
      12.503736
    ],
    [
      41.871398,
      12.504447
    ],
    [
      41.872105,
      12.504739
    ],
    [
      41.872086,
      12.505451
    ],
    [
      41.87174,
      12.50579
    ],
    [
      41.87074,
      12.50485
    ],
    [
      41.870129,
      12.505494
    ],
    [
      41.869785,
      12.506105
    ],
    [
      41.870556,
      12.506289
    ],
    [
      41.870583,
      12.507105
    ],
    [
      41.869678,
      12.508105
    ],
    [
      41.870428,
      12.509105
    ],
    [
      41.86974,
      12.509805
    ],
    [
      41.868596,
      12.509962
    ],
    [
      41.868232,
      12.511598
    ],
    [
      41.867165,
      12.51168
    ],
    [
      41.86674,
      12.51006
    ],
    [
      41.865233,
      12.510105
    ],
    [
      41.865406,
      12.513439
    ],
    [
      41.865843,
      12.514002
    ],
    [
      41.866349,
      12.517105
    ],
    [
      41.865429,
      12.517794
    ],
    [
      41.865162,
      12.519528
    ],
    [
      41.863187,
      12.520105
    ],
    [
      41.863901,
      12.521105
    ],
    [
      41.863375,
      12.522105
    ],
    [
      41.864193,
      12.524105
    ],
    [
      41.865442,
      12.524403
    ],
    [
      41.865583,
      12.525105
    ],
    [
      41.86461,
      12.526976
    ],
    [
      41.864674,
      12.530171
    ],
    [
      41.869034,
      12.534811
    ],
    [
      41.871186,
      12.535659
    ],
    [
      41.87274,
      12.535448
    ],
    [
      41.87374,
      12.53443
    ],
    [
      41.87474,
      12.535134
    ],
    [
      41.87574,
      12.534035
    ],
    [
      41.87674,
      12.534558
    ],
    [
      41.878556,
      12.534289
    ],
    [
      41.87874,
      12.534763
    ],
    [
      41.879412,
      12.533778
    ],
    [
      41.881886,
      12.533251
    ],
    [
      41.883032,
      12.532397
    ],
    [
      41.883761,
      12.531105
    ],
    [
      41.882209,
      12.529636
    ],
    [
      41.882089,
      12.526756
    ],
    [
      41.881347,
      12.526498
    ],
    [
      41.881142,
      12.525702
    ],
    [
      41.880203,
      12.525105
    ],
    [
      41.88074,
      12.524468
    ],
    [
      41.881168,
      12.524677
    ],
    [
      41.881372,
      12.525473
    ],
    [
      41.882208,
      12.525637
    ],
    [
      41.882446,
      12.526399
    ],
    [
      41.885378,
      12.526105
    ],
    [
      41.88607,
      12.525105
    ],
    [
      41.886774,
      12.522105
    ]
  ]
}