{
  "distance500": [
    [
      41.87654,
      12.51982
    ],
    [
      41.87647,
      12.51973
    ],
    [
      41.87632,
      12.51942
    ],
    [
      41.87631,
      12.51922
    ],
    [
      41.87631,
      12.51904
    ],
    [
      41.8763,
      12.51882
    ],
    [
      41.87629,
      12.5185
    ],
    [
      41.87628,
      12.5181
    ],
    [
      41.87627,
      12.5178
    ],
    [
      41.87624,
      12.5169
    ],
    [
      41.8762,
      12.51641
    ],
    [
      41.87577,
      12.51658
    ],
    [
      41.875,
      12.51574
    ],
    [
      41.8746,
      12.51686
    ],
    [
      41.87446,
      12.51773
    ],
    [
      41.87417,
      12.5178
    ],
    [
      41.87416,
      12.51849
    ],
    [
      41.87378,
      12.51855
    ],
    [
      41.87394,
      12.51879
    ],
    [
      41.87377,
      12.51903
    ],
    [
      41.87417,
      12.51955
    ],
    [
      41.8741,
      12.51963
    ],
    [
      41.874,
      12.51976
    ],
    [
      41.87321,
      12.51976
    ],
    [
      41.87304,
      12.51996
    ],
    [
      41.87281,
      12.51999
    ],
    [
      41.8728,
      12.52025
    ],
    [
      41.87343,
      12.52049
    ],
    [
      41.87335,
      12.52063
    ],
    [
      41.87351,
      12.52068
    ],
    [
      41.87368,
      12.52073
    ],
    [
      41.87386,
      12.52079
    ],
    [
      41.87403,
      12.52085
    ],
    [
      41.87417,
      12.52089
    ],
    [
      41.87426,
      12.52092
    ],
    [
      41.87443,
      12.52098
    ],
    [
      41.87452,
      12.521
    ],
    [
      41.87461,
      12.52102
    ],
    [
      41.8749,
      12.52091
    ],
    [
      41.87519,
      12.5223
    ],
    [
      41.87538,
      12.52207
    ],
    [
      41.87565,
      12.52174
    ],
    [
      41.87575,
      12.52162
    ],
    [
      41.87672,
      12.52234
    ],
    [
      41.87628,
      12.52129
    ],
    [
      41.87662,
      12.52108
    ],
    [
      41.87648,
      12.52089
    ],
    [
      41.87661,
      12.52066
    ],
    [
      41.87666,
      12.52022
    ],
    [
      41.87669,
      12.52018
    ]
  ],
  "distance1000": [
    [
      41.87924,
      12.51955
    ],
    [
      41.87973,
      12.51919
    ],
    [
      41.87892,
      12.51874
    ],
    [
      41.87868,
      12.51812
    ],
    [
      41.87997,
      12.51669
    ],
    [
      41.87998,
      12.51653
    ],
    [
      41.87966,
      12.51499
    ],
    [
      41.87932,
      12.51483
    ],
    [
      41.87871,
      12.51414
    ],
    [
      41.87899,
      12.51294
    ],
    [
      41.87688,
      12.51542
    ],
    [
      41.87611,
      12.51612
    ],
    [
      41.8747,
      12.5113
    ],
    [
      41.87416,
      12.51105
    ],
    [
      41.87364,
      12.5121
    ],
    [
      41.87329,
      12.51392
    ],
    [
      41.87236,
      12.51472
    ],
    [
      41.87184,
      12.51505
    ],
    [
      41.87109,
      12.5162
    ],
    [
      41.87039,
      12.51659
    ],
    [
      41.87121,
      12.51774
    ],
    [
      41.86991,
      12.5175
    ],
    [
      41.87026,
      12.51822
    ],
    [
      41.87001,
      12.51931
    ],
    [
      41.8702,
      12.51949
    ],
    [
      41.87024,
      12.52048
    ],
    [
      41.86997,
      12.52093
    ],
    [
      41.87095,
      12.52133
    ],
    [
      41.87126,
      12.52178
    ],
    [
      41.86941,
      12.52348
    ],
    [
      41.86942,
      12.52418
    ],
    [
      41.87068,
      12.52415
    ],
    [
      41.87283,
      12.52245
    ],
    [
      41.87294,
      12.5227
    ],
    [
      41.87186,
      12.52635
    ],
    [
      41.87215,
      12.52598
    ],
    [
      41.87283,
      12.5264
    ],
    [
      41.87328,
      12.5264
    ],
    [
      41.87562,
      12.52578
    ],
    [
      41.87636,
      12.52672
    ],
    [
      41.87762,
      12.52669
    ],
    [
      41.87834,
      12.52637
    ],
    [
      41.87842,
      12.52621
    ],
    [
      41.87999,
      12.52644
    ],
    [
      41.87851,
      12.52331
    ],
    [
      41.87884,
      12.52273
    ],
    [
      41.87992,
      12.52245
    ],
    [
      41.87986,
      12.52131
    ],
    [
      41.8769,
      12.52025
    ],
    [
      41.8795,
      12.52021
    ]
  ],
  "distance1600": [
    [
      41.8835,
      12.51941
    ],
    [
      41.88314,
      12.51825
    ],
    [
      41.88397,
      12.51727
    ],
    [
      41.88456,
      12.51501
    ],
    [
      41.88451,
      12.51499
    ],
    [
      41.88386,
      12.5136
    ],
    [
      41.88364,
      12.51211
    ],
    [
      41.88143,
      12.5116
    ],
    [
      41.8812,
      12.5102
    ],
    [
      41.88195,
      12.50834
    ],
    [
      41.87901,
      12.50831
    ],
    [
      41.87802,
      12.50832
    ],
    [
      41.87553,
      12.50446
    ],
    [
      41.8733,
      12.50543
    ],
    [
      41.87282,
      12.50818
    ],
    [
      41.8716,
      12.51059
    ],
    [
      41.87138,
      12.51297
    ],
    [
      41.87049,
      12.51347
    ],
    [
      41.86971,
      12.51377
    ],
    [
      41.86943,
      12.51507
    ],
    [
      41.86887,
      12.51583
    ],
    [
      41.86841,
      12.51687
    ],
    [
      41.86837,
      12.51739
    ],
    [
      41.86798,
      12.51886
    ],
    [
      41.8679,
      12.5193
    ],
    [
      41.86743,
      12.5203
    ],
    [
      41.8665,
      12.52123
    ],
    [
      41.86978,
      12.52126
    ],
    [
      41.86887,
      12.52294
    ],
    [
      41.86826,
      12.52405
    ],
    [
      41.8672,
      12.52587
    ],
    [
      41.86786,
      12.52654
    ],
    [
      41.86739,
      12.52968
    ],
    [
      41.86743,
      12.53024
    ],
    [
      41.86867,
      12.53134
    ],
    [
      41.87055,
      12.53166
    ],
    [
      41.87116,
      12.53249
    ],
    [
      41.87178,
      12.53332
    ],
    [
      41.87639,
      12.53049
    ],
    [
      41.877,
      12.53214
    ],
    [
      41.87986,
      12.53198
    ],
    [
      41.88087,
      12.53152
    ],
    [
      41.88155,
      12.53151
    ],
    [
      41.88215,
      12.52887
    ],
    [
      41.88177,
      12.52514
    ],
    [
      41.8838,
      12.52585
    ],
    [
      41.88397,
      12.52434
    ],
    [
      41.8842,
      12.52261
    ],
    [
      41.88465,
      12.52227
    ],
    [
      41.88338,
      12.51998
    ]
  ]
}