{
  "distance500": [
    [
      42.383102,
      12.437747
    ],
    [
      42.383122,
      12.436881
    ],
    [
      42.383885,
      12.436747
    ],
    [
      42.381988,
      12.435839
    ],
    [
      42.381891,
      12.436649
    ],
    [
      42.380876,
      12.436635
    ],
    [
      42.380783,
      12.437747
    ],
    [
      42.379988,
      12.438462
    ],
    [
      42.379087,
      12.437747
    ],
    [
      42.378988,
      12.436474
    ],
    [
      42.377988,
      12.436844
    ],
    [
      42.377917,
      12.441676
    ],
    [
      42.377335,
      12.441747
    ],
    [
      42.377988,
      12.442123
    ],
    [
      42.379993,
      12.441752
    ],
    [
      42.382349,
      12.438107
    ],
    [
      42.383102,
      12.437747
    ]
  ],
  "distance1000": [
    [
      42.387054,
      12.433747
    ],
    [
      42.386901,
      12.432747
    ],
    [
      42.385902,
      12.43266
    ],
    [
      42.384988,
      12.433255
    ],
    [
      42.383988,
      12.432006
    ],
    [
      42.382988,
      12.432476
    ],
    [
      42.382557,
      12.433747
    ],
    [
      42.382921,
      12.433814
    ],
    [
      42.382903,
      12.434747
    ],
    [
      42.380627,
      12.436386
    ],
    [
      42.380557,
      12.437747
    ],
    [
      42.379988,
      12.438274
    ],
    [
      42.379367,
      12.437747
    ],
    [
      42.379334,
      12.436747
    ],
    [
      42.380287,
      12.436046
    ],
    [
      42.380245,
      12.434003
    ],
    [
      42.380531,
      12.433747
    ],
    [
      42.379988,
      12.432331
    ],
    [
      42.378988,
      12.432283
    ],
    [
      42.37862,
      12.432747
    ],
    [
      42.379882,
      12.432852
    ],
    [
      42.379782,
      12.434747
    ],
    [
      42.377988,
      12.436418
    ],
    [
      42.376118,
      12.434616
    ],
    [
      42.375276,
      12.434459
    ],
    [
      42.375026,
      12.432709
    ],
    [
      42.374436,
      12.432747
    ],
    [
      42.374899,
      12.432836
    ],
    [
      42.374851,
      12.434747
    ],
    [
      42.375804,
      12.434931
    ],
    [
      42.375867,
      12.435868
    ],
    [
      42.377425,
      12.437309
    ],
    [
      42.37759,
      12.439747
    ],
    [
      42.376651,
      12.440747
    ],
    [
      42.376459,
      12.442218
    ],
    [
      42.374171,
      12.442747
    ],
    [
      42.373988,
      12.445747
    ],
    [
      42.374066,
      12.444824
    ],
    [
      42.375067,
      12.444826
    ],
    [
      42.37531,
      12.444069
    ],
    [
      42.376988,
      12.443899
    ],
    [
      42.377806,
      12.444747
    ],
    [
      42.377742,
      12.445501
    ],
    [
      42.376953,
      12.445747
    ],
    [
      42.376895,
      12.446747
    ],
    [
      42.377007,
      12.446728
    ],
    [
      42.377063,
      12.445822
    ],
    [
      42.378988,
      12.445806
    ],
    [
      42.379035,
      12.445747
    ],
    [
      42.378228,
      12.445507
    ],
    [
      42.378547,
      12.442306
    ],
    [
      42.380213,
      12.441971
    ],
    [
      42.381171,
      12.440929
    ],
    [
      42.381635,
      12.439393
    ],
    [
      42.384208,
      12.436966
    ],
    [
      42.385359,
      12.435117
    ],
    [
      42.386091,
      12.43485
    ],
    [
      42.38621,
      12.433968
    ],
    [
      42.387054,
      12.433747
    ]
  ],
  "distance1600": [
    [
      42.392,
      12.429747
    ],
    [
      42.391796,
      12.428747
    ],
    [
      42.391045,
      12.42869
    ],
    [
      42.389988,
      12.428808
    ],
    [
      42.389716,
      12.429475
    ],
    [
      42.386579,
      12.429338
    ],
    [
      42.385932,
      12.430803
    ],
    [
      42.386988,
      12.430884
    ],
    [
      42.387682,
      12.431747
    ],
    [
      42.386988,
      12.432374
    ],
    [
      42.385988,
      12.432348
    ],
    [
      42.384298,
      12.430747
    ],
    [
      42.384118,
      12.428617
    ],
    [
      42.382988,
      12.428603
    ],
    [
      42.381751,
      12.429747
    ],
    [
      42.381719,
      12.430747
    ],
    [
      42.382638,
      12.431747
    ],
    [
      42.380988,
      12.43344
    ],
    [
      42.380381,
      12.432747
    ],
    [
      42.38022,
      12.431515
    ],
    [
      42.379297,
      12.430747
    ],
    [
      42.379364,
      12.429123
    ],
    [
      42.380064,
      12.428747
    ],
    [
      42.379862,
      12.427873
    ],
    [
      42.377893,
      12.427652
    ],
    [
      42.377806,
      12.428747
    ],
    [
      42.378737,
      12.429747
    ],
    [
      42.378679,
      12.430747
    ],
    [
      42.377988,
      12.43143
    ],
    [
      42.376435,
      12.431299
    ],
    [
      42.375988,
      12.430568
    ],
    [
      42.374046,
      12.430689
    ],
    [
      42.373432,
      12.426303
    ],
    [
      42.372988,
      12.425814
    ],
    [
      42.372691,
      12.431747
    ],
    [
      42.374393,
      12.433342
    ],
    [
      42.374557,
      12.434747
    ],
    [
      42.377303,
      12.437432
    ],
    [
      42.377436,
      12.440747
    ],
    [
      42.375988,
      12.442256
    ],
    [
      42.373988,
      12.442389
    ],
    [
      42.372988,
      12.443551
    ],
    [
      42.371915,
      12.443674
    ],
    [
      42.371607,
      12.446365
    ],
    [
      42.369988,
      12.447152
    ],
    [
      42.369073,
      12.448747
    ],
    [
      42.372846,
      12.448889
    ],
    [
      42.372988,
      12.449671
    ],
    [
      42.373866,
      12.449868
    ],
    [
      42.373988,
      12.450649
    ],
    [
      42.374412,
      12.448171
    ],
    [
      42.375519,
      12.447277
    ],
    [
      42.37724,
      12.446999
    ],
    [
      42.377988,
      12.446173
    ],
    [
      42.378645,
      12.446747
    ],
    [
      42.378785,
      12.44795
    ],
    [
      42.379725,
      12.448747
    ],
    [
      42.379849,
      12.451608
    ],
    [
      42.379297,
      12.451747
    ],
    [
      42.380898,
      12.451837
    ],
    [
      42.380988,
      12.45259
    ],
    [
      42.381289,
      12.451446
    ],
    [
      42.380257,
      12.450477
    ],
    [
      42.380251,
      12.447747
    ],
    [
      42.379331,
      12.446747
    ],
    [
      42.381257,
      12.445747
    ],
    [
      42.378601,
      12.445133
    ],
    [
      42.378498,
      12.442747
    ],
    [
      42.380338,
      12.442097
    ],
    [
      42.381318,
      12.441076
    ],
    [
      42.38172,
      12.439479
    ],
    [
      42.388774,
      12.432533
    ],
    [
      42.389988,
      12.431589
    ],
    [
      42.390988,
      12.431707
    ],
    [
      42.391799,
      12.430747
    ],
    [
      42.392,
      12.429747
    ]
  ]
}