{
  "distance500": [
    [
      41.869761,
      12.480636
    ],
    [
      41.870335,
      12.479636
    ],
    [
      41.869859,
      12.478636
    ],
    [
      41.866818,
      12.477298
    ],
    [
      41.866494,
      12.476622
    ],
    [
      41.866412,
      12.477569
    ],
    [
      41.86448,
      12.477625
    ],
    [
      41.864295,
      12.478451
    ],
    [
      41.862809,
      12.478636
    ],
    [
      41.863626,
      12.479636
    ],
    [
      41.864358,
      12.481758
    ],
    [
      41.865916,
      12.4822
    ],
    [
      41.86648,
      12.483037
    ],
    [
      41.86748,
      12.483094
    ],
    [
      41.867937,
      12.480094
    ],
    [
      41.869304,
      12.479812
    ],
    [
      41.86939,
      12.480547
    ],
    [
      41.869761,
      12.480636
    ]
  ],
  "distance1000": [
    [
      41.87486,
      12.480636
    ],
    [
      41.874158,
      12.479636
    ],
    [
      41.874446,
      12.477636
    ],
    [
      41.873058,
      12.476636
    ],
    [
      41.87148,
      12.474547
    ],
    [
      41.86848,
      12.474485
    ],
    [
      41.865917,
      12.477074
    ],
    [
      41.864283,
      12.47744
    ],
    [
      41.86348,
      12.478306
    ],
    [
      41.862729,
      12.477636
    ],
    [
      41.862609,
      12.476507
    ],
    [
      41.860792,
      12.476324
    ],
    [
      41.860503,
      12.474613
    ],
    [
      41.85948,
      12.474561
    ],
    [
      41.858682,
      12.477636
    ],
    [
      41.85933,
      12.478786
    ],
    [
      41.862072,
      12.481044
    ],
    [
      41.863561,
      12.481555
    ],
    [
      41.863749,
      12.482636
    ],
    [
      41.863118,
      12.483636
    ],
    [
      41.86348,
      12.486057
    ],
    [
      41.86748,
      12.488453
    ],
    [
      41.868364,
      12.487521
    ],
    [
      41.868443,
      12.4866
    ],
    [
      41.870233,
      12.485636
    ],
    [
      41.87148,
      12.484151
    ],
    [
      41.871739,
      12.482896
    ],
    [
      41.873199,
      12.482636
    ],
    [
      41.87486,
      12.480636
    ]
  ],
  "distance1600": [
    [
      41.879615,
      12.483636
    ],
    [
      41.878724,
      12.478392
    ],
    [
      41.879225,
      12.474636
    ],
    [
      41.876706,
      12.47341
    ],
    [
      41.874876,
      12.47324
    ],
    [
      41.87448,
      12.471853
    ],
    [
      41.874255,
      12.472411
    ],
    [
      41.87048,
      12.472309
    ],
    [
      41.867797,
      12.473954
    ],
    [
      41.865653,
      12.47681
    ],
    [
      41.864056,
      12.477213
    ],
    [
      41.86348,
      12.477976
    ],
    [
      41.862866,
      12.47625
    ],
    [
      41.861236,
      12.47588
    ],
    [
      41.860928,
      12.474188
    ],
    [
      41.859891,
      12.473225
    ],
    [
      41.859992,
      12.471149
    ],
    [
      41.86148,
      12.470718
    ],
    [
      41.86148,
      12.470364
    ],
    [
      41.859877,
      12.470239
    ],
    [
      41.85948,
      12.468412
    ],
    [
      41.85848,
      12.467535
    ],
    [
      41.856828,
      12.469636
    ],
    [
      41.85648,
      12.471172
    ],
    [
      41.854819,
      12.472636
    ],
    [
      41.855209,
      12.474636
    ],
    [
      41.853373,
      12.476636
    ],
    [
      41.854422,
      12.477636
    ],
    [
      41.854149,
      12.478636
    ],
    [
      41.85647,
      12.482636
    ],
    [
      41.858631,
      12.484636
    ],
    [
      41.858921,
      12.485636
    ],
    [
      41.858669,
      12.486636
    ],
    [
      41.85948,
      12.489192
    ],
    [
      41.860799,
      12.489317
    ],
    [
      41.863046,
      12.49207
    ],
    [
      41.86448,
      12.492816
    ],
    [
      41.86548,
      12.49428
    ],
    [
      41.86748,
      12.495962
    ],
    [
      41.870452,
      12.492636
    ],
    [
      41.87082,
      12.488977
    ],
    [
      41.871973,
      12.48813
    ],
    [
      41.872349,
      12.486505
    ],
    [
      41.873023,
      12.486636
    ],
    [
      41.87348,
      12.487984
    ],
    [
      41.87448,
      12.487925
    ],
    [
      41.87591,
      12.487067
    ],
    [
      41.878033,
      12.484189
    ],
    [
      41.879615,
      12.483636
    ]
  ]
}