{
  "distance500": [
    [
      41.86777,
      12.48043
    ],
    [
      41.86978,
      12.47987
    ],
    [
      41.86918,
      12.47976
    ],
    [
      41.86847,
      12.47965
    ],
    [
      41.86802,
      12.47957
    ],
    [
      41.86779,
      12.47953
    ],
    [
      41.86756,
      12.47922
    ],
    [
      41.86748,
      12.4792
    ],
    [
      41.86721,
      12.47916
    ],
    [
      41.86712,
      12.47914
    ],
    [
      41.86709,
      12.47824
    ],
    [
      41.86709,
      12.47791
    ],
    [
      41.86658,
      12.47759
    ],
    [
      41.86605,
      12.47822
    ],
    [
      41.86585,
      12.47893
    ],
    [
      41.86551,
      12.47886
    ],
    [
      41.86601,
      12.48021
    ],
    [
      41.86601,
      12.48027
    ],
    [
      41.866,
      12.48034
    ],
    [
      41.86599,
      12.48041
    ],
    [
      41.86598,
      12.48044
    ],
    [
      41.86597,
      12.48047
    ],
    [
      41.86594,
      12.48052
    ],
    [
      41.86592,
      12.48055
    ],
    [
      41.86588,
      12.48058
    ],
    [
      41.86584,
      12.48063
    ],
    [
      41.8658,
      12.48067
    ],
    [
      41.86501,
      12.48089
    ],
    [
      41.8651,
      12.48112
    ],
    [
      41.86511,
      12.48124
    ],
    [
      41.86514,
      12.48129
    ],
    [
      41.86531,
      12.4813
    ],
    [
      41.86555,
      12.48126
    ],
    [
      41.8657,
      12.48124
    ],
    [
      41.86577,
      12.48123
    ],
    [
      41.86618,
      12.48059
    ],
    [
      41.86618,
      12.48059
    ],
    [
      41.86618,
      12.48059
    ],
    [
      41.86618,
      12.48059
    ],
    [
      41.86618,
      12.48059
    ],
    [
      41.86618,
      12.48059
    ],
    [
      41.86618,
      12.48059
    ],
    [
      41.86727,
      12.48243
    ],
    [
      41.86731,
      12.48203
    ],
    [
      41.86736,
      12.48168
    ],
    [
      41.86789,
      12.48164
    ],
    [
      41.86765,
      12.48138
    ],
    [
      41.86766,
      12.48114
    ],
    [
      41.86769,
      12.48096
    ],
    [
      41.86774,
      12.48061
    ]
  ],
  "distance1000": [
    [
      41.87349,
      12.48049
    ],
    [
      41.87339,
      12.47883
    ],
    [
      41.87385,
      12.47814
    ],
    [
      41.87337,
      12.47767
    ],
    [
      41.87235,
      12.47664
    ],
    [
      41.87161,
      12.47663
    ],
    [
      41.87151,
      12.47628
    ],
    [
      41.86748,
      12.4792
    ],
    [
      41.86721,
      12.47916
    ],
    [
      41.86712,
      12.47914
    ],
    [
      41.86709,
      12.47824
    ],
    [
      41.86709,
      12.47791
    ],
    [
      41.86631,
      12.47753
    ],
    [
      41.86582,
      12.47743
    ],
    [
      41.86568,
      12.47802
    ],
    [
      41.86557,
      12.47887
    ],
    [
      41.86528,
      12.47883
    ],
    [
      41.86493,
      12.47877
    ],
    [
      41.86449,
      12.47869
    ],
    [
      41.86145,
      12.47686
    ],
    [
      41.86215,
      12.47767
    ],
    [
      41.86103,
      12.47813
    ],
    [
      41.8628,
      12.47932
    ],
    [
      41.86268,
      12.4799
    ],
    [
      41.86256,
      12.48048
    ],
    [
      41.86252,
      12.48068
    ],
    [
      41.8658,
      12.48067
    ],
    [
      41.86501,
      12.48089
    ],
    [
      41.8651,
      12.48112
    ],
    [
      41.86511,
      12.48124
    ],
    [
      41.86514,
      12.48129
    ],
    [
      41.86531,
      12.4813
    ],
    [
      41.86555,
      12.48126
    ],
    [
      41.8657,
      12.48124
    ],
    [
      41.86465,
      12.48363
    ],
    [
      41.86446,
      12.48473
    ],
    [
      41.86489,
      12.48441
    ],
    [
      41.86603,
      12.48696
    ],
    [
      41.86712,
      12.48842
    ],
    [
      41.86734,
      12.48698
    ],
    [
      41.8682,
      12.48706
    ],
    [
      41.86893,
      12.48584
    ],
    [
      41.86727,
      12.48251
    ],
    [
      41.86867,
      12.48296
    ],
    [
      41.8702,
      12.48374
    ],
    [
      41.87044,
      12.48306
    ],
    [
      41.8703,
      12.48282
    ],
    [
      41.87189,
      12.48277
    ],
    [
      41.8732,
      12.48166
    ],
    [
      41.87425,
      12.48062
    ]
  ],
  "distance1600": [
    [
      41.87797,
      12.47976
    ],
    [
      41.8752,
      12.47887
    ],
    [
      41.87565,
      12.47723
    ],
    [
      41.87737,
      12.47596
    ],
    [
      41.87449,
      12.47592
    ],
    [
      41.87499,
      12.47447
    ],
    [
      41.87407,
      12.47245
    ],
    [
      41.87302,
      12.47316
    ],
    [
      41.87193,
      12.47205
    ],
    [
      41.87146,
      12.46958
    ],
    [
      41.86857,
      12.47477
    ],
    [
      41.86709,
      12.47791
    ],
    [
      41.86631,
      12.47753
    ],
    [
      41.86582,
      12.47743
    ],
    [
      41.86568,
      12.47802
    ],
    [
      41.86557,
      12.47887
    ],
    [
      41.86528,
      12.47883
    ],
    [
      41.86493,
      12.47877
    ],
    [
      41.8587,
      12.47089
    ],
    [
      41.85684,
      12.47364
    ],
    [
      41.85703,
      12.47392
    ],
    [
      41.86073,
      12.47808
    ],
    [
      41.86065,
      12.47858
    ],
    [
      41.86264,
      12.4801
    ],
    [
      41.86058,
      12.48028
    ],
    [
      41.86034,
      12.48126
    ],
    [
      41.86083,
      12.48173
    ],
    [
      41.86091,
      12.48197
    ],
    [
      41.86138,
      12.48304
    ],
    [
      41.86081,
      12.48359
    ],
    [
      41.86089,
      12.48456
    ],
    [
      41.8604,
      12.48621
    ],
    [
      41.86024,
      12.48734
    ],
    [
      41.86137,
      12.48718
    ],
    [
      41.86161,
      12.4888
    ],
    [
      41.8622,
      12.48965
    ],
    [
      41.86347,
      12.49024
    ],
    [
      41.86621,
      12.49462
    ],
    [
      41.86707,
      12.49564
    ],
    [
      41.86911,
      12.49372
    ],
    [
      41.86927,
      12.49284
    ],
    [
      41.87064,
      12.49032
    ],
    [
      41.87098,
      12.48914
    ],
    [
      41.87055,
      12.48613
    ],
    [
      41.87394,
      12.48718
    ],
    [
      41.87486,
      12.48697
    ],
    [
      41.87652,
      12.48553
    ],
    [
      41.87658,
      12.48395
    ],
    [
      41.87907,
      12.483
    ],
    [
      41.87741,
      12.48158
    ]
  ]
}