{
  "distance500": [
    [
      41.88958,
      12.56168
    ],
    [
      41.89036,
      12.56075
    ],
    [
      41.8905,
      12.56068
    ],
    [
      41.8893,
      12.56022
    ],
    [
      41.88924,
      12.55987
    ],
    [
      41.8892,
      12.55968
    ],
    [
      41.88868,
      12.55984
    ],
    [
      41.88826,
      12.55939
    ],
    [
      41.88778,
      12.55958
    ],
    [
      41.88774,
      12.55917
    ],
    [
      41.88731,
      12.55914
    ],
    [
      41.88692,
      12.55988
    ],
    [
      41.88674,
      12.56001
    ],
    [
      41.88632,
      12.56109
    ],
    [
      41.88623,
      12.56108
    ],
    [
      41.8861,
      12.56107
    ],
    [
      41.88606,
      12.56106
    ],
    [
      41.88591,
      12.56105
    ],
    [
      41.88569,
      12.56102
    ],
    [
      41.88542,
      12.56099
    ],
    [
      41.8853,
      12.56098
    ],
    [
      41.88592,
      12.56145
    ],
    [
      41.88591,
      12.56157
    ],
    [
      41.8859,
      12.56163
    ],
    [
      41.8859,
      12.56169
    ],
    [
      41.8859,
      12.56175
    ],
    [
      41.88589,
      12.56181
    ],
    [
      41.88589,
      12.56187
    ],
    [
      41.88588,
      12.56193
    ],
    [
      41.88637,
      12.56171
    ],
    [
      41.88637,
      12.56171
    ],
    [
      41.88521,
      12.56277
    ],
    [
      41.88553,
      12.56278
    ],
    [
      41.88559,
      12.56279
    ],
    [
      41.88568,
      12.5628
    ],
    [
      41.88588,
      12.56283
    ],
    [
      41.88574,
      12.56353
    ],
    [
      41.88642,
      12.56445
    ],
    [
      41.88652,
      12.56442
    ],
    [
      41.88678,
      12.56434
    ],
    [
      41.88768,
      12.56546
    ],
    [
      41.8878,
      12.56459
    ],
    [
      41.88844,
      12.56486
    ],
    [
      41.88834,
      12.56433
    ],
    [
      41.88808,
      12.56307
    ],
    [
      41.88837,
      12.56292
    ],
    [
      41.88836,
      12.56283
    ],
    [
      41.88828,
      12.56248
    ],
    [
      41.88974,
      12.5625
    ],
    [
      41.88964,
      12.562
    ]
  ],
  "distance1000": [
    [
      41.89407,
      12.56094
    ],
    [
      41.8937,
      12.56064
    ],
    [
      41.89485,
      12.5592
    ],
    [
      41.89332,
      12.5587
    ],
    [
      41.89329,
      12.55795
    ],
    [
      41.89178,
      12.55815
    ],
    [
      41.8902,
      12.55794
    ],
    [
      41.89077,
      12.55586
    ],
    [
      41.89075,
      12.55586
    ],
    [
      41.89004,
      12.55489
    ],
    [
      41.88731,
      12.55914
    ],
    [
      41.88705,
      12.55978
    ],
    [
      41.88681,
      12.55994
    ],
    [
      41.88632,
      12.56109
    ],
    [
      41.88623,
      12.56108
    ],
    [
      41.8861,
      12.56107
    ],
    [
      41.88606,
      12.56106
    ],
    [
      41.88368,
      12.55711
    ],
    [
      41.88366,
      12.55821
    ],
    [
      41.88361,
      12.55937
    ],
    [
      41.88358,
      12.55978
    ],
    [
      41.88347,
      12.56036
    ],
    [
      41.88086,
      12.56018
    ],
    [
      41.88158,
      12.56047
    ],
    [
      41.88264,
      12.56134
    ],
    [
      41.88212,
      12.56216
    ],
    [
      41.88126,
      12.56285
    ],
    [
      41.88076,
      12.56362
    ],
    [
      41.88121,
      12.56417
    ],
    [
      41.88276,
      12.56372
    ],
    [
      41.88209,
      12.56476
    ],
    [
      41.88219,
      12.56526
    ],
    [
      41.88266,
      12.56598
    ],
    [
      41.88349,
      12.56556
    ],
    [
      41.88346,
      12.56702
    ],
    [
      41.88404,
      12.56786
    ],
    [
      41.8847,
      12.56699
    ],
    [
      41.88638,
      12.56937
    ],
    [
      41.88732,
      12.57005
    ],
    [
      41.88844,
      12.57102
    ],
    [
      41.8888,
      12.57129
    ],
    [
      41.89016,
      12.569
    ],
    [
      41.89036,
      12.56887
    ],
    [
      41.89105,
      12.56786
    ],
    [
      41.89179,
      12.56649
    ],
    [
      41.89157,
      12.56549
    ],
    [
      41.8927,
      12.56503
    ],
    [
      41.89128,
      12.56343
    ],
    [
      41.89337,
      12.56261
    ],
    [
      41.89335,
      12.56251
    ]
  ],
  "distance1600": [
    [
      41.8987,
      12.56054
    ],
    [
      41.89949,
      12.55914
    ],
    [
      41.90014,
      12.55791
    ],
    [
      41.89781,
      12.55737
    ],
    [
      41.89629,
      12.55575
    ],
    [
      41.89651,
      12.55428
    ],
    [
      41.89435,
      12.55489
    ],
    [
      41.89404,
      12.55222
    ],
    [
      41.89166,
      12.55441
    ],
    [
      41.89178,
      12.54985
    ],
    [
      41.89111,
      12.5491
    ],
    [
      41.89043,
      12.54994
    ],
    [
      41.88946,
      12.54838
    ],
    [
      41.88564,
      12.55411
    ],
    [
      41.88623,
      12.56108
    ],
    [
      41.8861,
      12.56107
    ],
    [
      41.88187,
      12.5532
    ],
    [
      41.88107,
      12.55315
    ],
    [
      41.87936,
      12.55442
    ],
    [
      41.87918,
      12.55632
    ],
    [
      41.8789,
      12.55679
    ],
    [
      41.87589,
      12.55739
    ],
    [
      41.87585,
      12.55755
    ],
    [
      41.87706,
      12.55944
    ],
    [
      41.87629,
      12.5605
    ],
    [
      41.87648,
      12.56293
    ],
    [
      41.87584,
      12.56349
    ],
    [
      41.87541,
      12.56451
    ],
    [
      41.87728,
      12.5663
    ],
    [
      41.87775,
      12.56702
    ],
    [
      41.87887,
      12.56718
    ],
    [
      41.87895,
      12.56792
    ],
    [
      41.88104,
      12.56876
    ],
    [
      41.88046,
      12.57024
    ],
    [
      41.88171,
      12.57138
    ],
    [
      41.88201,
      12.57309
    ],
    [
      41.88251,
      12.573
    ],
    [
      41.88674,
      12.57366
    ],
    [
      41.88726,
      12.57371
    ],
    [
      41.89003,
      12.57771
    ],
    [
      41.89159,
      12.57617
    ],
    [
      41.89291,
      12.57474
    ],
    [
      41.89337,
      12.57322
    ],
    [
      41.89185,
      12.56727
    ],
    [
      41.89309,
      12.56688
    ],
    [
      41.89561,
      12.56722
    ],
    [
      41.89607,
      12.56653
    ],
    [
      41.89744,
      12.5646
    ],
    [
      41.89777,
      12.56391
    ],
    [
      41.89803,
      12.56289
    ]
  ]
}