{
  "distance500": [
    [
      42.277485,
      12.606241
    ],
    [
      42.276024,
      12.606158
    ],
    [
      42.275698,
      12.606915
    ],
    [
      42.274877,
      12.607095
    ],
    [
      42.274523,
      12.60774
    ],
    [
      42.272801,
      12.608019
    ],
    [
      42.272747,
      12.611965
    ],
    [
      42.271579,
      12.612241
    ],
    [
      42.271682,
      12.613241
    ],
    [
      42.272024,
      12.613634
    ],
    [
      42.273054,
      12.613272
    ],
    [
      42.273363,
      12.611581
    ],
    [
      42.274255,
      12.61101
    ],
    [
      42.274159,
      12.610377
    ],
    [
      42.275063,
      12.610241
    ],
    [
      42.275024,
      12.609744
    ],
    [
      42.274949,
      12.610167
    ],
    [
      42.273457,
      12.609808
    ],
    [
      42.273563,
      12.60878
    ],
    [
      42.274625,
      12.60864
    ],
    [
      42.275024,
      12.609124
    ],
    [
      42.277485,
      12.606241
    ]
  ],
  "distance1000": [
    [
      42.280547,
      12.609241
    ],
    [
      42.279225,
      12.60904
    ],
    [
      42.279119,
      12.608146
    ],
    [
      42.278024,
      12.608008
    ],
    [
      42.277332,
      12.607241
    ],
    [
      42.278223,
      12.60644
    ],
    [
      42.278322,
      12.605241
    ],
    [
      42.279172,
      12.60439
    ],
    [
      42.279345,
      12.603563
    ],
    [
      42.280689,
      12.603241
    ],
    [
      42.280798,
      12.602241
    ],
    [
      42.280126,
      12.602139
    ],
    [
      42.279778,
      12.602996
    ],
    [
      42.277864,
      12.604082
    ],
    [
      42.277477,
      12.605694
    ],
    [
      42.276024,
      12.60587
    ],
    [
      42.274387,
      12.607604
    ],
    [
      42.27269,
      12.607908
    ],
    [
      42.272574,
      12.610241
    ],
    [
      42.271461,
      12.611679
    ],
    [
      42.270505,
      12.61176
    ],
    [
      42.270024,
      12.611053
    ],
    [
      42.26809,
      12.611175
    ],
    [
      42.268024,
      12.610666
    ],
    [
      42.268009,
      12.612241
    ],
    [
      42.268777,
      12.612488
    ],
    [
      42.268934,
      12.613331
    ],
    [
      42.270511,
      12.613754
    ],
    [
      42.270876,
      12.615389
    ],
    [
      42.271649,
      12.615616
    ],
    [
      42.271873,
      12.617091
    ],
    [
      42.270993,
      12.617211
    ],
    [
      42.271024,
      12.618138
    ],
    [
      42.271113,
      12.617331
    ],
    [
      42.272402,
      12.617241
    ],
    [
      42.27384,
      12.616241
    ],
    [
      42.273155,
      12.61611
    ],
    [
      42.273159,
      12.615241
    ],
    [
      42.272342,
      12.614241
    ],
    [
      42.27326,
      12.613477
    ],
    [
      42.273628,
      12.611845
    ],
    [
      42.27557,
      12.609788
    ],
    [
      42.276589,
      12.609676
    ],
    [
      42.276932,
      12.610333
    ],
    [
      42.277832,
      12.610433
    ],
    [
      42.278024,
      12.612144
    ],
    [
      42.278118,
      12.610147
    ],
    [
      42.277312,
      12.609953
    ],
    [
      42.277502,
      12.608719
    ],
    [
      42.278716,
      12.608549
    ],
    [
      42.278923,
      12.609342
    ],
    [
      42.280547,
      12.609241
    ]
  ],
  "distance1600": [
    [
      42.284257,
      12.607241
    ],
    [
      42.283182,
      12.607083
    ],
    [
      42.28324,
      12.605241
    ],
    [
      42.281368,
      12.603241
    ],
    [
      42.281341,
      12.600241
    ],
    [
      42.282254,
      12.599241
    ],
    [
      42.28233,
      12.597547
    ],
    [
      42.283505,
      12.597241
    ],
    [
      42.282294,
      12.596971
    ],
    [
      42.282024,
      12.594866
    ],
    [
      42.281677,
      12.595241
    ],
    [
      42.281964,
      12.595301
    ],
    [
      42.28181,
      12.598241
    ],
    [
      42.280748,
      12.599241
    ],
    [
      42.280441,
      12.601658
    ],
    [
      42.277705,
      12.603923
    ],
    [
      42.277347,
      12.605565
    ],
    [
      42.276024,
      12.605698
    ],
    [
      42.274297,
      12.607515
    ],
    [
      42.272613,
      12.607831
    ],
    [
      42.272318,
      12.611536
    ],
    [
      42.271024,
      12.611747
    ],
    [
      42.270024,
      12.610787
    ],
    [
      42.268624,
      12.610642
    ],
    [
      42.268024,
      12.60795
    ],
    [
      42.267447,
      12.611665
    ],
    [
      42.265565,
      12.613783
    ],
    [
      42.264117,
      12.614241
    ],
    [
      42.263907,
      12.615124
    ],
    [
      42.263419,
      12.615241
    ],
    [
      42.265129,
      12.615346
    ],
    [
      42.265394,
      12.614611
    ],
    [
      42.266177,
      12.614394
    ],
    [
      42.268024,
      12.612617
    ],
    [
      42.268737,
      12.613528
    ],
    [
      42.270363,
      12.613903
    ],
    [
      42.270711,
      12.615554
    ],
    [
      42.271586,
      12.616241
    ],
    [
      42.27063,
      12.617241
    ],
    [
      42.271024,
      12.625163
    ],
    [
      42.27154,
      12.620757
    ],
    [
      42.27264,
      12.620625
    ],
    [
      42.272944,
      12.621322
    ],
    [
      42.274024,
      12.621384
    ],
    [
      42.274406,
      12.620624
    ],
    [
      42.275786,
      12.620479
    ],
    [
      42.276024,
      12.621551
    ],
    [
      42.277024,
      12.620951
    ],
    [
      42.277163,
      12.61938
    ],
    [
      42.277658,
      12.619241
    ],
    [
      42.274545,
      12.61872
    ],
    [
      42.274392,
      12.616241
    ],
    [
      42.27254,
      12.614241
    ],
    [
      42.27338,
      12.613598
    ],
    [
      42.273732,
      12.611949
    ],
    [
      42.276024,
      12.609743
    ],
    [
      42.277413,
      12.610852
    ],
    [
      42.277896,
      12.617241
    ],
    [
      42.278853,
      12.617412
    ],
    [
      42.279024,
      12.618525
    ],
    [
      42.279165,
      12.617383
    ],
    [
      42.27958,
      12.617241
    ],
    [
      42.278292,
      12.616973
    ],
    [
      42.278438,
      12.609827
    ],
    [
      42.277489,
      12.609241
    ],
    [
      42.278024,
      12.608716
    ],
    [
      42.278609,
      12.609656
    ],
    [
      42.280454,
      12.609811
    ],
    [
      42.282261,
      12.611479
    ],
    [
      42.282315,
      12.610241
    ],
    [
      42.28126,
      12.609005
    ],
    [
      42.277685,
      12.60758
    ],
    [
      42.277703,
      12.606921
    ],
    [
      42.27853,
      12.606241
    ],
    [
      42.278679,
      12.604896
    ],
    [
      42.279654,
      12.603872
    ],
    [
      42.28045,
      12.603815
    ],
    [
      42.282618,
      12.605647
    ],
    [
      42.282974,
      12.607292
    ],
    [
      42.284257,
      12.607241
    ]
  ]
}