{
  "distance500": [
    [
      41.868418,
      12.611113
    ],
    [
      41.868309,
      12.611079
    ],
    [
      41.868275,
      12.6096
    ],
    [
      41.868105,
      12.609113
    ],
    [
      41.866275,
      12.608927
    ],
    [
      41.864758,
      12.60763
    ],
    [
      41.864439,
      12.605277
    ],
    [
      41.865175,
      12.605113
    ],
    [
      41.864393,
      12.603995
    ],
    [
      41.862303,
      12.605141
    ],
    [
      41.861275,
      12.60692
    ],
    [
      41.860275,
      12.607319
    ],
    [
      41.860108,
      12.60828
    ],
    [
      41.861058,
      12.613113
    ],
    [
      41.862109,
      12.613279
    ],
    [
      41.862252,
      12.614136
    ],
    [
      41.863101,
      12.614287
    ],
    [
      41.863275,
      12.615391
    ],
    [
      41.863426,
      12.613113
    ],
    [
      41.864403,
      12.612241
    ],
    [
      41.864806,
      12.610644
    ],
    [
      41.865833,
      12.610555
    ],
    [
      41.866275,
      12.611286
    ],
    [
      41.866645,
      12.610483
    ],
    [
      41.86823,
      12.610158
    ],
    [
      41.86823,
      12.611068
    ],
    [
      41.868418,
      12.611113
    ]
  ],
  "distance1000": [
    [
      41.872349,
      12.610113
    ],
    [
      41.872275,
      12.609714
    ],
    [
      41.871199,
      12.610037
    ],
    [
      41.870983,
      12.610821
    ],
    [
      41.86882,
      12.610568
    ],
    [
      41.868587,
      12.608113
    ],
    [
      41.869622,
      12.60646
    ],
    [
      41.870414,
      12.606113
    ],
    [
      41.869599,
      12.605789
    ],
    [
      41.869275,
      12.60498
    ],
    [
      41.866742,
      12.604646
    ],
    [
      41.866499,
      12.602113
    ],
    [
      41.865476,
      12.601113
    ],
    [
      41.865435,
      12.599273
    ],
    [
      41.866275,
      12.599003
    ],
    [
      41.865275,
      12.598206
    ],
    [
      41.863727,
      12.600565
    ],
    [
      41.862275,
      12.600689
    ],
    [
      41.858619,
      12.603113
    ],
    [
      41.858799,
      12.604113
    ],
    [
      41.858032,
      12.60487
    ],
    [
      41.857669,
      12.606507
    ],
    [
      41.856723,
      12.607113
    ],
    [
      41.856228,
      12.608113
    ],
    [
      41.857939,
      12.608449
    ],
    [
      41.858089,
      12.610113
    ],
    [
      41.859023,
      12.611113
    ],
    [
      41.858859,
      12.611697
    ],
    [
      41.858163,
      12.612001
    ],
    [
      41.858099,
      12.612937
    ],
    [
      41.856742,
      12.613113
    ],
    [
      41.85908,
      12.613308
    ],
    [
      41.859275,
      12.614766
    ],
    [
      41.859539,
      12.613377
    ],
    [
      41.861275,
      12.613459
    ],
    [
      41.862929,
      12.615113
    ],
    [
      41.862275,
      12.615855
    ],
    [
      41.85933,
      12.616058
    ],
    [
      41.859275,
      12.615662
    ],
    [
      41.85906,
      12.616113
    ],
    [
      41.860275,
      12.617115
    ],
    [
      41.860506,
      12.616344
    ],
    [
      41.861815,
      12.616573
    ],
    [
      41.862001,
      12.617839
    ],
    [
      41.860764,
      12.619113
    ],
    [
      41.862275,
      12.62132
    ],
    [
      41.863283,
      12.621121
    ],
    [
      41.864958,
      12.619113
    ],
    [
      41.864612,
      12.618113
    ],
    [
      41.86365,
      12.617738
    ],
    [
      41.863534,
      12.617113
    ],
    [
      41.863679,
      12.613113
    ],
    [
      41.864558,
      12.612396
    ],
    [
      41.864928,
      12.610766
    ],
    [
      41.865648,
      12.61074
    ],
    [
      41.866275,
      12.611528
    ],
    [
      41.867275,
      12.610508
    ],
    [
      41.868275,
      12.611443
    ],
    [
      41.871275,
      12.611255
    ],
    [
      41.871475,
      12.610313
    ],
    [
      41.872349,
      12.610113
    ]
  ],