{
  "distance500": [
    [
      41.86725,
      12.60987
    ],
    [
      41.86748,
      12.60936
    ],
    [
      41.86773,
      12.60885
    ],
    [
      41.86794,
      12.60842
    ],
    [
      41.86579,
      12.60923
    ],
    [
      41.86564,
      12.60915
    ],
    [
      41.8655,
      12.60907
    ],
    [
      41.86455,
      12.6098
    ],
    [
      41.86452,
      12.60979
    ],
    [
      41.86452,
      12.60979
    ],
    [
      41.86448,
      12.60979
    ],
    [
      41.86446,
      12.60979
    ],
    [
      41.86447,
      12.6048
    ],
    [
      41.86405,
      12.60508
    ],
    [
      41.86363,
      12.60533
    ],
    [
      41.86326,
      12.60559
    ],
    [
      41.86256,
      12.60617
    ],
    [
      41.86209,
      12.60633
    ],
    [
      41.86174,
      12.60692
    ],
    [
      41.86395,
      12.60952
    ],
    [
      41.86351,
      12.60939
    ],
    [
      41.86083,
      12.60831
    ],
    [
      41.86097,
      12.60866
    ],
    [
      41.8618,
      12.60954
    ],
    [
      41.86197,
      12.60968
    ],
    [
      41.86182,
      12.61025
    ],
    [
      41.86176,
      12.6104
    ],
    [
      41.8636,
      12.61015
    ],
    [
      41.86202,
      12.61096
    ],
    [
      41.86259,
      12.61092
    ],
    [
      41.86216,
      12.6116
    ],
    [
      41.8624,
      12.61169
    ],
    [
      41.86283,
      12.61185
    ],
    [
      41.86299,
      12.61191
    ],
    [
      41.86268,
      12.61312
    ],
    [
      41.863,
      12.61355
    ],
    [
      41.86442,
      12.60994
    ],
    [
      41.86451,
      12.61234
    ],
    [
      41.86465,
      12.61235
    ],
    [
      41.86478,
      12.61231
    ],
    [
      41.86459,
      12.61056
    ],
    [
      41.86466,
      12.6104
    ],
    [
      41.86468,
      12.61035
    ],
    [
      41.86471,
      12.6103
    ],
    [
      41.86477,
      12.61022
    ],
    [
      41.86481,
      12.61019
    ],
    [
      41.86485,
      12.61017
    ],
    [
      41.86606,
      12.61039
    ],
    [
      41.86706,
      12.61028
    ],
    [
      41.8672,
      12.60997
    ]
  ],
  "distance1000": [
    [
      41.86737,
      12.60961
    ],
    [
      41.86756,
      12.60921
    ],
    [
      41.86781,
      12.60869
    ],
    [
      41.8681,
      12.60809
    ],
    [
      41.86847,
      12.60734
    ],
    [
      41.8689,
      12.60636
    ],
    [
      41.86884,
      12.60533
    ],
    [
      41.86868,
      12.60507
    ],
    [
      41.86853,
      12.60424
    ],
    [
      41.86857,
      12.60328
    ],
    [
      41.86704,
      12.60303
    ],
    [
      41.86632,
      12.60237
    ],
    [
      41.86572,
      12.59903
    ],
    [
      41.86314,
      12.60126
    ],
    [
      41.86258,
      12.60133
    ],
    [
      41.86208,
      12.60183
    ],
    [
      41.86093,
      12.60237
    ],
    [
      41.85984,
      12.60296
    ],
    [
      41.86008,
      12.60469
    ],
    [
      41.85925,
      12.60606
    ],
    [
      41.8585,
      12.6065
    ],
    [
      41.85884,
      12.60722
    ],
    [
      41.85757,
      12.60749
    ],
    [
      41.85718,
      12.60842
    ],
    [
      41.85813,
      12.60966
    ],
    [
      41.85866,
      12.61
    ],
    [
      41.85894,
      12.61066
    ],
    [
      41.85869,
      12.6121
    ],
    [
      41.85808,
      12.61254
    ],
    [
      41.85885,
      12.613
    ],
    [
      41.86028,
      12.61276
    ],
    [
      41.86108,
      12.61305
    ],
    [
      41.86142,
      12.61363
    ],
    [
      41.86296,
      12.6119
    ],
    [
      41.8605,
      12.61625
    ],
    [
      41.86163,
      12.61623
    ],
    [
      41.86236,
      12.61753
    ],
    [
      41.86289,
      12.61954
    ],
    [
      41.86465,
      12.61235
    ],
    [
      41.86478,
      12.61231
    ],
    [
      41.86459,
      12.61056
    ],
    [
      41.86466,
      12.6104
    ],
    [
      41.86468,
      12.61035
    ],
    [
      41.86471,
      12.6103
    ],
    [
      41.86621,
      12.61155
    ],
    [
      41.86613,
      12.6112
    ],
    [
      41.86724,
      12.61112
    ],
    [
      41.86922,
      12.61142
    ],
    [
      41.87056,
      12.61092
    ],
    [
      41.87112,
      12.61068
    ]
  ],
  "distance1600": [
    [
      41.87437,
      12.60993
    ],
    [
      41.86758,
      12.60916
    ],
    [
      41.86781,
      12.60869
    ],
    [
      41.87183,
      12.60709
    ],
    [
      41.87091,
      12.60655
    ],
    [
      41.87023,
      12.60615
    ],
    [
      41.86956,
      12.60575
    ],
    [
      41.86866,
      12.605
    ],
    [
      41.8685,
      12.60405
    ],
    [
      41.87014,
      12.59781
    ],
    [
      41.86984,
      12.59771
    ],
    [
      41.86809,
      12.59715
    ],
    [
      41.86726,
      12.5922
    ],
    [
      41.86348,
      12.59576
    ],
    [
      41.86229,
      12.59729
    ],
    [
      41.86112,
      12.59824
    ],
    [
      41.85863,
      12.59933
    ],
    [
      41.85715,
      12.5984
    ],
    [
      41.85661,
      12.59969
    ],
    [
      41.85689,
      12.60293
    ],
    [
      41.85848,
      12.60582
    ],
    [
      41.85694,
      12.6068
    ],
    [
      41.8556,
      12.60751
    ],
    [
      41.85546,
      12.60795
    ],
    [
      41.85744,
      12.60947
    ],
    [
      41.85433,
      12.61055
    ],
    [
      41.85452,
      12.61181
    ],
    [
      41.85538,
      12.61328
    ],
    [
      41.85644,
      12.61296
    ],
    [
      41.85757,
      12.61374
    ],
    [
      41.8574,
      12.61549
    ],
    [
      41.85674,
      12.61648
    ],
    [
      41.85783,
      12.61799
    ],
    [
      41.85848,
      12.6189
    ],
    [
      41.85907,
      12.62162
    ],
    [
      41.85872,
      12.62311
    ],
    [
      41.86071,
      12.62424
    ],
    [
      41.86246,
      12.62664
    ],
    [
      41.8657,
      12.6213
    ],
    [
      41.86658,
      12.62072
    ],
    [
      41.86696,
      12.61737
    ],
    [
      41.86796,
      12.61743
    ],
    [
      41.8682,
      12.61675
    ],
    [
      41.86471,
      12.6103
    ],
    [
      41.86621,
      12.61155
    ],
    [
      41.86613,
      12.6112
    ],
    [
      41.86724,
      12.61112
    ],
    [
      41.86922,
      12.61142
    ],
    [
      41.87551,
      12.61167
    ],
    [
      41.87521,
      12.61121
    ]
  ]
}