{
  "distance500": [
    [
      41.85657,
      12.55997
    ],
    [
      41.85657,
      12.55997
    ],
    [
      41.85657,
      12.55997
    ],
    [
      41.85657,
      12.55997
    ],
    [
      41.85657,
      12.55997
    ],
    [
      41.85657,
      12.55997
    ],
    [
      41.85657,
      12.55997
    ],
    [
      41.85657,
      12.55997
    ],
    [
      41.85657,
      12.55997
    ],
    [
      41.85657,
      12.55997
    ],
    [
      41.85657,
      12.55997
    ],
    [
      41.85657,
      12.55997
    ],
    [
      41.85657,
      12.55997
    ],
    [
      41.85657,
      12.55997
    ],
    [
      41.85619,
      12.55844
    ],
    [
      41.85595,
      12.55856
    ],
    [
      41.85588,
      12.55849
    ],
    [
      41.85592,
      12.55888
    ],
    [
      41.85584,
      12.55903
    ],
    [
      41.85573,
      12.55922
    ],
    [
      41.85429,
      12.55866
    ],
    [
      41.85428,
      12.55868
    ],
    [
      41.85335,
      12.55879
    ],
    [
      41.85387,
      12.55935
    ],
    [
      41.85415,
      12.55967
    ],
    [
      41.85442,
      12.55999
    ],
    [
      41.85345,
      12.56061
    ],
    [
      41.85357,
      12.56075
    ],
    [
      41.85382,
      12.56101
    ],
    [
      41.85417,
      12.56139
    ],
    [
      41.85358,
      12.56235
    ],
    [
      41.85374,
      12.5628
    ],
    [
      41.85385,
      12.56292
    ],
    [
      41.85419,
      12.56331
    ],
    [
      41.85387,
      12.56476
    ],
    [
      41.85584,
      12.56195
    ],
    [
      41.85601,
      12.56214
    ],
    [
      41.85551,
      12.56454
    ],
    [
      41.857,
      12.56314
    ],
    [
      41.85713,
      12.56327
    ],
    [
      41.85791,
      12.564
    ],
    [
      41.85731,
      12.56154
    ],
    [
      41.85739,
      12.56139
    ],
    [
      41.8575,
      12.5612
    ],
    [
      41.85657,
      12.55997
    ],
    [
      41.85657,
      12.55997
    ],
    [
      41.85657,
      12.55997
    ],
    [
      41.85657,
      12.55997
    ],
    [
      41.85657,
      12.55997
    ],
    [
      41.85657,
      12.55997
    ]
  ],
  "distance1000": [
    [
      41.85966,
      12.55994
    ],
    [
      41.85929,
      12.55959
    ],
    [
      41.85884,
      12.55915
    ],
    [
      41.85968,
      12.55861
    ],
    [
      41.8605,
      12.55777
    ],
    [
      41.86025,
      12.55757
    ],
    [
      41.86029,
      12.55632
    ],
    [
      41.85796,
      12.55819
    ],
    [
      41.85914,
      12.55649
    ],
    [
      41.85904,
      12.55529
    ],
    [
      41.8589,
      12.55367
    ],
    [
      41.85855,
      12.55384
    ],
    [
      41.857,
      12.55384
    ],
    [
      41.856,
      12.55461
    ],
    [
      41.85552,
      12.55431
    ],
    [
      41.85506,
      12.55522
    ],
    [
      41.85468,
      12.55587
    ],
    [
      41.85448,
      12.5562
    ],
    [
      41.85486,
      12.55774
    ],
    [
      41.85345,
      12.55755
    ],
    [
      41.85311,
      12.55799
    ],
    [
      41.8529,
      12.55827
    ],
    [
      41.85247,
      12.55887
    ],
    [
      41.85215,
      12.55928
    ],
    [
      41.85151,
      12.55995
    ],
    [
      41.8508,
      12.56059
    ],
    [
      41.84985,
      12.56149
    ],
    [
      41.85082,
      12.5616
    ],
    [
      41.85189,
      12.56217
    ],
    [
      41.85099,
      12.56342
    ],
    [
      41.85075,
      12.56376
    ],
    [
      41.85139,
      12.56462
    ],
    [
      41.85059,
      12.56684
    ],
    [
      41.8509,
      12.56784
    ],
    [
      41.85183,
      12.56922
    ],
    [
      41.85272,
      12.56926
    ],
    [
      41.85344,
      12.56898
    ],
    [
      41.85479,
      12.56866
    ],
    [
      41.8573,
      12.56697
    ],
    [
      41.85814,
      12.56743
    ],
    [
      41.85886,
      12.56831
    ],
    [
      41.85924,
      12.56585
    ],
    [
      41.86166,
      12.56678
    ],
    [
      41.86185,
      12.56688
    ],
    [
      41.86123,
      12.56429
    ],
    [
      41.86025,
      12.56229
    ],
    [
      41.85908,
      12.56105
    ],
    [
      41.86091,
      12.56111
    ],
    [
      41.86084,
      12.5608
    ],
    [
      41.85959,
      12.5601
    ]
  ],
  "distance1600": [
    [
      41.86402,
      12.55924
    ],
    [
      41.86412,
      12.55888
    ],
    [
      41.86437,
      12.55795
    ],
    [
      41.86402,
      12.55638
    ],
    [
      41.86394,
      12.55607
    ],
    [
      41.86405,
      12.55408
    ],
    [
      41.86385,
      12.55332
    ],
    [
      41.86294,
      12.55223
    ],
    [
      41.86328,
      12.55031
    ],
    [
      41.8618,
      12.55018
    ],
    [
      41.86143,
      12.54863
    ],
    [
      41.85976,
      12.54906
    ],
    [
      41.85834,
      12.54869
    ],
    [
      41.85587,
      12.55036
    ],
    [
      41.85406,
      12.54902
    ],
    [
      41.85369,
      12.5493
    ],
    [
      41.85468,
      12.55587
    ],
    [
      41.85448,
      12.5562
    ],
    [
      41.85411,
      12.5568
    ],
    [
      41.85345,
      12.55755
    ],
    [
      41.85311,
      12.55799
    ],
    [
      41.8529,
      12.55827
    ],
    [
      41.85247,
      12.55887
    ],
    [
      41.85215,
      12.55928
    ],
    [
      41.85151,
      12.55995
    ],
    [
      41.8508,
      12.56059
    ],
    [
      41.84974,
      12.56161
    ],
    [
      41.84818,
      12.56298
    ],
    [
      41.848,
      12.56328
    ],
    [
      41.84865,
      12.56432
    ],
    [
      41.84926,
      12.56574
    ],
    [
      41.84934,
      12.56598
    ],
    [
      41.85037,
      12.56785
    ],
    [
      41.84955,
      12.56935
    ],
    [
      41.84911,
      12.5745
    ],
    [
      41.85184,
      12.57246
    ],
    [
      41.85309,
      12.57229
    ],
    [
      41.85604,
      12.57494
    ],
    [
      41.85766,
      12.5732
    ],
    [
      41.85992,
      12.57443
    ],
    [
      41.86198,
      12.57259
    ],
    [
      41.86296,
      12.57342
    ],
    [
      41.86358,
      12.57179
    ],
    [
      41.8644,
      12.57031
    ],
    [
      41.86555,
      12.568
    ],
    [
      41.86293,
      12.56422
    ],
    [
      41.86342,
      12.56287
    ],
    [
      41.86578,
      12.56298
    ],
    [
      41.86394,
      12.56147
    ],
    [
      41.8638,
      12.56006
    ]
  ]
}