{
  "distance500": [
    [
      41.86612,
      12.69766
    ],
    [
      41.86612,
      12.69762
    ],
    [
      41.86612,
      12.6976
    ],
    [
      41.86613,
      12.69754
    ],
    [
      41.86613,
      12.69748
    ],
    [
      41.86613,
      12.69742
    ],
    [
      41.86614,
      12.6973
    ],
    [
      41.86717,
      12.69605
    ],
    [
      41.86721,
      12.69557
    ],
    [
      41.86734,
      12.69437
    ],
    [
      41.86744,
      12.69357
    ],
    [
      41.86665,
      12.69444
    ],
    [
      41.86575,
      12.69196
    ],
    [
      41.86505,
      12.69277
    ],
    [
      41.86509,
      12.69348
    ],
    [
      41.86469,
      12.69466
    ],
    [
      41.86424,
      12.69463
    ],
    [
      41.86389,
      12.69441
    ],
    [
      41.8653,
      12.69711
    ],
    [
      41.86531,
      12.69729
    ],
    [
      41.86532,
      12.69741
    ],
    [
      41.8641,
      12.69694
    ],
    [
      41.86414,
      12.69707
    ],
    [
      41.86421,
      12.6973
    ],
    [
      41.86427,
      12.69752
    ],
    [
      41.86434,
      12.69775
    ],
    [
      41.86439,
      12.69792
    ],
    [
      41.86445,
      12.69814
    ],
    [
      41.86351,
      12.69864
    ],
    [
      41.86453,
      12.69843
    ],
    [
      41.86445,
      12.69869
    ],
    [
      41.86455,
      12.69896
    ],
    [
      41.86462,
      12.69918
    ],
    [
      41.864,
      12.70019
    ],
    [
      41.86427,
      12.70004
    ],
    [
      41.86464,
      12.70023
    ],
    [
      41.86507,
      12.70025
    ],
    [
      41.86514,
      12.70048
    ],
    [
      41.86582,
      12.69886
    ],
    [
      41.86591,
      12.69873
    ],
    [
      41.86598,
      12.69861
    ],
    [
      41.86607,
      12.69838
    ],
    [
      41.86608,
      12.69829
    ],
    [
      41.8661,
      12.69815
    ],
    [
      41.8661,
      12.69803
    ],
    [
      41.86611,
      12.69795
    ],
    [
      41.86611,
      12.69789
    ],
    [
      41.86611,
      12.69783
    ],
    [
      41.86611,
      12.69778
    ],
    [
      41.86612,
      12.69774
    ]
  ],
  "distance1000": [
    [
      41.86612,
      12.69766
    ],
    [
      41.86612,
      12.69761
    ],
    [
      41.86613,
      12.69756
    ],
    [
      41.86613,
      12.69751
    ],
    [
      41.86613,
      12.69747
    ],
    [
      41.86613,
      12.69741
    ],
    [
      41.86614,
      12.6973
    ],
    [
      41.86717,
      12.69605
    ],
    [
      41.86721,
      12.69557
    ],
    [
      41.86932,
      12.68987
    ],
    [
      41.86922,
      12.6897
    ],
    [
      41.86884,
      12.68881
    ],
    [
      41.86608,
      12.68685
    ],
    [
      41.86518,
      12.68695
    ],
    [
      41.86412,
      12.68931
    ],
    [
      41.86299,
      12.68855
    ],
    [
      41.86225,
      12.69057
    ],
    [
      41.862,
      12.69123
    ],
    [
      41.86154,
      12.69243
    ],
    [
      41.86178,
      12.69442
    ],
    [
      41.86198,
      12.69501
    ],
    [
      41.86022,
      12.695
    ],
    [
      41.86029,
      12.69626
    ],
    [
      41.8595,
      12.69662
    ],
    [
      41.86049,
      12.69706
    ],
    [
      41.86433,
      12.69773
    ],
    [
      41.86438,
      12.6979
    ],
    [
      41.86446,
      12.69818
    ],
    [
      41.8593,
      12.70078
    ],
    [
      41.85958,
      12.70095
    ],
    [
      41.86158,
      12.70103
    ],
    [
      41.86158,
      12.7011
    ],
    [
      41.86157,
      12.70325
    ],
    [
      41.86195,
      12.70295
    ],
    [
      41.8626,
      12.70259
    ],
    [
      41.8639,
      12.70262
    ],
    [
      41.86403,
      12.70307
    ],
    [
      41.86531,
      12.70636
    ],
    [
      41.86637,
      12.70422
    ],
    [
      41.86591,
      12.69873
    ],
    [
      41.86598,
      12.69861
    ],
    [
      41.86607,
      12.69838
    ],
    [
      41.86608,
      12.69829
    ],
    [
      41.8661,
      12.69815
    ],
    [
      41.8661,
      12.69803
    ],
    [
      41.86611,
      12.69795
    ],
    [
      41.86611,
      12.69789
    ],
    [
      41.86611,
      12.69783
    ],
    [
      41.86611,
      12.69778
    ],
    [
      41.86612,
      12.69774
    ]
  ],
  "distance1600": [
    [
      41.86747,
      12.69763
    ],
    [
      41.86711,
      12.69741
    ],
    [
      41.86613,
      12.69756
    ],
    [
      41.86613,
      12.69751
    ],
    [
      41.86613,
      12.69747
    ],
    [
      41.87458,
      12.69145
    ],
    [
      41.87403,
      12.68981
    ],
    [
      41.8729,
      12.68843
    ],
    [
      41.87325,
      12.68637
    ],
    [
      41.87216,
      12.6842
    ],
    [
      41.87066,
      12.68374
    ],
    [
      41.87025,
      12.68125
    ],
    [
      41.86754,
      12.68008
    ],
    [
      41.8635,
      12.68202
    ],
    [
      41.86286,
      12.68139
    ],
    [
      41.86088,
      12.68232
    ],
    [
      41.8596,
      12.6848
    ],
    [
      41.85953,
      12.68858
    ],
    [
      41.85874,
      12.68884
    ],
    [
      41.85844,
      12.69143
    ],
    [
      41.85752,
      12.69186
    ],
    [
      41.8569,
      12.6936
    ],
    [
      41.8564,
      12.69494
    ],
    [
      41.85476,
      12.69569
    ],
    [
      41.85716,
      12.6977
    ],
    [
      41.8544,
      12.69899
    ],
    [
      41.85765,
      12.69969
    ],
    [
      41.85709,
      12.70088
    ],
    [
      41.85647,
      12.7022
    ],
    [
      41.85503,
      12.70382
    ],
    [
      41.85653,
      12.70479
    ],
    [
      41.85664,
      12.70528
    ],
    [
      41.85873,
      12.70664
    ],
    [
      41.85903,
      12.70805
    ],
    [
      41.86029,
      12.70958
    ],
    [
      41.86042,
      12.70962
    ],
    [
      41.86227,
      12.7101
    ],
    [
      41.86398,
      12.71335
    ],
    [
      41.86629,
      12.70836
    ],
    [
      41.86781,
      12.70686
    ],
    [
      41.8674,
      12.70339
    ],
    [
      41.86649,
      12.69933
    ],
    [
      41.86658,
      12.69919
    ],
    [
      41.86673,
      12.69897
    ],
    [
      41.86689,
      12.69875
    ],
    [
      41.86707,
      12.69848
    ],
    [
      41.86719,
      12.69841
    ],
    [
      41.86724,
      12.69827
    ],
    [
      41.8671,
      12.69803
    ],
    [
      41.86707,
      12.69786
    ]
  ]
}