{
  "distance500": [
    [
      41.86496,
      12.650096
    ],
    [
      41.865446,
      12.645096
    ],
    [
      41.863228,
      12.643096
    ],
    [
      41.863166,
      12.641096
    ],
    [
      41.862666,
      12.640402
    ],
    [
      41.860617,
      12.643096
    ],
    [
      41.861626,
      12.644136
    ],
    [
      41.861789,
      12.645096
    ],
    [
      41.861274,
      12.647704
    ],
    [
      41.860562,
      12.647992
    ],
    [
      41.860494,
      12.648924
    ],
    [
      41.859642,
      12.649072
    ],
    [
      41.859666,
      12.649559
    ],
    [
      41.861666,
      12.649075
    ],
    [
      41.86174,
      12.650096
    ],
    [
      41.863666,
      12.651375
    ],
    [
      41.864645,
      12.651075
    ],
    [
      41.86496,
      12.650096
    ]
  ],
  "distance1000": [
    [
      41.868838,
      12.643096
    ],
    [
      41.868837,
      12.640925
    ],
    [
      41.866482,
      12.64028
    ],
    [
      41.867305,
      12.639096
    ],
    [
      41.867264,
      12.638096
    ],
    [
      41.865761,
      12.638001
    ],
    [
      41.865666,
      12.637476
    ],
    [
      41.864666,
      12.637112
    ],
    [
      41.863666,
      12.634589
    ],
    [
      41.862829,
      12.636096
    ],
    [
      41.863454,
      12.636308
    ],
    [
      41.863489,
      12.637096
    ],
    [
      41.862666,
      12.637978
    ],
    [
      41.860987,
      12.637775
    ],
    [
      41.860731,
      12.636161
    ],
    [
      41.861434,
      12.636096
    ],
    [
      41.860666,
      12.635625
    ],
    [
      41.860494,
      12.636924
    ],
    [
      41.859852,
      12.637096
    ],
    [
      41.859899,
      12.638329
    ],
    [
      41.859181,
      12.639611
    ],
    [
      41.858259,
      12.640096
    ],
    [
      41.858666,
      12.64051
    ],
    [
      41.859666,
      12.640227
    ],
    [
      41.860417,
      12.641096
    ],
    [
      41.859666,
      12.641852
    ],
    [
      41.858666,
      12.641352
    ],
    [
      41.856702,
      12.642096
    ],
    [
      41.857165,
      12.643096
    ],
    [
      41.856319,
      12.644096
    ],
    [
      41.856543,
      12.645096
    ],
    [
      41.857549,
      12.645213
    ],
    [
      41.857666,
      12.645917
    ],
    [
      41.8578,
      12.64523
    ],
    [
      41.859666,
      12.6453
    ],
    [
      41.860666,
      12.64439
    ],
    [
      41.86136,
      12.645096
    ],
    [
      41.861046,
      12.647476
    ],
    [
      41.857374,
      12.651096
    ],
    [
      41.857544,
      12.653218
    ],
    [
      41.858722,
      12.65304
    ],
    [
      41.859068,
      12.653694
    ],
    [
      41.861666,
      12.655148
    ],
    [
      41.862908,
      12.654338
    ],
    [
      41.864362,
      12.6544
    ],
    [
      41.86455,
      12.65598
    ],
    [
      41.863621,
      12.656141
    ],
    [
      41.864666,
      12.656796
    ],
    [
      41.866157,
      12.655587
    ],
    [
      41.867811,
      12.655241
    ],
    [
      41.867679,
      12.653096
    ],
    [
      41.868354,
      12.651784
    ],
    [
      41.868265,
      12.649096
    ],
    [
      41.867813,
      12.648949
    ],
    [
      41.867383,
      12.647096
    ],
    [
      41.866353,
      12.646096
    ],
    [
      41.866666,
      12.645421
    ],
    [
      41.868037,
      12.645096
    ],
    [
      41.867937,
      12.644367
    ],
    [
      41.868625,
      12.644055
    ],
    [
      41.868838,
      12.643096
    ]
  ],
  "distance1600": [
    [
      41.872714,
      12.647096
    ],
    [
      41.872248,
      12.646096
    ],
    [
      41.872081,
      12.642096
    ],
    [
      41.871567,
      12.640096
    ],
    [
      41.87221,
      12.63964
    ],
    [
      41.872797,
      12.638096
    ],
    [
      41.871512,
      12.637942
    ],
    [
      41.871308,
      12.638738
    ],
    [
      41.870666,
      12.638852
    ],
    [
      41.869879,
      12.638096
    ],
    [
      41.870042,
      12.637472
    ],
    [
      41.870776,
      12.637206
    ],
    [
      41.870684,
      12.635114
    ],
    [
      41.871184,
      12.634614
    ],
    [
      41.871111,
      12.633096
    ],
    [
      41.869739,
      12.633023
    ],
    [
      41.868666,
      12.631698
    ],
    [
      41.866666,
      12.631684
    ],
    [
      41.865513,
      12.629249
    ],
    [
      41.864666,
      12.629118
    ],
    [
      41.862666,
      12.627531
    ],
    [
      41.862289,
      12.628096
    ],
    [
      41.862588,
      12.628174
    ],
    [
      41.862433,
      12.631096
    ],
    [
      41.862196,
      12.631626
    ],
    [
      41.860561,
      12.632096
    ],
    [
      41.860072,
      12.636502
    ],
    [
      41.8592,
      12.636562
    ],
    [
      41.858666,
      12.635888
    ],
    [
      41.858158,
      12.636588
    ],
    [
      41.85659,
      12.63702
    ],
    [
      41.856267,
      12.638697
    ],
    [
      41.854666,
      12.638937
    ],
    [
      41.854552,
      12.639982
    ],
    [
      41.853652,
      12.640082
    ],
    [
      41.853507,
      12.641937
    ],
    [
      41.85198,
      12.642096
    ],
    [
      41.852666,
      12.645717
    ],
    [
      41.854666,
      12.645977
    ],
    [
      41.854885,
      12.645315
    ],
    [
      41.856666,
      12.645479
    ],
    [
      41.857286,
      12.646096
    ],
    [
      41.856461,
      12.646891
    ],
    [
      41.8562,
      12.64863
    ],
    [
      41.855532,
      12.648962
    ],
    [
      41.855395,
      12.649825
    ],
    [
      41.853652,
      12.650096
    ],
    [
      41.853891,
      12.650871
    ],
    [
      41.854557,
      12.651096
    ],
    [
      41.855666,
      12.65097
    ],
    [
      41.856042,
      12.649472
    ],
    [
      41.856884,
      12.649096
    ],
    [
      41.857202,
      12.647632
    ],
    [
      41.860324,
      12.644754
    ],
    [
      41.860989,
      12.644773
    ],
    [
      41.860949,
      12.647379
    ],
    [
      41.857361,
      12.650791
    ],
    [
      41.856666,
      12.651966
    ],
    [
      41.855618,
      12.652048
    ],
    [
      41.854851,
      12.656911
    ],
    [
      41.855454,
      12.658308
    ],
    [
      41.856666,
      12.659124
    ],
    [
      41.85766,
      12.659102
    ],
    [
      41.857893,
      12.658323
    ],
    [
      41.858774,
      12.658204
    ],
    [
      41.860191,
      12.656621
    ],
    [
      41.861998,
      12.656428
    ],
    [
      41.863271,
      12.654701
    ],
    [
      41.86404,
      12.654722
    ],
    [
      41.864063,
      12.655493
    ],
    [
      41.863299,
      12.655729
    ],
    [
      41.8631,
      12.65653
    ],
    [
      41.862345,
      12.656775
    ],
    [
      41.861261,
      12.658691
    ],
    [
      41.860573,
      12.659003
    ],
    [
      41.860547,
      12.660096
    ],
    [
      41.861392,
      12.66037
    ],
    [
      41.861666,
      12.662499
    ],
    [
      41.864666,
      12.663835
    ],
    [
      41.864781,
      12.663211
    ],
    [
      41.866209,
      12.662096
    ],
    [
      41.866432,
      12.660096
    ],
    [
      41.868666,
      12.660011
    ],
    [
      41.868869,
      12.659299
    ],
    [
      41.869762,
      12.659096
    ],
    [
      41.869761,
      12.658191
    ],
    [
      41.870155,
      12.658096
    ],
    [
      41.869307,
      12.657096
    ],
    [
      41.871968,
      12.654398
    ],
    [
      41.871634,
      12.653096
    ],
    [
      41.872246,
      12.650096
    ],
    [
      41.872126,
      12.648096
    ],
    [
      41.872714,
      12.647096
    ]
  ]
}