{
  "distance500": [
    [
      41.86302,
      12.64596
    ],
    [
      41.86302,
      12.64591
    ],
    [
      41.86303,
      12.64587
    ],
    [
      41.86303,
      12.64582
    ],
    [
      41.86304,
      12.64576
    ],
    [
      41.86305,
      12.6457
    ],
    [
      41.86306,
      12.64559
    ],
    [
      41.86307,
      12.64546
    ],
    [
      41.86308,
      12.64537
    ],
    [
      41.86312,
      12.645
    ],
    [
      41.86317,
      12.64458
    ],
    [
      41.86325,
      12.64415
    ],
    [
      41.86302,
      12.64113
    ],
    [
      41.86245,
      12.64327
    ],
    [
      41.86235,
      12.64386
    ],
    [
      41.86203,
      12.64378
    ],
    [
      41.86183,
      12.64416
    ],
    [
      41.86171,
      12.64424
    ],
    [
      41.86125,
      12.64417
    ],
    [
      41.86104,
      12.64467
    ],
    [
      41.86107,
      12.64487
    ],
    [
      41.86114,
      12.64526
    ],
    [
      41.86118,
      12.64544
    ],
    [
      41.86121,
      12.64563
    ],
    [
      41.86127,
      12.64596
    ],
    [
      41.8613,
      12.64615
    ],
    [
      41.86133,
      12.64632
    ],
    [
      41.86135,
      12.64644
    ],
    [
      41.86138,
      12.64662
    ],
    [
      41.86141,
      12.64679
    ],
    [
      41.86144,
      12.64697
    ],
    [
      41.86147,
      12.64702
    ],
    [
      41.85974,
      12.6494
    ],
    [
      41.86078,
      12.64884
    ],
    [
      41.86112,
      12.64939
    ],
    [
      41.86103,
      12.64969
    ],
    [
      41.86193,
      12.64855
    ],
    [
      41.86281,
      12.64966
    ],
    [
      41.86319,
      12.65076
    ],
    [
      41.86297,
      12.64753
    ],
    [
      41.8629,
      12.6469
    ],
    [
      41.86294,
      12.64658
    ],
    [
      41.86295,
      12.6465
    ],
    [
      41.86297,
      12.64638
    ],
    [
      41.86298,
      12.64628
    ],
    [
      41.86299,
      12.64622
    ],
    [
      41.86299,
      12.64616
    ],
    [
      41.863,
      12.64612
    ],
    [
      41.863,
      12.64608
    ],
    [
      41.86301,
      12.646
    ]
  ],
  "distance1000": [
    [
      41.86302,
      12.64596
    ],
    [
      41.86302,
      12.64591
    ],
    [
      41.86303,
      12.64587
    ],
    [
      41.86303,
      12.64582
    ],
    [
      41.86304,
      12.64576
    ],
    [
      41.86305,
      12.6457
    ],
    [
      41.86306,
      12.64559
    ],
    [
      41.86307,
      12.64546
    ],
    [
      41.86308,
      12.64537
    ],
    [
      41.86688,
      12.63852
    ],
    [
      41.86583,
      12.63884
    ],
    [
      41.86433,
      12.63951
    ],
    [
      41.86378,
      12.6353
    ],
    [
      41.8618,
      12.6381
    ],
    [
      41.86111,
      12.63871
    ],
    [
      41.86095,
      12.63929
    ],
    [
      41.86113,
      12.64317
    ],
    [
      41.86084,
      12.64326
    ],
    [
      41.86125,
      12.64417
    ],
    [
      41.86104,
      12.64467
    ],
    [
      41.86107,
      12.64487
    ],
    [
      41.86114,
      12.64526
    ],
    [
      41.86118,
      12.64544
    ],
    [
      41.86121,
      12.64563
    ],
    [
      41.86127,
      12.64596
    ],
    [
      41.8613,
      12.64615
    ],
    [
      41.86133,
      12.64632
    ],
    [
      41.86135,
      12.64644
    ],
    [
      41.86138,
      12.64662
    ],
    [
      41.86141,
      12.64679
    ],
    [
      41.85637,
      12.65088
    ],
    [
      41.85737,
      12.65117
    ],
    [
      41.8576,
      12.65257
    ],
    [
      41.85797,
      12.65317
    ],
    [
      41.8581,
      12.65337
    ],
    [
      41.86031,
      12.65191
    ],
    [
      41.86006,
      12.65419
    ],
    [
      41.86199,
      12.65425
    ],
    [
      41.86383,
      12.65602
    ],
    [
      41.8644,
      12.65649
    ],
    [
      41.8629,
      12.6469
    ],
    [
      41.86294,
      12.64658
    ],
    [
      41.86295,
      12.6465
    ],
    [
      41.86297,
      12.64638
    ],
    [
      41.86298,
      12.64628
    ],
    [
      41.86299,
      12.64622
    ],
    [
      41.86299,
      12.64616
    ],
    [
      41.863,
      12.64612
    ],
    [
      41.863,
      12.64608
    ],
    [
      41.86301,
      12.646
    ]
  ],
  "distance1600": [
    [
      41.86438,
      12.64597
    ],
    [
      41.86588,
      12.64559
    ],
    [
      41.8702,
      12.64321
    ],
    [
      41.86979,
      12.64328
    ],
    [
      41.86915,
      12.64224
    ],
    [
      41.87012,
      12.64022
    ],
    [
      41.87031,
      12.63937
    ],
    [
      41.86792,
      12.63901
    ],
    [
      41.8708,
      12.63357
    ],
    [
      41.87035,
      12.63407
    ],
    [
      41.86752,
      12.63336
    ],
    [
      41.8664,
      12.63364
    ],
    [
      41.86281,
      12.62822
    ],
    [
      41.86174,
      12.63368
    ],
    [
      41.8602,
      12.63559
    ],
    [
      41.85858,
      12.63654
    ],
    [
      41.8581,
      12.63675
    ],
    [
      41.85762,
      12.63693
    ],
    [
      41.85623,
      12.63922
    ],
    [
      41.8564,
      12.64005
    ],
    [
      41.85649,
      12.64242
    ],
    [
      41.85612,
      12.64237
    ],
    [
      41.85643,
      12.64401
    ],
    [
      41.8571,
      12.64466
    ],
    [
      41.85793,
      12.64581
    ],
    [
      41.85757,
      12.64621
    ],
    [
      41.8571,
      12.64696
    ],
    [
      41.86135,
      12.64644
    ],
    [
      41.86138,
      12.64662
    ],
    [
      41.86141,
      12.64679
    ],
    [
      41.85632,
      12.65093
    ],
    [
      41.85653,
      12.65238
    ],
    [
      41.85662,
      12.65391
    ],
    [
      41.85595,
      12.65615
    ],
    [
      41.85572,
      12.65832
    ],
    [
      41.85768,
      12.65743
    ],
    [
      41.85902,
      12.65646
    ],
    [
      41.86336,
      12.66289
    ],
    [
      41.86439,
      12.66368
    ],
    [
      41.86573,
      12.66161
    ],
    [
      41.8629,
      12.6469
    ],
    [
      41.86294,
      12.64658
    ],
    [
      41.86328,
      12.64709
    ],
    [
      41.86341,
      12.64695
    ],
    [
      41.86362,
      12.64672
    ],
    [
      41.86372,
      12.64661
    ],
    [
      41.86522,
      12.64734
    ],
    [
      41.86495,
      12.6469
    ],
    [
      41.86472,
      12.64653
    ],
    [
      41.86452,
      12.6462
    ]
  ]
}