{
  "distance500": [
    [
      41.94659,
      12.52416
    ],
    [
      41.94753,
      12.524
    ],
    [
      41.94747,
      12.52392
    ],
    [
      41.94741,
      12.52383
    ],
    [
      41.94735,
      12.52374
    ],
    [
      41.94827,
      12.5229
    ],
    [
      41.94958,
      12.52114
    ],
    [
      41.94998,
      12.52058
    ],
    [
      41.94918,
      12.52061
    ],
    [
      41.94722,
      12.52277
    ],
    [
      41.94713,
      12.52264
    ],
    [
      41.94704,
      12.52251
    ],
    [
      41.9468,
      12.52215
    ],
    [
      41.94648,
      12.52327
    ],
    [
      41.94646,
      12.52333
    ],
    [
      41.94625,
      12.52313
    ],
    [
      41.94613,
      12.52327
    ],
    [
      41.94622,
      12.52355
    ],
    [
      41.94622,
      12.52367
    ],
    [
      41.94621,
      12.52381
    ],
    [
      41.9462,
      12.52393
    ],
    [
      41.9462,
      12.52399
    ],
    [
      41.94619,
      12.52405
    ],
    [
      41.94619,
      12.52411
    ],
    [
      41.94659,
      12.52416
    ],
    [
      41.94659,
      12.52416
    ],
    [
      41.94659,
      12.52416
    ],
    [
      41.94659,
      12.52416
    ],
    [
      41.94659,
      12.52416
    ],
    [
      41.94659,
      12.52416
    ],
    [
      41.94659,
      12.52416
    ],
    [
      41.94659,
      12.52416
    ],
    [
      41.94643,
      12.52434
    ],
    [
      41.94659,
      12.52416
    ],
    [
      41.94659,
      12.52416
    ],
    [
      41.94659,
      12.52416
    ],
    [
      41.94659,
      12.52416
    ],
    [
      41.94659,
      12.52416
    ],
    [
      41.94659,
      12.52416
    ],
    [
      41.94659,
      12.52416
    ],
    [
      41.94659,
      12.52416
    ],
    [
      41.94659,
      12.52416
    ],
    [
      41.94659,
      12.52416
    ],
    [
      41.94659,
      12.52416
    ],
    [
      41.94659,
      12.52416
    ],
    [
      41.94659,
      12.52416
    ],
    [
      41.94659,
      12.52416
    ],
    [
      41.94659,
      12.52416
    ],
    [
      41.94659,
      12.52416
    ],
    [
      41.94659,
      12.52416
    ]
  ],
  "distance1000": [
    [
      41.94828,
      12.52412
    ],
    [
      41.94829,
      12.52376
    ],
    [
      41.95109,
      12.52266
    ],
    [
      41.95124,
      12.52184
    ],
    [
      41.95207,
      12.52096
    ],
    [
      41.95203,
      12.52048
    ],
    [
      41.95116,
      12.51966
    ],
    [
      41.95196,
      12.51737
    ],
    [
      41.95092,
      12.51791
    ],
    [
      41.95097,
      12.51738
    ],
    [
      41.94824,
      12.52041
    ],
    [
      41.94788,
      12.52039
    ],
    [
      41.94638,
      12.51712
    ],
    [
      41.94626,
      12.51822
    ],
    [
      41.94589,
      12.52134
    ],
    [
      41.9448,
      12.51948
    ],
    [
      41.94425,
      12.51984
    ],
    [
      41.94397,
      12.51953
    ],
    [
      41.9439,
      12.52111
    ],
    [
      41.94368,
      12.52146
    ],
    [
      41.94341,
      12.52187
    ],
    [
      41.9428,
      12.52234
    ],
    [
      41.94283,
      12.5228
    ],
    [
      41.94347,
      12.52376
    ],
    [
      41.94323,
      12.52412
    ],
    [
      41.94293,
      12.5246
    ],
    [
      41.94456,
      12.52463
    ],
    [
      41.94433,
      12.52501
    ],
    [
      41.94418,
      12.52537
    ],
    [
      41.94415,
      12.52553
    ],
    [
      41.94596,
      12.52464
    ],
    [
      41.94595,
      12.52478
    ],
    [
      41.94422,
      12.5273
    ],
    [
      41.94426,
      12.52732
    ],
    [
      41.94405,
      12.52812
    ],
    [
      41.94593,
      12.5258
    ],
    [
      41.94591,
      12.52683
    ],
    [
      41.94572,
      12.52914
    ],
    [
      41.94692,
      12.52719
    ],
    [
      41.94724,
      12.52731
    ],
    [
      41.94756,
      12.52744
    ],
    [
      41.94756,
      12.52626
    ],
    [
      41.9476,
      12.52596
    ],
    [
      41.94807,
      12.5258
    ],
    [
      41.94837,
      12.52585
    ],
    [
      41.94659,
      12.52416
    ],
    [
      41.94659,
      12.52416
    ],
    [
      41.94887,
      12.52487
    ],
    [
      41.94861,
      12.52466
    ],
    [
      41.94835,
      12.52435
    ]
  ],
  "distance1600": [
    [
      41.9534,
      12.52338
    ],
    [
      41.95475,
      12.52229
    ],
    [
      41.95462,
      12.52208
    ],
    [
      41.95388,
      12.52049
    ],
    [
      41.95365,
      12.51967
    ],
    [
      41.95438,
      12.51807
    ],
    [
      41.95466,
      12.51658
    ],
    [
      41.95366,
      12.51669
    ],
    [
      41.95092,
      12.51791
    ],
    [
      41.95049,
      12.51627
    ],
    [
      41.95,
      12.51472
    ],
    [
      41.94955,
      12.51446
    ],
    [
      41.94633,
      12.51257
    ],
    [
      41.94525,
      12.51352
    ],
    [
      41.94382,
      12.51261
    ],
    [
      41.94333,
      12.51177
    ],
    [
      41.94261,
      12.51614
    ],
    [
      41.94239,
      12.51658
    ],
    [
      41.94175,
      12.51776
    ],
    [
      41.9417,
      12.51962
    ],
    [
      41.94175,
      12.52098
    ],
    [
      41.94176,
      12.52167
    ],
    [
      41.94154,
      12.52266
    ],
    [
      41.9411,
      12.52338
    ],
    [
      41.94084,
      12.52381
    ],
    [
      41.94027,
      12.52474
    ],
    [
      41.93958,
      12.52584
    ],
    [
      41.93923,
      12.52641
    ],
    [
      41.93929,
      12.5278
    ],
    [
      41.93984,
      12.52782
    ],
    [
      41.94059,
      12.52836
    ],
    [
      41.94129,
      12.52878
    ],
    [
      41.94212,
      12.53011
    ],
    [
      41.94229,
      12.5307
    ],
    [
      41.94212,
      12.53299
    ],
    [
      41.94265,
      12.53328
    ],
    [
      41.94441,
      12.53202
    ],
    [
      41.94406,
      12.53589
    ],
    [
      41.94739,
      12.53425
    ],
    [
      41.94808,
      12.53337
    ],
    [
      41.94869,
      12.53232
    ],
    [
      41.9503,
      12.53147
    ],
    [
      41.95156,
      12.53124
    ],
    [
      41.95159,
      12.53058
    ],
    [
      41.95291,
      12.52951
    ],
    [
      41.95342,
      12.52828
    ],
    [
      41.95253,
      12.52729
    ],
    [
      41.95368,
      12.52612
    ],
    [
      41.95197,
      12.52486
    ],
    [
      41.9525,
      12.5242
    ]
  ]
}