{
  "distance500": [
    [
      41.82717,
      12.47851
    ],
    [
      41.82717,
      12.47851
    ],
    [
      41.82717,
      12.47851
    ],
    [
      41.82717,
      12.47851
    ],
    [
      41.82717,
      12.47851
    ],
    [
      41.82717,
      12.47851
    ],
    [
      41.82717,
      12.47851
    ],
    [
      41.82717,
      12.47851
    ],
    [
      41.82717,
      12.47851
    ],
    [
      41.82717,
      12.47851
    ],
    [
      41.82717,
      12.47851
    ],
    [
      41.82717,
      12.47851
    ],
    [
      41.82717,
      12.47851
    ],
    [
      41.82659,
      12.47356
    ],
    [
      41.82608,
      12.47388
    ],
    [
      41.82603,
      12.47498
    ],
    [
      41.82548,
      12.47539
    ],
    [
      41.82471,
      12.47511
    ],
    [
      41.82458,
      12.47517
    ],
    [
      41.82468,
      12.47643
    ],
    [
      41.8247,
      12.47673
    ],
    [
      41.8241,
      12.47716
    ],
    [
      41.82454,
      12.47744
    ],
    [
      41.82462,
      12.47785
    ],
    [
      41.82481,
      12.47822
    ],
    [
      41.8231,
      12.47887
    ],
    [
      41.82288,
      12.47948
    ],
    [
      41.82445,
      12.4792
    ],
    [
      41.82568,
      12.47912
    ],
    [
      41.82559,
      12.47935
    ],
    [
      41.82548,
      12.47985
    ],
    [
      41.82548,
      12.48027
    ],
    [
      41.82548,
      12.48038
    ],
    [
      41.82551,
      12.48098
    ],
    [
      41.82563,
      12.48188
    ],
    [
      41.82555,
      12.48227
    ],
    [
      41.82699,
      12.47906
    ],
    [
      41.82696,
      12.48063
    ],
    [
      41.82731,
      12.48044
    ],
    [
      41.8274,
      12.47989
    ],
    [
      41.82747,
      12.47967
    ],
    [
      41.82736,
      12.47885
    ],
    [
      41.82744,
      12.47886
    ],
    [
      41.82756,
      12.47889
    ],
    [
      41.82773,
      12.47893
    ],
    [
      41.82843,
      12.47935
    ],
    [
      41.82717,
      12.47851
    ],
    [
      41.82717,
      12.47851
    ],
    [
      41.82717,
      12.47851
    ],
    [
      41.82717,
      12.47851
    ]
  ],
  "distance1000": [
    [
      41.82717,
      12.47851
    ],
    [
      41.82717,
      12.47851
    ],
    [
      41.82717,
      12.47851
    ],
    [
      41.82717,
      12.47851
    ],
    [
      41.82717,
      12.47851
    ],
    [
      41.82717,
      12.47851
    ],
    [
      41.82717,
      12.47851
    ],
    [
      41.83049,
      12.47482
    ],
    [
      41.82985,
      12.47449
    ],
    [
      41.8298,
      12.47273
    ],
    [
      41.82948,
      12.47249
    ],
    [
      41.82939,
      12.47147
    ],
    [
      41.82904,
      12.47038
    ],
    [
      41.82639,
      12.46899
    ],
    [
      41.82588,
      12.47072
    ],
    [
      41.82399,
      12.47141
    ],
    [
      41.82301,
      12.47034
    ],
    [
      41.82188,
      12.4708
    ],
    [
      41.82301,
      12.47299
    ],
    [
      41.82319,
      12.47476
    ],
    [
      41.82274,
      12.47572
    ],
    [
      41.82147,
      12.47612
    ],
    [
      41.82034,
      12.47615
    ],
    [
      41.82036,
      12.47693
    ],
    [
      41.8204,
      12.47826
    ],
    [
      41.82061,
      12.47929
    ],
    [
      41.81902,
      12.48008
    ],
    [
      41.81912,
      12.48142
    ],
    [
      41.81885,
      12.48182
    ],
    [
      41.82341,
      12.48074
    ],
    [
      41.82548,
      12.47985
    ],
    [
      41.82548,
      12.48027
    ],
    [
      41.82548,
      12.48038
    ],
    [
      41.82374,
      12.48323
    ],
    [
      41.82311,
      12.48689
    ],
    [
      41.82401,
      12.48709
    ],
    [
      41.8247,
      12.48587
    ],
    [
      41.82563,
      12.48605
    ],
    [
      41.8274,
      12.48176
    ],
    [
      41.8274,
      12.47989
    ],
    [
      41.82818,
      12.48156
    ],
    [
      41.8297,
      12.48406
    ],
    [
      41.83002,
      12.48288
    ],
    [
      41.82956,
      12.48125
    ],
    [
      41.82971,
      12.48089
    ],
    [
      41.83094,
      12.48067
    ],
    [
      41.83268,
      12.4809
    ],
    [
      41.8324,
      12.48044
    ],
    [
      41.82717,
      12.47851
    ],
    [
      41.82717,
      12.47851
    ]
  ],
  "distance1600": [
    [
      41.83304,
      12.47781
    ],
    [
      41.83562,
      12.47696
    ],
    [
      41.83415,
      12.47662
    ],
    [
      41.83442,
      12.47527
    ],
    [
      41.8346,
      12.4746
    ],
    [
      41.83274,
      12.47408
    ],
    [
      41.83303,
      12.47311
    ],
    [
      41.83315,
      12.47079
    ],
    [
      41.83287,
      12.4706
    ],
    [
      41.83194,
      12.47011
    ],
    [
      41.83176,
      12.46601
    ],
    [
      41.83024,
      12.46652
    ],
    [
      41.8302,
      12.46638
    ],
    [
      41.82579,
      12.46861
    ],
    [
      41.82405,
      12.46441
    ],
    [
      41.82125,
      12.46484
    ],
    [
      41.82106,
      12.46688
    ],
    [
      41.81901,
      12.46595
    ],
    [
      41.81881,
      12.46738
    ],
    [
      41.82024,
      12.47236
    ],
    [
      41.82027,
      12.47346
    ],
    [
      41.81754,
      12.47455
    ],
    [
      41.81731,
      12.47558
    ],
    [
      41.81694,
      12.47644
    ],
    [
      41.81668,
      12.47811
    ],
    [
      41.81713,
      12.47878
    ],
    [
      41.81779,
      12.47974
    ],
    [
      41.81668,
      12.48113
    ],
    [
      41.81404,
      12.48498
    ],
    [
      41.81769,
      12.48353
    ],
    [
      41.81868,
      12.48417
    ],
    [
      41.82008,
      12.48509
    ],
    [
      41.81849,
      12.48888
    ],
    [
      41.81969,
      12.48945
    ],
    [
      41.82189,
      12.49025
    ],
    [
      41.82223,
      12.49122
    ],
    [
      41.82297,
      12.49366
    ],
    [
      41.82406,
      12.49299
    ],
    [
      41.82778,
      12.48817
    ],
    [
      41.82889,
      12.48758
    ],
    [
      41.83073,
      12.49111
    ],
    [
      41.83119,
      12.48692
    ],
    [
      41.83168,
      12.485
    ],
    [
      41.83178,
      12.48457
    ],
    [
      41.8321,
      12.48315
    ],
    [
      41.83231,
      12.48224
    ],
    [
      41.83523,
      12.48183
    ],
    [
      41.83783,
      12.48147
    ],
    [
      41.83806,
      12.48081
    ],
    [
      41.83282,
      12.47854
    ]
  ]
}