{
  "distance500": [
    [
      41.8316,
      12.480517
    ],
    [
      41.83058,
      12.480031
    ],
    [
      41.830093,
      12.478571
    ],
    [
      41.829023,
      12.478517
    ],
    [
      41.830048,
      12.478472
    ],
    [
      41.830506,
      12.477517
    ],
    [
      41.830713,
      12.476517
    ],
    [
      41.830293,
      12.475517
    ],
    [
      41.829093,
      12.476155
    ],
    [
      41.828725,
      12.475886
    ],
    [
      41.827093,
      12.473006
    ],
    [
      41.826093,
      12.473208
    ],
    [
      41.824378,
      12.474802
    ],
    [
      41.824138,
      12.475517
    ],
    [
      41.824986,
      12.476517
    ],
    [
      41.82362,
      12.477517
    ],
    [
      41.822513,
      12.479517
    ],
    [
      41.824155,
      12.480456
    ],
    [
      41.824045,
      12.481517
    ],
    [
      41.825093,
      12.482979
    ],
    [
      41.827093,
      12.483576
    ],
    [
      41.828093,
      12.483417
    ],
    [
      41.8316,
      12.480517
    ]
  ],
  "distance1000": [
    [
      41.836177,
      12.480517
    ],
    [
      41.835628,
      12.479517
    ],
    [
      41.833419,
      12.479191
    ],
    [
      41.833353,
      12.477777
    ],
    [
      41.834093,
      12.475517
    ],
    [
      41.832093,
      12.470378
    ],
    [
      41.831093,
      12.470948
    ],
    [
      41.829093,
      12.46986
    ],
    [
      41.828093,
      12.470556
    ],
    [
      41.826093,
      12.46853
    ],
    [
      41.825462,
      12.468886
    ],
    [
      41.825249,
      12.470674
    ],
    [
      41.823093,
      12.470103
    ],
    [
      41.821693,
      12.470517
    ],
    [
      41.821713,
      12.472897
    ],
    [
      41.822182,
      12.474517
    ],
    [
      41.821395,
      12.475517
    ],
    [
      41.822702,
      12.475908
    ],
    [
      41.82281,
      12.477517
    ],
    [
      41.822093,
      12.4783
    ],
    [
      41.821451,
      12.47816
    ],
    [
      41.821093,
      12.476119
    ],
    [
      41.820093,
      12.476326
    ],
    [
      41.819635,
      12.479059
    ],
    [
      41.818804,
      12.479517
    ],
    [
      41.818316,
      12.481517
    ],
    [
      41.818838,
      12.482517
    ],
    [
      41.821093,
      12.483848
    ],
    [
      41.823093,
      12.487477
    ],
    [
      41.826093,
      12.488756
    ],
    [
      41.826506,
      12.48593
    ],
    [
      41.828061,
      12.485549
    ],
    [
      41.828093,
      12.486784
    ],
    [
      41.830093,
      12.48824
    ],
    [
      41.831351,
      12.484776
    ],
    [
      41.832152,
      12.484517
    ],
    [
      41.832657,
      12.482082
    ],
    [
      41.834093,
      12.480818
    ],
    [
      41.835275,
      12.481699
    ],
    [
      41.836177,
      12.480517
    ]
  ],
  "distance1600": [
    [
      41.841355,
      12.480517
    ],
    [
      41.840226,
      12.479385
    ],
    [
      41.840093,
      12.477814
    ],
    [
      41.839093,
      12.475517
    ],
    [
      41.83775,
      12.476174
    ],
    [
      41.837518,
      12.476942
    ],
    [
      41.836757,
      12.476854
    ],
    [
      41.836736,
      12.47616
    ],
    [
      41.837489,
      12.475913
    ],
    [
      41.838345,
      12.474517
    ],
    [
      41.837664,
      12.473947
    ],
    [
      41.836744,
      12.471517
    ],
    [
      41.835395,
      12.470517
    ],
    [
      41.835991,
      12.469517
    ],
    [
      41.835891,
      12.468517
    ],
    [
      41.834539,
      12.465072
    ],
    [
      41.833069,
      12.464493
    ],
    [
      41.831093,
      12.464713
    ],
    [
      41.830093,
      12.463483
    ],
    [
      41.829093,
      12.464933
    ],
    [
      41.828093,
      12.464082
    ],
    [
      41.826365,
      12.465789
    ],
    [
      41.825815,
      12.467239
    ],
    [
      41.825093,
      12.467418
    ],
    [
      41.824532,
      12.467079
    ],
    [
      41.824396,
      12.465821
    ],
    [
      41.825564,
      12.465517
    ],
    [
      41.825501,
      12.464517
    ],
    [
      41.825093,
      12.46387
    ],
    [
      41.824093,
      12.463888
    ],
    [
      41.82137,
      12.464794
    ],
    [
      41.821065,
      12.466517
    ],
    [
      41.820423,
      12.466847
    ],
    [
      41.819772,
      12.466839
    ],
    [
      41.819093,
      12.465736
    ],
    [
      41.818093,
      12.46686
    ],
    [
      41.817591,
      12.468517
    ],
    [
      41.81853,
      12.469517
    ],
    [
      41.818654,
      12.471517
    ],
    [
      41.817951,
      12.472517
    ],
    [
      41.818551,
      12.474517
    ],
    [
      41.818093,
      12.475184
    ],
    [
      41.817093,
      12.474546
    ],
    [
      41.816345,
      12.475769
    ],
    [
      41.815093,
      12.476517
    ],
    [
      41.814758,
      12.477517
    ],
    [
      41.815277,
      12.478701
    ],
    [
      41.814038,
      12.479517
    ],
    [
      41.815168,
      12.480592
    ],
    [
      41.814173,
      12.481517
    ],
    [
      41.813676,
      12.485517
    ],
    [
      41.816093,
      12.488299
    ],
    [
      41.816625,
      12.487049
    ],
    [
      41.817562,
      12.487048
    ],
    [
      41.817922,
      12.488689
    ],
    [
      41.819666,
      12.489517
    ],
    [
      41.820558,
      12.492053
    ],
    [
      41.821956,
      12.492654
    ],
    [
      41.822093,
      12.493846
    ],
    [
      41.823093,
      12.494345
    ],
    [
      41.824093,
      12.493588
    ],
    [
      41.824312,
      12.492736
    ],
    [
      41.825698,
      12.492913
    ],
    [
      41.825918,
      12.494342
    ],
    [
      41.825577,
      12.494517
    ],
    [
      41.826093,
      12.495986
    ],
    [
      41.827093,
      12.495576
    ],
    [
      41.827225,
      12.494649
    ],
    [
      41.827862,
      12.494517
    ],
    [
      41.827767,
      12.493517
    ],
    [
      41.827343,
      12.493267
    ],
    [
      41.827498,
      12.491923
    ],
    [
      41.828874,
      12.491737
    ],
    [
      41.829093,
      12.493397
    ],
    [
      41.830093,
      12.494582
    ],
    [
      41.831093,
      12.4935
    ],
    [
      41.833758,
      12.492182
    ],
    [
      41.833885,
      12.491517
    ],
    [
      41.833398,
      12.491213
    ],
    [
      41.832877,
      12.489517
    ],
    [
      41.831403,
      12.487517
    ],
    [
      41.831475,
      12.485517
    ],
    [
      41.833074,
      12.484517
    ],
    [
      41.832514,
      12.483517
    ],
    [
      41.833093,
      12.482554
    ],
    [
      41.833815,
      12.482795
    ],
    [
      41.833957,
      12.483517
    ],
    [
      41.833981,
      12.484405
    ],
    [
      41.833271,
      12.484517
    ],
    [
      41.834093,
      12.484835
    ],
    [
      41.835093,
      12.48383
    ],
    [
      41.836718,
      12.483892
    ],
    [
      41.837699,
      12.484517
    ],
    [
      41.838093,
      12.485806
    ],
    [
      41.839093,
      12.484346
    ],
    [
      41.839343,
      12.481767
    ],
    [
      41.841355,
      12.480517
    ]
  ]
}