{
  "distance500": [
    [
      41.915163,
      12.463392
    ],
    [
      41.915008,
      12.462001
    ],
    [
      41.912617,
      12.459747
    ],
    [
      41.911617,
      12.459508
    ],
    [
      41.911472,
      12.460248
    ],
    [
      41.909804,
      12.460205
    ],
    [
      41.909617,
      12.458807
    ],
    [
      41.907539,
      12.463392
    ],
    [
      41.907353,
      12.465392
    ],
    [
      41.909247,
      12.467392
    ],
    [
      41.9118,
      12.468575
    ],
    [
      41.913617,
      12.466813
    ],
    [
      41.915163,
      12.463392
    ]
  ],
  "distance1000": [
    [
      41.918933,
      12.462392
    ],
    [
      41.918275,
      12.459392
    ],
    [
      41.916403,
      12.457606
    ],
    [
      41.915808,
      12.456201
    ],
    [
      41.910617,
      12.453654
    ],
    [
      41.909617,
      12.454114
    ],
    [
      41.908617,
      12.453231
    ],
    [
      41.906161,
      12.456937
    ],
    [
      41.904225,
      12.462392
    ],
    [
      41.904198,
      12.463392
    ],
    [
      41.903571,
      12.464392
    ],
    [
      41.904324,
      12.465392
    ],
    [
      41.904335,
      12.468392
    ],
    [
      41.90486,
      12.469392
    ],
    [
      41.90894,
      12.472069
    ],
    [
      41.913539,
      12.473315
    ],
    [
      41.914244,
      12.472019
    ],
    [
      41.915187,
      12.471392
    ],
    [
      41.914814,
      12.471195
    ],
    [
      41.915016,
      12.469792
    ],
    [
      41.916684,
      12.469392
    ],
    [
      41.917749,
      12.466392
    ],
    [
      41.917455,
      12.465392
    ],
    [
      41.918933,
      12.462392
    ]
  ],
  "distance1600": [
    [
      41.923659,
      12.459392
    ],
    [
      41.922008,
      12.458001
    ],
    [
      41.921617,
      12.456898
    ],
    [
      41.920617,
      12.456017
    ],
    [
      41.920367,
      12.455142
    ],
    [
      41.92081,
      12.454392
    ],
    [
      41.919178,
      12.453831
    ],
    [
      41.919765,
      12.45254
    ],
    [
      41.919617,
      12.451991
    ],
    [
      41.917617,
      12.451125
    ],
    [
      41.916341,
      12.451668
    ],
    [
      41.914789,
      12.449392
    ],
    [
      41.911617,
      12.448521
    ],
    [
      41.909882,
      12.447127
    ],
    [
      41.906617,
      12.446807
    ],
    [
      41.905031,
      12.448392
    ],
    [
      41.905405,
      12.448604
    ],
    [
      41.905467,
      12.450392
    ],
    [
      41.906283,
      12.451392
    ],
    [
      41.905936,
      12.454712
    ],
    [
      41.905617,
      12.455334
    ],
    [
      41.904746,
      12.454263
    ],
    [
      41.903617,
      12.453966
    ],
    [
      41.902407,
      12.455183
    ],
    [
      41.901516,
      12.456392
    ],
    [
      41.901201,
      12.458392
    ],
    [
      41.900484,
      12.459392
    ],
    [
      41.899553,
      12.462392
    ],
    [
      41.900484,
      12.467392
    ],
    [
      41.901617,
      12.467783
    ],
    [
      41.901729,
      12.46828
    ],
    [
      41.901617,
      12.469428
    ],
    [
      41.900589,
      12.471365
    ],
    [
      41.900627,
      12.472392
    ],
    [
      41.903617,
      12.473902
    ],
    [
      41.904617,
      12.474952
    ],
    [
      41.904934,
      12.47371
    ],
    [
      41.907113,
      12.473896
    ],
    [
      41.907311,
      12.475086
    ],
    [
      41.905044,
      12.475392
    ],
    [
      41.906617,
      12.476886
    ],
    [
      41.909485,
      12.478524
    ],
    [
      41.910617,
      12.477538
    ],
    [
      41.912655,
      12.478392
    ],
    [
      41.913808,
      12.476584
    ],
    [
      41.914617,
      12.476734
    ],
    [
      41.914881,
      12.475392
    ],
    [
      41.915617,
      12.474666
    ],
    [
      41.916617,
      12.475553
    ],
    [
      41.917995,
      12.475392
    ],
    [
      41.920858,
      12.471392
    ],
    [
      41.920471,
      12.470538
    ],
    [
      41.920801,
      12.468576
    ],
    [
      41.921773,
      12.468392
    ],
    [
      41.921822,
      12.464392
    ],
    [
      41.923659,
      12.459392
    ]
  ]
}