{
  "distance500": [
    [
      41.93227,
      12.51657
    ],
    [
      41.93234,
      12.5165
    ],
    [
      41.93244,
      12.51638
    ],
    [
      41.93258,
      12.51623
    ],
    [
      41.93258,
      12.51615
    ],
    [
      41.93255,
      12.5161
    ],
    [
      41.93428,
      12.51421
    ],
    [
      41.93394,
      12.51422
    ],
    [
      41.93353,
      12.51421
    ],
    [
      41.93318,
      12.5142
    ],
    [
      41.93318,
      12.51299
    ],
    [
      41.93318,
      12.51273
    ],
    [
      41.93193,
      12.51223
    ],
    [
      41.9316,
      12.51301
    ],
    [
      41.93122,
      12.51399
    ],
    [
      41.93185,
      12.5166
    ],
    [
      41.93185,
      12.5166
    ],
    [
      41.93185,
      12.5166
    ],
    [
      41.93185,
      12.5166
    ],
    [
      41.93185,
      12.5166
    ],
    [
      41.93185,
      12.5166
    ],
    [
      41.93185,
      12.5166
    ],
    [
      41.93185,
      12.5166
    ],
    [
      41.93185,
      12.5166
    ],
    [
      41.93185,
      12.5166
    ],
    [
      41.93185,
      12.5166
    ],
    [
      41.93185,
      12.5166
    ],
    [
      41.93185,
      12.5166
    ],
    [
      41.93185,
      12.5166
    ],
    [
      41.93185,
      12.5166
    ],
    [
      41.93185,
      12.5166
    ],
    [
      41.93185,
      12.5166
    ],
    [
      41.93185,
      12.5166
    ],
    [
      41.93185,
      12.5166
    ],
    [
      41.93185,
      12.5166
    ],
    [
      41.93185,
      12.5166
    ],
    [
      41.93185,
      12.5166
    ],
    [
      41.93185,
      12.5166
    ],
    [
      41.93185,
      12.5166
    ],
    [
      41.93185,
      12.5166
    ],
    [
      41.93185,
      12.5166
    ],
    [
      41.93185,
      12.5166
    ],
    [
      41.93185,
      12.5166
    ],
    [
      41.93185,
      12.5166
    ],
    [
      41.93185,
      12.5166
    ],
    [
      41.93185,
      12.5166
    ],
    [
      41.93185,
      12.5166
    ],
    [
      41.93185,
      12.5166
    ],
    [
      41.93185,
      12.5166
    ],
    [
      41.93185,
      12.5166
    ]
  ],
  "distance1000": [
    [
      41.93684,
      12.51634
    ],
    [
      41.93638,
      12.51569
    ],
    [
      41.9371,
      12.51467
    ],
    [
      41.93705,
      12.51403
    ],
    [
      41.93724,
      12.51363
    ],
    [
      41.93688,
      12.51334
    ],
    [
      41.937,
      12.51209
    ],
    [
      41.93669,
      12.51141
    ],
    [
      41.93525,
      12.51137
    ],
    [
      41.9356,
      12.50993
    ],
    [
      41.93471,
      12.50967
    ],
    [
      41.93399,
      12.51041
    ],
    [
      41.93151,
      12.50918
    ],
    [
      41.93135,
      12.5092
    ],
    [
      41.9303,
      12.50905
    ],
    [
      41.92864,
      12.50893
    ],
    [
      41.9294,
      12.51192
    ],
    [
      41.92877,
      12.51143
    ],
    [
      41.92938,
      12.51367
    ],
    [
      41.92924,
      12.51463
    ],
    [
      41.92852,
      12.51446
    ],
    [
      41.92893,
      12.5153
    ],
    [
      41.92824,
      12.51533
    ],
    [
      41.92788,
      12.51569
    ],
    [
      41.92899,
      12.51626
    ],
    [
      41.9286,
      12.51676
    ],
    [
      41.92881,
      12.51735
    ],
    [
      41.92877,
      12.51755
    ],
    [
      41.93122,
      12.51686
    ],
    [
      41.93126,
      12.5169
    ],
    [
      41.93133,
      12.51698
    ],
    [
      41.93136,
      12.51701
    ],
    [
      41.93146,
      12.5171
    ],
    [
      41.93149,
      12.51713
    ],
    [
      41.93157,
      12.5172
    ],
    [
      41.9316,
      12.51724
    ],
    [
      41.93164,
      12.51727
    ],
    [
      41.93187,
      12.51746
    ],
    [
      41.93208,
      12.51857
    ],
    [
      41.93214,
      12.51844
    ],
    [
      41.93222,
      12.51803
    ],
    [
      41.93185,
      12.5166
    ],
    [
      41.93411,
      12.51979
    ],
    [
      41.93419,
      12.5196
    ],
    [
      41.93412,
      12.51869
    ],
    [
      41.93494,
      12.51858
    ],
    [
      41.93515,
      12.5182
    ],
    [
      41.93535,
      12.51776
    ],
    [
      41.93637,
      12.51753
    ],
    [
      41.93775,
      12.51689
    ]
  ],
  "distance1600": [
    [
      41.93866,
      12.51588
    ],
    [
      41.93874,
      12.51528
    ],
    [
      41.93913,
      12.51407
    ],
    [
      41.93915,
      12.51286
    ],
    [
      41.94005,
      12.51158
    ],
    [
      41.9398,
      12.51114
    ],
    [
      41.94047,
      12.50888
    ],
    [
      41.93876,
      12.50908
    ],
    [
      41.93745,
      12.50892
    ],
    [
      41.9363,
      12.50737
    ],
    [
      41.93524,
      12.50761
    ],
    [
      41.93494,
      12.50728
    ],
    [
      41.93362,
      12.50898
    ],
    [
      41.93135,
      12.5092
    ],
    [
      41.9299,
      12.50872
    ],
    [
      41.92727,
      12.50633
    ],
    [
      41.92539,
      12.50458
    ],
    [
      41.92424,
      12.50493
    ],
    [
      41.92403,
      12.50768
    ],
    [
      41.92512,
      12.51149
    ],
    [
      41.92545,
      12.51194
    ],
    [
      41.92561,
      12.51313
    ],
    [
      41.92338,
      12.51378
    ],
    [
      41.92363,
      12.51499
    ],
    [
      41.9236,
      12.51612
    ],
    [
      41.92688,
      12.51661
    ],
    [
      41.9271,
      12.51745
    ],
    [
      41.92746,
      12.51807
    ],
    [
      41.92727,
      12.51883
    ],
    [
      41.92655,
      12.51996
    ],
    [
      41.92553,
      12.52147
    ],
    [
      41.92718,
      12.52132
    ],
    [
      41.92717,
      12.52162
    ],
    [
      41.92794,
      12.5226
    ],
    [
      41.92731,
      12.52394
    ],
    [
      41.92874,
      12.52411
    ],
    [
      41.93033,
      12.52182
    ],
    [
      41.93042,
      12.52504
    ],
    [
      41.93227,
      12.52236
    ],
    [
      41.93264,
      12.52174
    ],
    [
      41.93385,
      12.52179
    ],
    [
      41.93371,
      12.52023
    ],
    [
      41.93385,
      12.52015
    ],
    [
      41.93514,
      12.5199
    ],
    [
      41.93548,
      12.51977
    ],
    [
      41.93591,
      12.51958
    ],
    [
      41.93717,
      12.51885
    ],
    [
      41.93761,
      12.51838
    ],
    [
      41.93807,
      12.51755
    ],
    [
      41.93825,
      12.51717
    ]
  ]
}