{
  "distance500": [
    [
      41.88743,
      12.51769
    ],
    [
      41.88743,
      12.51767
    ],
    [
      41.88751,
      12.51747
    ],
    [
      41.8875,
      12.51742
    ],
    [
      41.88748,
      12.5173
    ],
    [
      41.88746,
      12.51718
    ],
    [
      41.88743,
      12.51705
    ],
    [
      41.8874,
      12.51688
    ],
    [
      41.88738,
      12.51676
    ],
    [
      41.88848,
      12.51469
    ],
    [
      41.88819,
      12.51444
    ],
    [
      41.88774,
      12.51439
    ],
    [
      41.88687,
      12.51294
    ],
    [
      41.88616,
      12.51405
    ],
    [
      41.88577,
      12.51188
    ],
    [
      41.88525,
      12.51299
    ],
    [
      41.88671,
      12.51777
    ],
    [
      41.88671,
      12.51777
    ],
    [
      41.88531,
      12.51627
    ],
    [
      41.88529,
      12.51649
    ],
    [
      41.88527,
      12.51673
    ],
    [
      41.88526,
      12.51697
    ],
    [
      41.88459,
      12.51708
    ],
    [
      41.88524,
      12.51741
    ],
    [
      41.88522,
      12.51759
    ],
    [
      41.88381,
      12.518
    ],
    [
      41.88372,
      12.51846
    ],
    [
      41.88361,
      12.51891
    ],
    [
      41.88468,
      12.51871
    ],
    [
      41.88384,
      12.51928
    ],
    [
      41.88467,
      12.51937
    ],
    [
      41.88512,
      12.51941
    ],
    [
      41.8851,
      12.5199
    ],
    [
      41.88472,
      12.52053
    ],
    [
      41.88503,
      12.52112
    ],
    [
      41.8854,
      12.52141
    ],
    [
      41.88537,
      12.52194
    ],
    [
      41.88603,
      12.52313
    ],
    [
      41.8872,
      12.52304
    ],
    [
      41.88748,
      12.52164
    ],
    [
      41.88861,
      12.52251
    ],
    [
      41.88839,
      12.52138
    ],
    [
      41.88779,
      12.51968
    ],
    [
      41.88794,
      12.51938
    ],
    [
      41.88809,
      12.51908
    ],
    [
      41.88822,
      12.51883
    ],
    [
      41.88844,
      12.51864
    ],
    [
      41.88671,
      12.51777
    ],
    [
      41.88671,
      12.51777
    ],
    [
      41.88671,
      12.51777
    ]
  ],
  "distance1000": [
    [
      41.89136,
      12.51724
    ],
    [
      41.89136,
      12.51674
    ],
    [
      41.89186,
      12.51611
    ],
    [
      41.89227,
      12.51523
    ],
    [
      41.89112,
      12.51551
    ],
    [
      41.89118,
      12.51462
    ],
    [
      41.8912,
      12.51411
    ],
    [
      41.89039,
      12.51308
    ],
    [
      41.89142,
      12.51104
    ],
    [
      41.89132,
      12.51012
    ],
    [
      41.88979,
      12.50994
    ],
    [
      41.88863,
      12.51116
    ],
    [
      41.88684,
      12.50682
    ],
    [
      41.88619,
      12.50885
    ],
    [
      41.88529,
      12.5092
    ],
    [
      41.88294,
      12.50799
    ],
    [
      41.88387,
      12.51146
    ],
    [
      41.88207,
      12.5101
    ],
    [
      41.882,
      12.51152
    ],
    [
      41.88187,
      12.51325
    ],
    [
      41.88196,
      12.51491
    ],
    [
      41.88215,
      12.51546
    ],
    [
      41.88257,
      12.51611
    ],
    [
      41.88222,
      12.51714
    ],
    [
      41.88175,
      12.51765
    ],
    [
      41.88175,
      12.51834
    ],
    [
      41.88142,
      12.51901
    ],
    [
      41.88117,
      12.51954
    ],
    [
      41.88074,
      12.52021
    ],
    [
      41.88139,
      12.52105
    ],
    [
      41.88134,
      12.52149
    ],
    [
      41.88078,
      12.52271
    ],
    [
      41.88216,
      12.52312
    ],
    [
      41.88279,
      12.52319
    ],
    [
      41.8829,
      12.52586
    ],
    [
      41.88342,
      12.52591
    ],
    [
      41.88423,
      12.52571
    ],
    [
      41.88592,
      12.52575
    ],
    [
      41.88713,
      12.52318
    ],
    [
      41.8876,
      12.52305
    ],
    [
      41.88987,
      12.5262
    ],
    [
      41.89113,
      12.52721
    ],
    [
      41.89023,
      12.52257
    ],
    [
      41.89039,
      12.52226
    ],
    [
      41.89073,
      12.52158
    ],
    [
      41.89128,
      12.52067
    ],
    [
      41.89243,
      12.52024
    ],
    [
      41.8902,
      12.51878
    ],
    [
      41.89027,
      12.51862
    ],
    [
      41.8905,
      12.51811
    ]
  ],
  "distance1600": [
    [
      41.89481,
      12.51769
    ],
    [
      41.89365,
      12.51631
    ],
    [
      41.89399,
      12.51517
    ],
    [
      41.8949,
      12.51406
    ],
    [
      41.895,
      12.51301
    ],
    [
      41.89316,
      12.51265
    ],
    [
      41.89513,
      12.50933
    ],
    [
      41.89443,
      12.50946
    ],
    [
      41.89356,
      12.50853
    ],
    [
      41.8936,
      12.50458
    ],
    [
      41.89122,
      12.50621
    ],
    [
      41.89056,
      12.50274
    ],
    [
      41.89021,
      12.50295
    ],
    [
      41.88447,
      12.50126
    ],
    [
      41.88412,
      12.50606
    ],
    [
      41.88116,
      12.50322
    ],
    [
      41.88083,
      12.50507
    ],
    [
      41.87952,
      12.50545
    ],
    [
      41.87828,
      12.50723
    ],
    [
      41.87743,
      12.50898
    ],
    [
      41.87897,
      12.51238
    ],
    [
      41.87978,
      12.5145
    ],
    [
      41.87847,
      12.51555
    ],
    [
      41.87881,
      12.51612
    ],
    [
      41.87923,
      12.51706
    ],
    [
      41.87802,
      12.5188
    ],
    [
      41.87694,
      12.51983
    ],
    [
      41.87795,
      12.52066
    ],
    [
      41.87842,
      12.52164
    ],
    [
      41.87884,
      12.52273
    ],
    [
      41.87698,
      12.52547
    ],
    [
      41.8804,
      12.52336
    ],
    [
      41.88146,
      12.52456
    ],
    [
      41.88178,
      12.52515
    ],
    [
      41.88248,
      12.5257
    ],
    [
      41.88329,
      12.52591
    ],
    [
      41.88423,
      12.52571
    ],
    [
      41.88644,
      12.52764
    ],
    [
      41.88814,
      12.52977
    ],
    [
      41.88926,
      12.52988
    ],
    [
      41.89223,
      12.53426
    ],
    [
      41.89122,
      12.52764
    ],
    [
      41.89097,
      12.52441
    ],
    [
      41.89105,
      12.52317
    ],
    [
      41.89121,
      12.52129
    ],
    [
      41.89128,
      12.52067
    ],
    [
      41.89216,
      12.52038
    ],
    [
      41.89549,
      12.52097
    ],
    [
      41.8966,
      12.51981
    ],
    [
      41.89632,
      12.51899
    ]
  ]
}