{
  "distance500": [
    [
      41.863144,
      12.557568
    ],
    [
      41.863726,
      12.556568
    ],
    [
      41.863324,
      12.555568
    ],
    [
      41.863603,
      12.553568
    ],
    [
      41.863073,
      12.551262
    ],
    [
      41.861811,
      12.549524
    ],
    [
      41.860767,
      12.549368
    ],
    [
      41.858767,
      12.550833
    ],
    [
      41.857767,
      12.550765
    ],
    [
      41.856767,
      12.551485
    ],
    [
      41.857074,
      12.552568
    ],
    [
      41.855991,
      12.553568
    ],
    [
      41.856767,
      12.559543
    ],
    [
      41.861196,
      12.558998
    ],
    [
      41.863144,
      12.557568
    ]
  ],
  "distance1000": [
    [
      41.867504,
      12.559568
    ],
    [
      41.867413,
      12.558568
    ],
    [
      41.866487,
      12.557568
    ],
    [
      41.866651,
      12.556684
    ],
    [
      41.865715,
      12.556568
    ],
    [
      41.867214,
      12.556016
    ],
    [
      41.867254,
      12.554568
    ],
    [
      41.865266,
      12.547568
    ],
    [
      41.865409,
      12.546568
    ],
    [
      41.864767,
      12.545285
    ],
    [
      41.862767,
      12.544619
    ],
    [
      41.862557,
      12.545358
    ],
    [
      41.861657,
      12.545458
    ],
    [
      41.861395,
      12.546196
    ],
    [
      41.858622,
      12.546423
    ],
    [
      41.858442,
      12.548243
    ],
    [
      41.857557,
      12.548358
    ],
    [
      41.855767,
      12.549882
    ],
    [
      41.853767,
      12.549068
    ],
    [
      41.85329,
      12.549568
    ],
    [
      41.853502,
      12.550833
    ],
    [
      41.854072,
      12.551568
    ],
    [
      41.853767,
      12.552856
    ],
    [
      41.852767,
      12.553318
    ],
    [
      41.852668,
      12.554568
    ],
    [
      41.853488,
      12.561847
    ],
    [
      41.85434,
      12.563995
    ],
    [
      41.855767,
      12.56431
    ],
    [
      41.858767,
      12.563475
    ],
    [
      41.859767,
      12.563915
    ],
    [
      41.860767,
      12.563208
    ],
    [
      41.861767,
      12.563317
    ],
    [
      41.863786,
      12.562568
    ],
    [
      41.864229,
      12.559031
    ],
    [
      41.865448,
      12.558887
    ],
    [
      41.866767,
      12.56044
    ],
    [
      41.867504,
      12.559568
    ]
  ],
  "distance1600": [
    [
      41.870784,
      12.560568
    ],
    [
      41.870653,
      12.559682
    ],
    [
      41.870142,
      12.559568
    ],
    [
      41.870767,
      12.559457
    ],
    [
      41.870838,
      12.558639
    ],
    [
      41.870485,
      12.555568
    ],
    [
      41.869736,
      12.554568
    ],
    [
      41.869856,
      12.552568
    ],
    [
      41.869031,
      12.551568
    ],
    [
      41.869767,
      12.550742
    ],
    [
      41.871382,
      12.550568
    ],
    [
      41.871548,
      12.549568
    ],
    [
      41.870767,
      12.549474
    ],
    [
      41.870577,
      12.550378
    ],
    [
      41.869767,
      12.550394
    ],
    [
      41.868966,
      12.549568
    ],
    [
      41.869143,
      12.548944
    ],
    [
      41.870023,
      12.548568
    ],
    [
      41.869941,
      12.547742
    ],
    [
      41.870767,
      12.546175
    ],
    [
      41.870578,
      12.545568
    ],
    [
      41.869854,
      12.545481
    ],
    [
      41.869626,
      12.546428
    ],
    [
      41.867207,
      12.546128
    ],
    [
      41.866887,
      12.544447
    ],
    [
      41.86599,
      12.543568
    ],
    [
      41.866106,
      12.542907
    ],
    [
      41.866844,
      12.542646
    ],
    [
      41.866941,
      12.541743
    ],
    [
      41.868013,
      12.541568
    ],
    [
      41.867686,
      12.540649
    ],
    [
      41.865767,
      12.539591
    ],
    [
      41.865393,
      12.538941
    ],
    [
      41.864767,
      12.53867
    ],
    [
      41.864508,
      12.540309
    ],
    [
      41.863767,
      12.540439
    ],
    [
      41.862921,
      12.540414
    ],
    [
      41.862601,
      12.539403
    ],
    [
      41.862272,
      12.541568
    ],
    [
      41.861318,
      12.542568
    ],
    [
      41.858628,
      12.542568
    ],
    [
      41.858422,
      12.544568
    ],
    [
      41.858767,
      12.545249
    ],
    [
      41.858897,
      12.544698
    ],
    [
      41.860972,
      12.544773
    ],
    [
      41.861218,
      12.544019
    ],
    [
      41.86221,
      12.544125
    ],
    [
      41.862161,
      12.544962
    ],
    [
      41.861396,
      12.545197
    ],
    [
      41.861134,
      12.545935
    ],
    [
      41.859767,
      12.546124
    ],
    [
      41.858767,
      12.545607
    ],
    [
      41.857767,
      12.546467
    ],
    [
      41.85632,
      12.546122
    ],
    [
      41.856214,
      12.547568
    ],
    [
      41.855207,
      12.549008
    ],
    [
      41.854767,
      12.549185
    ],
    [
      41.854033,
      12.548302
    ],
    [
      41.853484,
      12.548285
    ],
    [
      41.852232,
      12.550033
    ],
    [
      41.851201,
      12.550134
    ],
    [
      41.850963,
      12.548764
    ],
    [
      41.851806,
      12.548607
    ],
    [
      41.851767,
      12.548008
    ],
    [
      41.851706,
      12.548507
    ],
    [
      41.850767,
      12.548472
    ],
    [
      41.850474,
      12.549275
    ],
    [
      41.849545,
      12.549568
    ],
    [
      41.849618,
      12.550419
    ],
    [
      41.84923,
      12.550568
    ],
    [
      41.851767,
      12.550841
    ],
    [
      41.852454,
      12.551568
    ],
    [
      41.851373,
      12.553175
    ],
    [
      41.850009,
      12.553568
    ],
    [
      41.849701,
      12.554502
    ],
    [
      41.848587,
      12.555568
    ],
    [
      41.849105,
      12.557568
    ],
    [
      41.848381,
      12.559568
    ],
    [
      41.848929,
      12.560568
    ],
    [
      41.848707,
      12.561628
    ],
    [
      41.849704,
      12.562631
    ],
    [
      41.849908,
      12.567427
    ],
    [
      41.850693,
      12.567642
    ],
    [
      41.850726,
      12.568608
    ],
    [
      41.85157,
      12.568765
    ],
    [
      41.851767,
      12.569681
    ],
    [
      41.853767,
      12.569829
    ],
    [
      41.854012,
      12.568813
    ],
    [
      41.854767,
      12.568692
    ],
    [
      41.855572,
      12.568762
    ],
    [
      41.855767,
      12.569551
    ],
    [
      41.857767,
      12.569075
    ],
    [
      41.858767,
      12.570246
    ],
    [
      41.859767,
      12.569341
    ],
    [
      41.860767,
      12.570495
    ],
    [
      41.861767,
      12.569573
    ],
    [
      41.862767,
      12.569738
    ],
    [
      41.863763,
      12.566568
    ],
    [
      41.863597,
      12.563568
    ],
    [
      41.864255,
      12.563056
    ],
    [
      41.864767,
      12.562877
    ],
    [
      41.865571,
      12.563568
    ],
    [
      41.865507,
      12.564308
    ],
    [
      41.863844,
      12.564568
    ],
    [
      41.864648,
      12.565687
    ],
    [
      41.867767,
      12.565036
    ],
    [
      41.868313,
      12.565568
    ],
    [
      41.869848,
      12.565568
    ],
    [
      41.869888,
      12.563568
    ],
    [
      41.869166,
      12.563169
    ],
    [
      41.868059,
      12.561276
    ],
    [
      41.867432,
      12.561233
    ],
    [
      41.867599,
      12.5634
    ],
    [
      41.866168,
      12.563167
    ],
    [
      41.865933,
      12.562401
    ],
    [
      41.864344,
      12.561991
    ],
    [
      41.864417,
      12.559218
    ],
    [
      41.865137,
      12.559198
    ],
    [
      41.865767,
      12.560923
    ],
    [
      41.867125,
      12.560926
    ],
    [
      41.867767,
