{
  "distance500": [
    [
      41.86046,
      12.55451
    ],
    [
      41.85977,
      12.55457
    ],
    [
      41.85977,
      12.55457
    ],
    [
      41.85977,
      12.55457
    ],
    [
      41.85977,
      12.55457
    ],
    [
      41.85977,
      12.55457
    ],
    [
      41.85977,
      12.55457
    ],
    [
      41.85977,
      12.55457
    ],
    [
      41.85977,
      12.55457
    ],
    [
      41.85977,
      12.55457
    ],
    [
      41.85977,
      12.55457
    ],
    [
      41.85977,
      12.55457
    ],
    [
      41.85977,
      12.55457
    ],
    [
      41.85977,
      12.55457
    ],
    [
      41.85974,
      12.55447
    ],
    [
      41.85971,
      12.55444
    ],
    [
      41.8597,
      12.55443
    ],
    [
      41.8597,
      12.55444
    ],
    [
      41.85968,
      12.55447
    ],
    [
      41.85967,
      12.55449
    ],
    [
      41.85967,
      12.5545
    ],
    [
      41.85966,
      12.55452
    ],
    [
      41.85965,
      12.55453
    ],
    [
      41.85964,
      12.55455
    ],
    [
      41.85964,
      12.55456
    ],
    [
      41.85963,
      12.55458
    ],
    [
      41.85962,
      12.5546
    ],
    [
      41.8596,
      12.55463
    ],
    [
      41.8579,
      12.55535
    ],
    [
      41.85746,
      12.55598
    ],
    [
      41.85715,
      12.55658
    ],
    [
      41.85693,
      12.55716
    ],
    [
      41.85741,
      12.55764
    ],
    [
      41.85763,
      12.55786
    ],
    [
      41.85707,
      12.55911
    ],
    [
      41.8583,
      12.55874
    ],
    [
      41.85842,
      12.55885
    ],
    [
      41.85964,
      12.55868
    ],
    [
      41.85998,
      12.55806
    ],
    [
      41.86025,
      12.55757
    ],
    [
      41.86113,
      12.55826
    ],
    [
      41.86045,
      12.55602
    ],
    [
      41.86052,
      12.55587
    ],
    [
      41.86063,
      12.55568
    ],
    [
      41.8606,
      12.55519
    ],
    [
      41.86064,
      12.55521
    ],
    [
      41.85977,
      12.55457
    ],
    [
      41.86028,
      12.5547
    ],
    [
      41.8604,
      12.55465
    ],
    [
      41.86043,
      12.55457
    ]
  ],
  "distance1000": [
    [
      41.86396,
      12.55426
    ],
    [
      41.86366,
      12.5538
    ],
    [
      41.86377,
      12.55352
    ],
    [
      41.86291,
      12.55333
    ],
    [
      41.86251,
      12.55305
    ],
    [
      41.86277,
      12.55256
    ],
    [
      41.8626,
      12.55183
    ],
    [
      41.8632,
      12.55051
    ],
    [
      41.86235,
      12.55081
    ],
    [
      41.86036,
      12.55362
    ],
    [
      41.86062,
      12.5524
    ],
    [
      41.86042,
      12.55242
    ],
    [
      41.86021,
      12.55107
    ],
    [
      41.85959,
      12.55221
    ],
    [
      41.85943,
      12.5525
    ],
    [
      41.8593,
      12.55275
    ],
    [
      41.8591,
      12.55313
    ],
    [
      41.85902,
      12.55327
    ],
    [
      41.85765,
      12.55191
    ],
    [
      41.85743,
      12.55239
    ],
    [
      41.85727,
      12.55275
    ],
    [
      41.85584,
      12.55295
    ],
    [
      41.85574,
      12.55294
    ],
    [
      41.85583,
      12.55371
    ],
    [
      41.85552,
      12.55431
    ],
    [
      41.8551,
      12.55514
    ],
    [
      41.85499,
      12.55536
    ],
    [
      41.8544,
      12.55634
    ],
    [
      41.85367,
      12.55749
    ],
    [
      41.85378,
      12.55784
    ],
    [
      41.85438,
      12.55853
    ],
    [
      41.85387,
      12.55936
    ],
    [
      41.85401,
      12.56166
    ],
    [
      41.85483,
      12.56158
    ],
    [
      41.85439,
      12.56394
    ],
    [
      41.85592,
      12.56377
    ],
    [
      41.85725,
      12.56338
    ],
    [
      41.85963,
      12.56337
    ],
    [
      41.86031,
      12.56156
    ],
    [
      41.86131,
      12.56137
    ],
    [
      41.86247,
      12.56206
    ],
    [
      41.86329,
      12.56196
    ],
    [
      41.86348,
      12.56122
    ],
    [
      41.86384,
      12.55992
    ],
    [
      41.86431,
      12.55817
    ],
    [
      41.8636,
      12.55706
    ],
    [
      41.86382,
      12.55641
    ],
    [
      41.863,
      12.55541
    ],
    [
      41.86311,
      12.55514
    ],
    [
      41.86335,
      12.55457
    ]
  ],
  "distance1600": [
    [
      41.86791,
      12.55408
    ],
    [
      41.86721,
      12.55363
    ],
    [
      41.86805,
      12.55181
    ],
    [
      41.86802,
      12.55118
    ],
    [
      41.86714,
      12.55032
    ],
    [
      41.86669,
      12.54941
    ],
    [
      41.86683,
      12.54847
    ],
    [
      41.86668,
      12.54643
    ],
    [
      41.86612,
      12.54577
    ],
    [
      41.86538,
      12.54399
    ],
    [
      41.86466,
      12.54364
    ],
    [
      41.86293,
      12.54547
    ],
    [
      41.86161,
      12.54634
    ],
    [
      41.85904,
      12.54805
    ],
    [
      41.85854,
      12.5485
    ],
    [
      41.85811,
      12.54893
    ],
    [
      41.85748,
      12.54961
    ],
    [
      41.85582,
      12.54881
    ],
    [
      41.85406,
      12.54902
    ],
    [
      41.85333,
      12.54923
    ],
    [
      41.85264,
      12.54987
    ],
    [
      41.85229,
      12.55039
    ],
    [
      41.85443,
      12.55315
    ],
    [
      41.85578,
      12.5538
    ],
    [
      41.85552,
      12.55431
    ],
    [
      41.8551,
      12.55514
    ],
    [
      41.85499,
      12.55536
    ],
    [
      41.8544,
      12.55634
    ],
    [
      41.85337,
      12.55764
    ],
    [
      41.85178,
      12.55966
    ],
    [
      41.8495,
      12.56185
    ],
    [
      41.85075,
      12.56376
    ],
    [
      41.85043,
      12.56698
    ],
    [
      41.85084,
      12.56776
    ],
    [
      41.85189,
      12.56931
    ],
    [
      41.85327,
      12.56924
    ],
    [
      41.85488,
      12.5687
    ],
    [
      41.85891,
      12.56836
    ],
    [
      41.86132,
      12.56655
    ],
    [
      41.86238,
      12.56905
    ],
    [
      41.86266,
      12.56579
    ],
    [
      41.86377,
      12.56209
    ],
    [
      41.866,
      12.56316
    ],
    [
      41.86739,
      12.56199
    ],
    [
      41.86778,
      12.56208
    ],
    [
      41.86761,
      12.56017
    ],
    [
      41.86853,
      12.55846
    ],
    [
      41.86865,
      12.55734
    ],
    [
      41.86843,
      12.55638
    ],
    [
      41.86737,
      12.55518
    ]
  ]
}