{
  "distance500": [
    [
      41.89083,
      12.54019
    ],
    [
      41.89107,
      12.53974
    ],
    [
      41.89073,
      12.53942
    ],
    [
      41.88816,
      12.53996
    ],
    [
      41.88803,
      12.53992
    ],
    [
      41.88794,
      12.5399
    ],
    [
      41.8879,
      12.53989
    ],
    [
      41.88781,
      12.53988
    ],
    [
      41.88776,
      12.53982
    ],
    [
      41.88924,
      12.53651
    ],
    [
      41.88903,
      12.53663
    ],
    [
      41.88869,
      12.53661
    ],
    [
      41.88744,
      12.53463
    ],
    [
      41.88704,
      12.53646
    ],
    [
      41.88669,
      12.53644
    ],
    [
      41.88593,
      12.53626
    ],
    [
      41.88597,
      12.53691
    ],
    [
      41.88589,
      12.53768
    ],
    [
      41.88546,
      12.53823
    ],
    [
      41.88536,
      12.53839
    ],
    [
      41.88508,
      12.53881
    ],
    [
      41.88398,
      12.5387
    ],
    [
      41.88387,
      12.53884
    ],
    [
      41.88404,
      12.53934
    ],
    [
      41.88427,
      12.54008
    ],
    [
      41.88637,
      12.54023
    ],
    [
      41.88642,
      12.54039
    ],
    [
      41.88646,
      12.5405
    ],
    [
      41.88646,
      12.54075
    ],
    [
      41.88645,
      12.54087
    ],
    [
      41.88645,
      12.54105
    ],
    [
      41.88587,
      12.54153
    ],
    [
      41.88563,
      12.54228
    ],
    [
      41.88607,
      12.54228
    ],
    [
      41.88609,
      12.54331
    ],
    [
      41.8863,
      12.54325
    ],
    [
      41.88647,
      12.54319
    ],
    [
      41.8868,
      12.54365
    ],
    [
      41.88777,
      12.54321
    ],
    [
      41.88816,
      12.54307
    ],
    [
      41.88828,
      12.54265
    ],
    [
      41.88938,
      12.54374
    ],
    [
      41.88945,
      12.54359
    ],
    [
      41.88966,
      12.54257
    ],
    [
      41.88996,
      12.54239
    ],
    [
      41.89018,
      12.54202
    ],
    [
      41.8887,
      12.54088
    ],
    [
      41.88869,
      12.5407
    ],
    [
      41.88868,
      12.54052
    ],
    [
      41.89087,
      12.5405
    ]
  ],
  "distance1000": [
    [
      41.89252,
      12.5402
    ],
    [
      41.89242,
      12.53952
    ],
    [
      41.89171,
      12.53892
    ],
    [
      41.89231,
      12.53777
    ],
    [
      41.89233,
      12.53711
    ],
    [
      41.89233,
      12.53694
    ],
    [
      41.89247,
      12.53527
    ],
    [
      41.89236,
      12.53374
    ],
    [
      41.89215,
      12.53348
    ],
    [
      41.89115,
      12.53303
    ],
    [
      41.88977,
      12.53466
    ],
    [
      41.88927,
      12.53476
    ],
    [
      41.88821,
      12.52957
    ],
    [
      41.88657,
      12.53077
    ],
    [
      41.88606,
      12.5316
    ],
    [
      41.88547,
      12.53279
    ],
    [
      41.8849,
      12.53455
    ],
    [
      41.88304,
      12.53382
    ],
    [
      41.88284,
      12.53459
    ],
    [
      41.88243,
      12.53588
    ],
    [
      41.88223,
      12.53647
    ],
    [
      41.88194,
      12.53735
    ],
    [
      41.8802,
      12.53833
    ],
    [
      41.87941,
      12.53849
    ],
    [
      41.88014,
      12.53975
    ],
    [
      41.88059,
      12.54099
    ],
    [
      41.88174,
      12.54164
    ],
    [
      41.88111,
      12.54233
    ],
    [
      41.88161,
      12.54322
    ],
    [
      41.88173,
      12.54324
    ],
    [
      41.88264,
      12.54404
    ],
    [
      41.88256,
      12.54474
    ],
    [
      41.88331,
      12.54464
    ],
    [
      41.8848,
      12.544
    ],
    [
      41.88554,
      12.54406
    ],
    [
      41.88559,
      12.54452
    ],
    [
      41.88627,
      12.5451
    ],
    [
      41.8867,
      12.5488
    ],
    [
      41.88798,
      12.54657
    ],
    [
      41.88942,
      12.54861
    ],
    [
      41.88963,
      12.54733
    ],
    [
      41.88986,
      12.54548
    ],
    [
      41.89019,
      12.54501
    ],
    [
      41.89141,
      12.54446
    ],
    [
      41.89292,
      12.54465
    ],
    [
      41.89301,
      12.54383
    ],
    [
      41.89361,
      12.54353
    ],
    [
      41.89359,
      12.54181
    ],
    [
      41.89465,
      12.54166
    ],
    [
      41.8935,
      12.54057
    ]
  ],
  "distance1600": [
    [
      41.89873,
      12.53914
    ],
    [
      41.89902,
      12.538
    ],
    [
      41.89243,
      12.53869
    ],
    [
      41.89363,
      12.53752
    ],
    [
      41.89249,
      12.5371
    ],
    [
      41.89249,
      12.53656
    ],
    [
      41.89247,
      12.53527
    ],
    [
      41.8924,
      12.53417
    ],
    [
      41.89229,
      12.53285
    ],
    [
      41.89259,
      12.52979
    ],
    [
      41.89258,
      12.52814
    ],
    [
      41.89127,
      12.52667
    ],
    [
      41.88754,
      12.52552
    ],
    [
      41.88681,
      12.52682
    ],
    [
      41.88575,
      12.52873
    ],
    [
      41.88461,
      12.52923
    ],
    [
      41.88271,
      12.53089
    ],
    [
      41.88262,
      12.53143
    ],
    [
      41.88229,
      12.53361
    ],
    [
      41.88113,
      12.53484
    ],
    [
      41.88027,
      12.53554
    ],
    [
      41.87969,
      12.53629
    ],
    [
      41.87684,
      12.53744
    ],
    [
      41.87572,
      12.53857
    ],
    [
      41.87528,
      12.53992
    ],
    [
      41.87577,
      12.54145
    ],
    [
      41.87644,
      12.54262
    ],
    [
      41.87674,
      12.54314
    ],
    [
      41.87697,
      12.54466
    ],
    [
      41.87752,
      12.54563
    ],
    [
      41.87813,
      12.5474
    ],
    [
      41.88029,
      12.54613
    ],
    [
      41.88156,
      12.5465
    ],
    [
      41.88244,
      12.54751
    ],
    [
      41.8829,
      12.5484
    ],
    [
      41.88354,
      12.55112
    ],
    [
      41.88381,
      12.55287
    ],
    [
      41.88801,
      12.55403
    ],
    [
      41.88879,
      12.55499
    ],
    [
      41.89001,
      12.55533
    ],
    [
      41.89089,
      12.55358
    ],
    [
      41.89379,
      12.55178
    ],
    [
      41.89371,
      12.55116
    ],
    [
      41.89479,
      12.54835
    ],
    [
      41.89522,
      12.54733
    ],
    [
      41.89712,
      12.5461
    ],
    [
      41.89703,
      12.54566
    ],
    [
      41.89842,
      12.54334
    ],
    [
      41.89827,
      12.54243
    ],
    [
      41.89845,
      12.54108
    ]
  ]
}