{
  "distance500": [
    [
      41.894576,
      12.504099
    ],
    [
      41.894161,
      12.501099
    ],
    [
      41.891524,
      12.500099
    ],
    [
      41.890416,
      12.498099
    ],
    [
      41.888416,
      12.500301
    ],
    [
      41.886439,
      12.504099
    ],
    [
      41.886373,
      12.507099
    ],
    [
      41.889307,
      12.508208
    ],
    [
      41.889453,
      12.509062
    ],
    [
      41.890416,
      12.509385
    ],
    [
      41.893054,
      12.508737
    ],
    [
      41.893629,
      12.508313
    ],
    [
      41.894082,
      12.505099
    ],
    [
      41.894576,
      12.504099
    ]
  ],
  "distance1000": [
    [
      41.897416,
      12.503099
    ],
    [
      41.897877,
      12.499099
    ],
    [
      41.897517,
      12.497997
    ],
    [
      41.896416,
      12.497663
    ],
    [
      41.895416,
      12.495914
    ],
    [
      41.892416,
      12.495262
    ],
    [
      41.891977,
      12.494099
    ],
    [
      41.892073,
      12.493099
    ],
    [
      41.891416,
      12.492168
    ],
    [
      41.889416,
      12.49282
    ],
    [
      41.889284,
      12.493967
    ],
    [
      41.887416,
      12.496156
    ],
    [
      41.887034,
      12.497717
    ],
    [
      41.885599,
      12.498282
    ],
    [
      41.885416,
      12.499205
    ],
    [
      41.883389,
      12.500072
    ],
    [
      41.88371,
      12.501393
    ],
    [
      41.882475,
      12.503099
    ],
    [
      41.884102,
      12.503413
    ],
    [
      41.884299,
      12.504216
    ],
    [
      41.885254,
      12.505099
    ],
    [
      41.883708,
      12.507391
    ],
    [
      41.883081,
      12.509099
    ],
    [
      41.884416,
      12.511879
    ],
    [
      41.888416,
      12.512934
    ],
    [
      41.888516,
      12.513999
    ],
    [
      41.889056,
      12.514459
    ],
    [
      41.891416,
      12.514873
    ],
    [
      41.893416,
      12.513408
    ],
    [
      41.893771,
      12.511454
    ],
    [
      41.894556,
      12.511239
    ],
    [
      41.894826,
      12.510509
    ],
    [
      41.89624,
      12.510275
    ],
    [
      41.896416,
      12.511389
    ],
    [
      41.896804,
      12.511099
    ],
    [
      41.897127,
      12.510099
    ],
    [
      41.895752,
      12.509762
    ],
    [
      41.89562,
      12.509099
    ],
    [
      41.895812,
      12.508495
    ],
    [
      41.896535,
      12.508218
    ],
    [
      41.896628,
      12.506311
    ],
    [
      41.897303,
      12.506099
    ],
    [
      41.897416,
      12.503099
    ]
  ],
  "distance1600": [
    [
      41.901538,
      12.511099
    ],
    [
      41.901472,
      12.509099
    ],
    [
      41.901961,
      12.508099
    ],
    [
      41.900944,
      12.506571
    ],
    [
      41.900948,
      12.505099
    ],
    [
      41.900416,
      12.504657
    ],
    [
      41.899416,
      12.505349
    ],
    [
      41.899158,
      12.504099
    ],
    [
      41.899834,
      12.502517
    ],
    [
      41.901359,
      12.502042
    ],
    [
      41.901858,
      12.499099
    ],
    [
      41.901649,
      12.495099
    ],
    [
      41.900504,
      12.49301
    ],
    [
      41.898416,
      12.493167
    ],
    [
      41.897785,
      12.49173
    ],
    [
      41.896351,
      12.491164
    ],
    [
      41.896722,
      12.490099
    ],
    [
      41.89588,
      12.489099
    ],
    [
      41.894632,
      12.488883
    ],
    [
      41.894416,
      12.487211
    ],
    [
      41.89385,
      12.486665
    ],
    [
      41.893416,
      12.486451
    ],
    [
      41.890987,
      12.48767
    ],
    [
      41.886449,
      12.488133
    ],
    [
      41.885252,
      12.490099
    ],
    [
      41.885601,
      12.491284
    ],
    [
      41.885395,
      12.493099
    ],
    [
      41.883744,
      12.495427
    ],
    [
      41.882666,
      12.495099
    ],
    [
      41.882416,
      12.49391
    ],
    [
      41.88169,
      12.495373
    ],
    [
      41.879541,
      12.495224
    ],
    [
      41.879158,
      12.495841
    ],
    [
      41.880292,
      12.499099
    ],
    [
      41.880143,
      12.499826
    ],
    [
      41.879314,
      12.500099
    ],
    [
      41.879269,
      12.500952
    ],
    [
      41.877852,
      12.503099
    ],
    [
      41.879596,
      12.507099
    ],
    [
      41.877844,
      12.508099
    ],
    [
      41.878447,
      12.509099
    ],
    [
      41.880409,
      12.516099
    ],
    [
      41.881416,
      12.51749
    ],
    [
      41.883504,
      12.517188
    ],
    [
      41.884416,
      12.515816
    ],
    [
      41.886416,
      12.518403
    ],
    [
      41.889064,
      12.520451
    ],
    [
      41.891416,
      12.520487
    ],
    [
      41.891644,
      12.517099
    ],
    [
      41.892416,
      12.516379
    ],
    [
      41.895416,
      12.518545
    ],
    [
      41.896416,
      12.517466
    ],
    [
      41.8996,
      12.517099
    ],
    [
      41.901538,
      12.511099
    ]
  ]
}