{
  "distance500": [
    [
      41.89269,
      12.5041
    ],
    [
      41.89055,
      12.5041
    ],
    [
      41.89054,
      12.50407
    ],
    [
      41.89054,
      12.50406
    ],
    [
      41.89053,
      12.50405
    ],
    [
      41.89053,
      12.50403
    ],
    [
      41.89052,
      12.50402
    ],
    [
      41.89052,
      12.504
    ],
    [
      41.89051,
      12.50399
    ],
    [
      41.8905,
      12.50394
    ],
    [
      41.89049,
      12.50392
    ],
    [
      41.89048,
      12.50389
    ],
    [
      41.8904,
      12.50358
    ],
    [
      41.8903,
      12.50289
    ],
    [
      41.89021,
      12.50295
    ],
    [
      41.89012,
      12.503
    ],
    [
      41.89042,
      12.50412
    ],
    [
      41.89042,
      12.50412
    ],
    [
      41.89042,
      12.50412
    ],
    [
      41.89042,
      12.50412
    ],
    [
      41.89042,
      12.50412
    ],
    [
      41.89042,
      12.50412
    ],
    [
      41.89042,
      12.50412
    ],
    [
      41.89042,
      12.50412
    ],
    [
      41.89042,
      12.50412
    ],
    [
      41.89042,
      12.50412
    ],
    [
      41.89042,
      12.50412
    ],
    [
      41.89042,
      12.50412
    ],
    [
      41.89042,
      12.50412
    ],
    [
      41.8898,
      12.50446
    ],
    [
      41.88984,
      12.50457
    ],
    [
      41.88987,
      12.50468
    ],
    [
      41.88991,
      12.50479
    ],
    [
      41.88992,
      12.50484
    ],
    [
      41.88998,
      12.50501
    ],
    [
      41.89003,
      12.50518
    ],
    [
      41.8901,
      12.5054
    ],
    [
      41.89048,
      12.50659
    ],
    [
      41.89056,
      12.50654
    ],
    [
      41.89078,
      12.50644
    ],
    [
      41.89147,
      12.50648
    ],
    [
      41.89186,
      12.50688
    ],
    [
      41.89177,
      12.50595
    ],
    [
      41.89213,
      12.50578
    ],
    [
      41.89242,
      12.50589
    ],
    [
      41.89245,
      12.50562
    ],
    [
      41.89193,
      12.50476
    ],
    [
      41.89222,
      12.5046
    ],
    [
      41.89252,
      12.5044
    ],
    [
      41.89266,
      12.50416
    ]
  ],
  "distance1000": [
    [
      41.8957,
      12.50393
    ],
    [
      41.89537,
      12.50291
    ],
    [
      41.89559,
      12.50245
    ],
    [
      41.89553,
      12.50156
    ],
    [
      41.89492,
      12.50148
    ],
    [
      41.89499,
      12.50065
    ],
    [
      41.89445,
      12.50055
    ],
    [
      41.89311,
      12.50059
    ],
    [
      41.89287,
      12.50035
    ],
    [
      41.89273,
      12.50021
    ],
    [
      41.89236,
      12.49879
    ],
    [
      41.89218,
      12.49904
    ],
    [
      41.89147,
      12.49896
    ],
    [
      41.89035,
      12.50286
    ],
    [
      41.88977,
      12.50131
    ],
    [
      41.88978,
      12.5016
    ],
    [
      41.88939,
      12.50185
    ],
    [
      41.8892,
      12.50206
    ],
    [
      41.88958,
      12.50331
    ],
    [
      41.88946,
      12.50338
    ],
    [
      41.88933,
      12.50345
    ],
    [
      41.88912,
      12.50356
    ],
    [
      41.88728,
      12.50287
    ],
    [
      41.88728,
      12.50339
    ],
    [
      41.88617,
      12.50368
    ],
    [
      41.88689,
      12.50434
    ],
    [
      41.88698,
      12.50476
    ],
    [
      41.88707,
      12.50519
    ],
    [
      41.88712,
      12.5056
    ],
    [
      41.88704,
      12.50619
    ],
    [
      41.88825,
      12.50581
    ],
    [
      41.88835,
      12.50627
    ],
    [
      41.88842,
      12.50659
    ],
    [
      41.88794,
      12.50789
    ],
    [
      41.88804,
      12.50783
    ],
    [
      41.88897,
      12.50735
    ],
    [
      41.88925,
      12.50835
    ],
    [
      41.89007,
      12.51006
    ],
    [
      41.89114,
      12.51045
    ],
    [
      41.89183,
      12.51033
    ],
    [
      41.89295,
      12.51037
    ],
    [
      41.89346,
      12.51
    ],
    [
      41.89337,
      12.50906
    ],
    [
      41.8937,
      12.50805
    ],
    [
      41.8939,
      12.50737
    ],
    [
      41.89495,
      12.50672
    ],
    [
      41.89503,
      12.50658
    ],
    [
      41.8954,
      12.50596
    ],
    [
      41.89517,
      12.50486
    ],
    [
      41.89577,
      12.50462
    ]
  ],
  "distance1600": [
    [
      41.89867,
      12.50345
    ],
    [
      41.899,
      12.5029
    ],
    [
      41.8993,
      12.50102
    ],
    [
      41.89918,
      12.49976
    ],
    [
      41.89868,
      12.4989
    ],
    [
      41.89901,
      12.49725
    ],
    [
      41.89853,
      12.49712
    ],
    [
      41.89649,
      12.49769
    ],
    [
      41.89583,
      12.49682
    ],
    [
      41.89492,
      12.49431
    ],
    [
      41.89472,
      12.49347
    ],
    [
      41.89258,
      12.49596
    ],
    [
      41.89254,
      12.49307
    ],
    [
      41.89006,
      12.497
    ],
    [
      41.889,
      12.49665
    ],
    [
      41.88848,
      12.49664
    ],
    [
      41.8881,
      12.49951
    ],
    [
      41.8853,
      12.49623
    ],
    [
      41.88483,
      12.49732
    ],
    [
      41.88397,
      12.49919
    ],
    [
      41.88249,
      12.49839
    ],
    [
      41.88413,
      12.50077
    ],
    [
      41.8841,
      12.50202
    ],
    [
      41.88414,
      12.50303
    ],
    [
      41.88621,
      12.50374
    ],
    [
      41.88528,
      12.50455
    ],
    [
      41.88511,
      12.50528
    ],
    [
      41.88502,
      12.5059
    ],
    [
      41.88519,
      12.50666
    ],
    [
      41.88297,
      12.50869
    ],
    [
      41.88325,
      12.5088
    ],
    [
      41.88404,
      12.50959
    ],
    [
      41.88355,
      12.51185
    ],
    [
      41.88513,
      12.51213
    ],
    [
      41.88508,
      12.51239
    ],
    [
      41.88736,
      12.51199
    ],
    [
      41.8875,
      12.51459
    ],
    [
      41.88945,
      12.51527
    ],
    [
      41.89122,
      12.51562
    ],
    [
      41.89196,
      12.51359
    ],
    [
      41.8925,
      12.51174
    ],
    [
      41.89378,
      12.51032
    ],
    [
      41.89428,
      12.51082
    ],
    [
      41.89728,
      12.51218
    ],
    [
      41.89716,
      12.51028
    ],
    [
      41.89587,
      12.50807
    ],
    [
      41.8965,
      12.507
    ],
    [
      41.89716,
      12.50597
    ],
    [
      41.89768,
      12.5051
    ],
    [
      41.89819,
      12.50426
    ]
  ]
}