{
  "distance500": [
    [
      41.84981,
      12.4726
    ],
    [
      41.84981,
      12.47258
    ],
    [
      41.84981,
      12.47254
    ],
    [
      41.84981,
      12.47251
    ],
    [
      41.84981,
      12.47247
    ],
    [
      41.8498,
      12.47243
    ],
    [
      41.84982,
      12.47235
    ],
    [
      41.84984,
      12.47225
    ],
    [
      41.84987,
      12.47215
    ],
    [
      41.8513,
      12.46881
    ],
    [
      41.84955,
      12.47263
    ],
    [
      41.84998,
      12.47115
    ],
    [
      41.84987,
      12.47137
    ],
    [
      41.84952,
      12.47206
    ],
    [
      41.84948,
      12.47217
    ],
    [
      41.84955,
      12.47263
    ],
    [
      41.84955,
      12.47263
    ],
    [
      41.84955,
      12.47263
    ],
    [
      41.84955,
      12.47263
    ],
    [
      41.84955,
      12.47263
    ],
    [
      41.84955,
      12.47263
    ],
    [
      41.84955,
      12.47263
    ],
    [
      41.84955,
      12.47263
    ],
    [
      41.84609,
      12.47203
    ],
    [
      41.84596,
      12.47244
    ],
    [
      41.84631,
      12.47303
    ],
    [
      41.84644,
      12.47312
    ],
    [
      41.84686,
      12.47341
    ],
    [
      41.84709,
      12.47358
    ],
    [
      41.84733,
      12.47378
    ],
    [
      41.84765,
      12.474
    ],
    [
      41.8489,
      12.47319
    ],
    [
      41.84898,
      12.47324
    ],
    [
      41.84912,
      12.47324
    ],
    [
      41.84921,
      12.47323
    ],
    [
      41.8493,
      12.47323
    ],
    [
      41.84939,
      12.47322
    ],
    [
      41.84943,
      12.47322
    ],
    [
      41.84958,
      12.4732
    ],
    [
      41.84964,
      12.47318
    ],
    [
      41.84969,
      12.47317
    ],
    [
      41.84977,
      12.47309
    ],
    [
      41.84979,
      12.47306
    ],
    [
      41.84981,
      12.47296
    ],
    [
      41.84981,
      12.47287
    ],
    [
      41.84981,
      12.47282
    ],
    [
      41.84981,
      12.47277
    ],
    [
      41.84981,
      12.47273
    ],
    [
      41.84981,
      12.47269
    ],
    [
      41.84981,
      12.47266
    ]
  ],
  "distance1000": [
    [
      41.84981,
      12.4726
    ],
    [
      41.84981,
      12.47258
    ],
    [
      41.84981,
      12.47254
    ],
    [
      41.84981,
      12.47251
    ],
    [
      41.84981,
      12.47247
    ],
    [
      41.8498,
      12.47243
    ],
    [
      41.84982,
      12.47235
    ],
    [
      41.84984,
      12.47225
    ],
    [
      41.84987,
      12.47215
    ],
    [
      41.8513,
      12.46881
    ],
    [
      41.84955,
      12.47263
    ],
    [
      41.84998,
      12.47115
    ],
    [
      41.84987,
      12.47137
    ],
    [
      41.84952,
      12.47206
    ],
    [
      41.84948,
      12.47217
    ],
    [
      41.84955,
      12.47263
    ],
    [
      41.84955,
      12.47263
    ],
    [
      41.84955,
      12.47263
    ],
    [
      41.84433,
      12.46759
    ],
    [
      41.84323,
      12.46738
    ],
    [
      41.84315,
      12.4679
    ],
    [
      41.84474,
      12.46988
    ],
    [
      41.84539,
      12.47096
    ],
    [
      41.84565,
      12.47167
    ],
    [
      41.84585,
      12.47218
    ],
    [
      41.84631,
      12.47303
    ],
    [
      41.84644,
      12.47312
    ],
    [
      41.84686,
      12.47341
    ],
    [
      41.84709,
      12.47358
    ],
    [
      41.84733,
      12.47378
    ],
    [
      41.84757,
      12.47394
    ],
    [
      41.84615,
      12.47601
    ],
    [
      41.84669,
      12.47573
    ],
    [
      41.84719,
      12.47625
    ],
    [
      41.84729,
      12.47678
    ],
    [
      41.84855,
      12.47487
    ],
    [
      41.84885,
      12.47473
    ],
    [
      41.84967,
      12.47504
    ],
    [
      41.84989,
      12.4751
    ],
    [
      41.85004,
      12.47515
    ],
    [
      41.85081,
      12.47555
    ],
    [
      41.85147,
      12.47615
    ],
    [
      41.85176,
      12.47638
    ],
    [
      41.8508,
      12.47427
    ],
    [
      41.8512,
      12.47387
    ],
    [
      41.85146,
      12.47375
    ],
    [
      41.85176,
      12.47361
    ],
    [
      41.84981,
      12.47273
    ],
    [
      41.84981,
      12.47269
    ],
    [
      41.84981,
      12.47266
    ]
  ],
  "distance1600": [
    [
      41.8551,
      12.47253
    ],
    [
      41.85689,
      12.47143
    ],
    [
      41.85586,
      12.47071
    ],
    [
      41.85417,
      12.47037
    ],
    [
      41.85425,
      12.46988
    ],
    [
      41.85412,
      12.46916
    ],
    [
      41.85396,
      12.469
    ],
    [
      41.85306,
      12.46801
    ],
    [
      41.85338,
      12.46727
    ],
    [
      41.8513,
      12.46881
    ],
    [
      41.85158,
      12.4681
    ],
    [
      41.84998,
      12.47115
    ],
    [
      41.84987,
      12.47137
    ],
    [
      41.84952,
      12.47206
    ],
    [
      41.84948,
      12.47217
    ],
    [
      41.84955,
      12.47263
    ],
    [
      41.84955,
      12.47263
    ],
    [
      41.84315,
      12.46345
    ],
    [
      41.83947,
      12.46221
    ],
    [
      41.83975,
      12.4646
    ],
    [
      41.8407,
      12.46609
    ],
    [
      41.84081,
      12.46808
    ],
    [
      41.84034,
      12.47002
    ],
    [
      41.84015,
      12.4707
    ],
    [
      41.83993,
      12.47149
    ],
    [
      41.84146,
      12.47279
    ],
    [
      41.84102,
      12.47449
    ],
    [
      41.84146,
      12.47472
    ],
    [
      41.84261,
      12.47532
    ],
    [
      41.84365,
      12.47583
    ],
    [
      41.84431,
      12.47615
    ],
    [
      41.84455,
      12.47779
    ],
    [
      41.84518,
      12.47839
    ],
    [
      41.84524,
      12.47842
    ],
    [
      41.84494,
      12.47978
    ],
    [
      41.84676,
      12.48023
    ],
    [
      41.8476,
      12.47945
    ],
    [
      41.84965,
      12.48173
    ],
    [
      41.85032,
      12.48099
    ],
    [
      41.85101,
      12.48192
    ],
    [
      41.85277,
      12.48037
    ],
    [
      41.85385,
      12.48045
    ],
    [
      41.8544,
      12.48059
    ],
    [
      41.85529,
      12.47965
    ],
    [
      41.85666,
      12.47806
    ],
    [
      41.85709,
      12.47744
    ],
    [
      41.85492,
      12.47533
    ],
    [
      41.85541,
      12.47479
    ],
    [
      41.8565,
      12.47378
    ],
    [
      41.85524,
      12.47287
    ]
  ]
}