{
  "distance500": [
    [
      41.88412,
      12.56622
    ],
    [
      41.88414,
      12.56586
    ],
    [
      41.88408,
      12.56547
    ],
    [
      41.88351,
      12.56532
    ],
    [
      41.88309,
      12.56529
    ],
    [
      41.88268,
      12.56532
    ],
    [
      41.88337,
      12.56419
    ],
    [
      41.88306,
      12.56374
    ],
    [
      41.88276,
      12.56372
    ],
    [
      41.8828,
      12.56333
    ],
    [
      41.88202,
      12.56337
    ],
    [
      41.8817,
      12.56343
    ],
    [
      41.88128,
      12.56247
    ],
    [
      41.88049,
      12.56367
    ],
    [
      41.88053,
      12.56509
    ],
    [
      41.88021,
      12.56507
    ],
    [
      41.88008,
      12.56506
    ],
    [
      41.88004,
      12.56505
    ],
    [
      41.87829,
      12.56408
    ],
    [
      41.87825,
      12.56408
    ],
    [
      41.87821,
      12.56503
    ],
    [
      41.87766,
      12.56499
    ],
    [
      41.87678,
      12.56537
    ],
    [
      41.87686,
      12.56555
    ],
    [
      41.87728,
      12.56629
    ],
    [
      41.87725,
      12.56689
    ],
    [
      41.87726,
      12.56735
    ],
    [
      41.87727,
      12.56745
    ],
    [
      41.87787,
      12.56782
    ],
    [
      41.87848,
      12.56788
    ],
    [
      41.87843,
      12.56841
    ],
    [
      41.8795,
      12.56796
    ],
    [
      41.87953,
      12.56797
    ],
    [
      41.8798,
      12.56799
    ],
    [
      41.87994,
      12.56801
    ],
    [
      41.87945,
      12.57033
    ],
    [
      41.87987,
      12.5702
    ],
    [
      41.88088,
      12.57238
    ],
    [
      41.88137,
      12.57151
    ],
    [
      41.88165,
      12.57161
    ],
    [
      41.88248,
      12.57097
    ],
    [
      41.88274,
      12.5706
    ],
    [
      41.88296,
      12.57032
    ],
    [
      41.88359,
      12.56963
    ],
    [
      41.884,
      12.56903
    ],
    [
      41.88401,
      12.56887
    ],
    [
      41.88453,
      12.56819
    ],
    [
      41.88405,
      12.56776
    ],
    [
      41.88406,
      12.56735
    ],
    [
      41.88476,
      12.567
    ]
  ],
  "distance1000": [
    [
      41.8874,
      12.56575
    ],
    [
      41.88761,
      12.56567
    ],
    [
      41.88781,
      12.56395
    ],
    [
      41.88722,
      12.56353
    ],
    [
      41.88713,
      12.56292
    ],
    [
      41.88634,
      12.56227
    ],
    [
      41.88604,
      12.56122
    ],
    [
      41.88594,
      12.56121
    ],
    [
      41.88504,
      12.56095
    ],
    [
      41.88475,
      12.55934
    ],
    [
      41.88362,
      12.55918
    ],
    [
      41.88259,
      12.56027
    ],
    [
      41.88059,
      12.5604
    ],
    [
      41.88007,
      12.56017
    ],
    [
      41.87933,
      12.56006
    ],
    [
      41.87853,
      12.56074
    ],
    [
      41.8782,
      12.56076
    ],
    [
      41.87653,
      12.56058
    ],
    [
      41.87577,
      12.56034
    ],
    [
      41.87511,
      12.56147
    ],
    [
      41.87491,
      12.56297
    ],
    [
      41.87484,
      12.56407
    ],
    [
      41.87501,
      12.56442
    ],
    [
      41.87583,
      12.56529
    ],
    [
      41.87584,
      12.56594
    ],
    [
      41.87586,
      12.56715
    ],
    [
      41.87587,
      12.56771
    ],
    [
      41.87589,
      12.56787
    ],
    [
      41.8763,
      12.56833
    ],
    [
      41.8775,
      12.5687
    ],
    [
      41.87755,
      12.56896
    ],
    [
      41.87637,
      12.5704
    ],
    [
      41.87696,
      12.57163
    ],
    [
      41.87708,
      12.57208
    ],
    [
      41.87727,
      12.574
    ],
    [
      41.87775,
      12.5744
    ],
    [
      41.8786,
      12.57526
    ],
    [
      41.88052,
      12.57763
    ],
    [
      41.88172,
      12.57756
    ],
    [
      41.8827,
      12.57582
    ],
    [
      41.88314,
      12.57529
    ],
    [
      41.88462,
      12.57357
    ],
    [
      41.88455,
      12.57211
    ],
    [
      41.88489,
      12.57122
    ],
    [
      41.88694,
      12.57191
    ],
    [
      41.88708,
      12.57012
    ],
    [
      41.88799,
      12.56977
    ],
    [
      41.88726,
      12.56873
    ],
    [
      41.88783,
      12.56757
    ],
    [
      41.88803,
      12.56723
    ]
  ],
  "distance1600": [
    [
      41.89186,
      12.56617
    ],
    [
      41.89024,
      12.5647
    ],
    [
      41.88909,
      12.56374
    ],
    [
      41.89077,
      12.56153
    ],
    [
      41.89134,
      12.5604
    ],
    [
      41.88929,
      12.56019
    ],
    [
      41.8888,
      12.55899
    ],
    [
      41.88774,
      12.55917
    ],
    [
      41.88504,
      12.56095
    ],
    [
      41.88475,
      12.55929
    ],
    [
      41.88364,
      12.55878
    ],
    [
      41.88357,
      12.55647
    ],
    [
      41.88138,
      12.55476
    ],
    [
      41.87996,
      12.55976
    ],
    [
      41.87912,
      12.55932
    ],
    [
      41.87656,
      12.55393
    ],
    [
      41.87584,
      12.5565
    ],
    [
      41.87565,
      12.55725
    ],
    [
      41.87535,
      12.55948
    ],
    [
      41.87508,
      12.56167
    ],
    [
      41.87491,
      12.56297
    ],
    [
      41.87484,
      12.56407
    ],
    [
      41.8748,
      12.56495
    ],
    [
      41.87467,
      12.56505
    ],
    [
      41.87473,
      12.56598
    ],
    [
      41.87457,
      12.56694
    ],
    [
      41.87209,
      12.56848
    ],
    [
      41.87297,
      12.5689
    ],
    [
      41.87331,
      12.56954
    ],
    [
      41.8737,
      12.57057
    ],
    [
      41.87369,
      12.57121
    ],
    [
      41.87243,
      12.57542
    ],
    [
      41.873,
      12.57678
    ],
    [
      41.87331,
      12.57761
    ],
    [
      41.87457,
      12.57811
    ],
    [
      41.87632,
      12.57877
    ],
    [
      41.87715,
      12.57866
    ],
    [
      41.88096,
      12.58027
    ],
    [
      41.88173,
      12.57776
    ],
    [
      41.88265,
      12.57817
    ],
    [
      41.88527,
      12.57891
    ],
    [
      41.88656,
      12.5774
    ],
    [
      41.8872,
      12.57735
    ],
    [
      41.88817,
      12.57626
    ],
    [
      41.89045,
      12.57434
    ],
    [
      41.88987,
      12.57191
    ],
    [
      41.88993,
      12.57081
    ],
    [
      41.89016,
      12.569
    ],
    [
      41.8909,
      12.56804
    ],
    [
      41.89185,
      12.56727
    ]
  ]
}