{
  "distance500": [
    [
      41.8656,
      12.7076
    ],
    [
      41.8656,
      12.7076
    ],
    [
      41.86776,
      12.70682
    ],
    [
      41.86766,
      12.70676
    ],
    [
      41.86746,
      12.70663
    ],
    [
      41.86727,
      12.70651
    ],
    [
      41.86707,
      12.70638
    ],
    [
      41.86678,
      12.70619
    ],
    [
      41.86669,
      12.70613
    ],
    [
      41.8664,
      12.70595
    ],
    [
      41.86736,
      12.70343
    ],
    [
      41.8669,
      12.70379
    ],
    [
      41.86553,
      12.70195
    ],
    [
      41.86491,
      12.70252
    ],
    [
      41.86528,
      12.70564
    ],
    [
      41.86454,
      12.70427
    ],
    [
      41.86485,
      12.70594
    ],
    [
      41.86473,
      12.70603
    ],
    [
      41.86434,
      12.70632
    ],
    [
      41.86411,
      12.70648
    ],
    [
      41.86391,
      12.70663
    ],
    [
      41.86331,
      12.7063
    ],
    [
      41.86339,
      12.70701
    ],
    [
      41.8631,
      12.70721
    ],
    [
      41.86357,
      12.70736
    ],
    [
      41.86502,
      12.70764
    ],
    [
      41.86501,
      12.7077
    ],
    [
      41.86498,
      12.70782
    ],
    [
      41.86496,
      12.70792
    ],
    [
      41.86495,
      12.70798
    ],
    [
      41.86491,
      12.70815
    ],
    [
      41.86487,
      12.70832
    ],
    [
      41.86479,
      12.70867
    ],
    [
      41.86474,
      12.7089
    ],
    [
      41.86407,
      12.70998
    ],
    [
      41.86435,
      12.71065
    ],
    [
      41.86494,
      12.70951
    ],
    [
      41.86541,
      12.71002
    ],
    [
      41.8656,
      12.7076
    ],
    [
      41.8656,
      12.7076
    ],
    [
      41.8656,
      12.7076
    ],
    [
      41.8656,
      12.7076
    ],
    [
      41.8656,
      12.7076
    ],
    [
      41.8656,
      12.7076
    ],
    [
      41.8656,
      12.7076
    ],
    [
      41.8656,
      12.7076
    ],
    [
      41.8656,
      12.7076
    ],
    [
      41.8656,
      12.7076
    ],
    [
      41.8656,
      12.7076
    ],
    [
      41.8656,
      12.7076
    ]
  ],
  "distance1000": [
    [
      41.86892,
      12.70757
    ],
    [
      41.86833,
      12.70719
    ],
    [
      41.86795,
      12.70694
    ],
    [
      41.86766,
      12.70676
    ],
    [
      41.86746,
      12.70663
    ],
    [
      41.86727,
      12.70651
    ],
    [
      41.86707,
      12.70638
    ],
    [
      41.86678,
      12.70619
    ],
    [
      41.86669,
      12.70613
    ],
    [
      41.86798,
      12.70291
    ],
    [
      41.8674,
      12.70339
    ],
    [
      41.8669,
      12.70379
    ],
    [
      41.86527,
      12.69671
    ],
    [
      41.86394,
      12.69633
    ],
    [
      41.86367,
      12.69857
    ],
    [
      41.86306,
      12.69887
    ],
    [
      41.86315,
      12.70229
    ],
    [
      41.86209,
      12.70287
    ],
    [
      41.86139,
      12.70337
    ],
    [
      41.86269,
      12.70507
    ],
    [
      41.8623,
      12.70528
    ],
    [
      41.86101,
      12.70528
    ],
    [
      41.86048,
      12.70564
    ],
    [
      41.86046,
      12.70683
    ],
    [
      41.85973,
      12.70744
    ],
    [
      41.86039,
      12.70776
    ],
    [
      41.86057,
      12.70823
    ],
    [
      41.8604,
      12.70953
    ],
    [
      41.85928,
      12.7102
    ],
    [
      41.86054,
      12.71086
    ],
    [
      41.86056,
      12.71111
    ],
    [
      41.86246,
      12.71059
    ],
    [
      41.86228,
      12.71144
    ],
    [
      41.86268,
      12.7115
    ],
    [
      41.86274,
      12.71232
    ],
    [
      41.86286,
      12.7145
    ],
    [
      41.86303,
      12.7156
    ],
    [
      41.86358,
      12.71655
    ],
    [
      41.86574,
      12.71019
    ],
    [
      41.86608,
      12.71
    ],
    [
      41.86615,
      12.70941
    ],
    [
      41.86622,
      12.70888
    ],
    [
      41.86624,
      12.70876
    ],
    [
      41.86627,
      12.70848
    ],
    [
      41.86631,
      12.70824
    ],
    [
      41.86632,
      12.70812
    ],
    [
      41.86634,
      12.708
    ],
    [
      41.87181,
      12.70945
    ],
    [
      41.87114,
      12.70901
    ],
    [
      41.86979,
      12.70813
    ]
  ],
  "distance1600": [
    [
      41.86892,
      12.70757
    ],
    [
      41.86833,
      12.70719
    ],
    [
      41.86795,
      12.70694
    ],
    [
      41.86766,
      12.70676
    ],
    [
      41.86746,
      12.70663
    ],
    [
      41.86727,
      12.70651
    ],
    [
      41.86707,
      12.70638
    ],
    [
      41.86678,
      12.70619
    ],
    [
      41.86669,
      12.70613
    ],
    [
      41.86798,
      12.70291
    ],
    [
      41.87052,
      12.69458
    ],
    [
      41.86896,
      12.69644
    ],
    [
      41.86492,
      12.6895
    ],
    [
      41.86315,
      12.68924
    ],
    [
      41.86242,
      12.69125
    ],
    [
      41.86178,
      12.69442
    ],
    [
      41.86001,
      12.69639
    ],
    [
      41.86057,
      12.70013
    ],
    [
      41.85904,
      12.69937
    ],
    [
      41.85801,
      12.70143
    ],
    [
      41.86018,
      12.70412
    ],
    [
      41.85996,
      12.7051
    ],
    [
      41.85933,
      12.70586
    ],
    [
      41.85871,
      12.70608
    ],
    [
      41.85663,
      12.70699
    ],
    [
      41.8568,
      12.70761
    ],
    [
      41.85714,
      12.70883
    ],
    [
      41.85539,
      12.71078
    ],
    [
      41.85498,
      12.71203
    ],
    [
      41.85485,
      12.71433
    ],
    [
      41.85535,
      12.71454
    ],
    [
      41.85671,
      12.71543
    ],
    [
      41.85899,
      12.71488
    ],
    [
      41.85997,
      12.71523
    ],
    [
      41.86009,
      12.71885
    ],
    [
      41.86159,
      12.71661
    ],
    [
      41.86131,
      12.72293
    ],
    [
      41.86453,
      12.72327
    ],
    [
      41.86595,
      12.71023
    ],
    [
      41.86599,
      12.71023
    ],
    [
      41.86612,
      12.70967
    ],
    [
      41.86621,
      12.70895
    ],
    [
      41.86624,
      12.70876
    ],
    [
      41.86627,
      12.70848
    ],
    [
      41.87389,
      12.71382
    ],
    [
      41.87392,
      12.71336
    ],
    [
      41.87397,
      12.71184
    ],
    [
      41.87379,
      12.71088
    ],
    [
      41.87114,
      12.70901
    ],
    [
      41.86979,
      12.70813
    ]
  ]
}