{
  "distance500": [
    [
      42.0678,
      12.599012
    ],
    [
      42.067452,
      12.598012
    ],
    [
      42.06791,
      12.596851
    ],
    [
      42.067792,
      12.596012
    ],
    [
      42.067072,
      12.594611
    ],
    [
      42.064768,
      12.594315
    ],
    [
      42.064072,
      12.592214
    ],
    [
      42.062809,
      12.59275
    ],
    [
      42.063736,
      12.597348
    ],
    [
      42.065548,
      12.597536
    ],
    [
      42.065944,
      12.59814
    ],
    [
      42.066892,
      12.598192
    ],
    [
      42.067035,
      12.599049
    ],
    [
      42.0678,
      12.599012
    ]
  ],
  "distance1000": [
    [
      42.071085,
      12.601012
    ],
    [
      42.07145,
      12.600012
    ],
    [
      42.070876,
      12.598012
    ],
    [
      42.069533,
      12.597551
    ],
    [
      42.06933,
      12.597012
    ],
    [
      42.069483,
      12.596423
    ],
    [
      42.071072,
      12.596195
    ],
    [
      42.0711,
      12.594983
    ],
    [
      42.069982,
      12.594922
    ],
    [
      42.069774,
      12.595714
    ],
    [
      42.068589,
      12.595495
    ],
    [
      42.066302,
      12.593012
    ],
    [
      42.066107,
      12.589976
    ],
    [
      42.063422,
      12.589661
    ],
    [
      42.063123,
      12.588012
    ],
    [
      42.061114,
      12.588012
    ],
    [
      42.059704,
      12.589012
    ],
    [
      42.059658,
      12.590012
    ],
    [
      42.060196,
      12.591012
    ],
    [
      42.062716,
      12.593012
    ],
    [
      42.061673,
      12.594614
    ],
    [
      42.060305,
      12.595012
    ],
    [
      42.060926,
      12.595157
    ],
    [
      42.061098,
      12.598986
    ],
    [
      42.062072,
      12.599187
    ],
    [
      42.062234,
      12.598174
    ],
    [
      42.065072,
      12.597893
    ],
    [
      42.066486,
      12.598598
    ],
    [
      42.069072,
      12.60101
    ],
    [
      42.069415,
      12.600355
    ],
    [
      42.070954,
      12.60013
    ],
    [
      42.071085,
      12.601012
    ]
  ],
  "distance1600": [
    [
      42.076182,
      12.597012
    ],
    [
      42.076271,
      12.595812
    ],
    [
      42.075072,
      12.594964
    ],
    [
      42.074794,
      12.596735
    ],
    [
      42.074072,
      12.596795
    ],
    [
      42.07246,
      12.596624
    ],
    [
      42.071072,
      12.59462
    ],
    [
      42.068735,
      12.595348
    ],
    [
      42.066545,
      12.593012
    ],
    [
      42.066336,
      12.589748
    ],
    [
      42.063699,
      12.589384
    ],
    [
      42.063651,
      12.588591
    ],
    [
      42.064601,
      12.587542
    ],
    [
      42.066196,
      12.587136
    ],
    [
      42.066393,
      12.586333
    ],
    [
      42.067179,
      12.586012
    ],
    [
      42.067169,
      12.585109
    ],
    [
      42.067904,
      12.585012
    ],
    [
      42.067072,
      12.584964
    ],
    [
      42.066855,
      12.585795
    ],
    [
      42.066072,
      12.585844
    ],
    [
      42.065413,
      12.58567
    ],
    [
      42.065072,
      12.584885
    ],
    [
      42.063498,
      12.585012
    ],
    [
      42.064817,
      12.585266
    ],
    [
      42.06457,
      12.586511
    ],
    [
      42.063072,
      12.587645
    ],
    [
      42.061655,
      12.587429
    ],
    [
      42.06127,
      12.585814
    ],
    [
      42.060319,
      12.585012
    ],
    [
      42.060072,
      12.581109
    ],
    [
      42.059307,
      12.582248
    ],
    [
      42.057575,
      12.582516
    ],
    [
      42.056909,
      12.583849
    ],
    [
      42.056152,
      12.584012
    ],
    [
      42.056484,
      12.585012
    ],
    [
      42.056082,
      12.586012
    ],
    [
      42.0566,
      12.586483
    ],
    [
      42.057366,
      12.588717
    ],
    [
      42.057485,
      12.590012
    ],
    [
      42.057078,
      12.591012
    ],
    [
      42.057881,
      12.591203
    ],
    [
      42.058048,
      12.593036
    ],
    [
      42.058925,
      12.594158
    ],
    [
      42.059712,
      12.594371
    ],
    [
      42.060779,
      12.596304
    ],
    [
      42.060503,
      12.598443
    ],
    [
      42.05896,
      12.599901
    ],
    [
      42.058746,
      12.600686
    ],
    [
      42.057987,
      12.601012
    ],
    [
      42.058025,
      12.602965
    ],
    [
      42.057737,
      12.603012
    ],
    [
      42.058097,
      12.604012
    ],
    [
      42.060072,
      12.604847
    ],
    [
      42.060252,
      12.604192
    ],
    [
      42.061127,
      12.604068
    ],
    [
      42.061355,
      12.603296
    ],
    [
      42.062129,
      12.603069
    ],
    [
      42.062454,
      12.599012
    ],
    [
      42.063072,
      12.598421
    ],
    [
      42.064796,
      12.600012
    ],
    [
      42.064893,
      12.602833
    ],
    [
      42.064037,
      12.603012
    ],
    [
      42.064537,
      12.604012
    ],
    [
      42.065087,
      12.604027
    ],
    [
      42.065238,
      12.603179
    ],
    [
      42.066157,
      12.603097
    ],
    [
      42.066455,
      12.602395
    ],
    [
      42.069072,
      12.602325
    ],
    [
      42.070072,
      12.601387
    ],
    [
      42.071072,
      12.602353
    ],
    [
      42.072583,
      12.602501
    ],
    [
      42.073072,
      12.603221
    ],
    [
      42.073773,
      12.603311
    ],
    [
      42.074024,
      12.60406
    ],
    [
      42.075043,
      12.60404
    ],
    [
      42.075072,
      12.60455
    ],
    [
      42.075172,
      12.603912
    ],
    [
      42.074531,
      12.603012
    ],
    [
      42.07348,
      12.602604
    ],
    [
      42.073325,
      12.602012
    ],
    [
      42.074072,
      12.601169
    ],
    [
      42.074962,
      12.601122
    ],
    [
      42.075072,
      12.601684
    ],
    [
      42.075106,
      12.600977
    ],
    [
      42.074362,
      12.600721
    ],
    [
      42.074072,
      12.599832
    ],
    [
      42.073729,
      12.60067
    ],
    [
      42.073072,
      12.600813
    ],
    [
      42.072407,
      12.600012
    ],
    [
      42.073309,
      12.59925
    ],
    [
      42.073574,
      12.597515
    ],
    [
      42.076182,
      12.597012
    ]
  ]
}