{
  "distance500": [
    [
      41.916,
      12.54518
    ],
    [
      41.91592,
      12.54511
    ],
    [
      41.91589,
      12.54507
    ],
    [
      41.91586,
      12.54502
    ],
    [
      41.91583,
      12.54498
    ],
    [
      41.91581,
      12.54496
    ],
    [
      41.91578,
      12.54492
    ],
    [
      41.91575,
      12.54488
    ],
    [
      41.91571,
      12.54483
    ],
    [
      41.91568,
      12.54479
    ],
    [
      41.91565,
      12.54475
    ],
    [
      41.91562,
      12.5447
    ],
    [
      41.91547,
      12.54454
    ],
    [
      41.91538,
      12.5445
    ],
    [
      41.91537,
      12.54449
    ],
    [
      41.91458,
      12.54264
    ],
    [
      41.91438,
      12.54277
    ],
    [
      41.91394,
      12.54299
    ],
    [
      41.91361,
      12.54313
    ],
    [
      41.9151,
      12.54486
    ],
    [
      41.91502,
      12.54492
    ],
    [
      41.91499,
      12.54496
    ],
    [
      41.91352,
      12.54453
    ],
    [
      41.9136,
      12.54476
    ],
    [
      41.91368,
      12.545
    ],
    [
      41.91376,
      12.54521
    ],
    [
      41.91383,
      12.54543
    ],
    [
      41.91388,
      12.5456
    ],
    [
      41.91398,
      12.5458
    ],
    [
      41.9136,
      12.54634
    ],
    [
      41.9137,
      12.54655
    ],
    [
      41.91382,
      12.54677
    ],
    [
      41.91445,
      12.54651
    ],
    [
      41.91452,
      12.5466
    ],
    [
      41.91438,
      12.54692
    ],
    [
      41.91478,
      12.54689
    ],
    [
      41.91548,
      12.54519
    ],
    [
      41.91548,
      12.54519
    ],
    [
      41.91548,
      12.54519
    ],
    [
      41.91548,
      12.54519
    ],
    [
      41.91548,
      12.54519
    ],
    [
      41.91548,
      12.54519
    ],
    [
      41.91548,
      12.54519
    ],
    [
      41.91548,
      12.54519
    ],
    [
      41.91548,
      12.54519
    ],
    [
      41.91548,
      12.54519
    ],
    [
      41.91548,
      12.54519
    ],
    [
      41.91608,
      12.54535
    ],
    [
      41.91608,
      12.54534
    ],
    [
      41.91608,
      12.54526
    ]
  ],
  "distance1000": [
    [
      41.91646,
      12.54509
    ],
    [
      41.91739,
      12.54473
    ],
    [
      41.91767,
      12.54442
    ],
    [
      41.91735,
      12.54444
    ],
    [
      41.91668,
      12.54443
    ],
    [
      41.91669,
      12.54439
    ],
    [
      41.91688,
      12.54384
    ],
    [
      41.91708,
      12.54327
    ],
    [
      41.91571,
      12.54483
    ],
    [
      41.91568,
      12.54479
    ],
    [
      41.91565,
      12.54475
    ],
    [
      41.91562,
      12.5447
    ],
    [
      41.91547,
      12.54454
    ],
    [
      41.91515,
      12.54166
    ],
    [
      41.91481,
      12.54168
    ],
    [
      41.91284,
      12.53882
    ],
    [
      41.9128,
      12.5397
    ],
    [
      41.91203,
      12.53988
    ],
    [
      41.91215,
      12.54194
    ],
    [
      41.91156,
      12.54201
    ],
    [
      41.9104,
      12.54219
    ],
    [
      41.91138,
      12.54297
    ],
    [
      41.91059,
      12.54385
    ],
    [
      41.90939,
      12.54431
    ],
    [
      41.91011,
      12.54451
    ],
    [
      41.9101,
      12.54545
    ],
    [
      41.90987,
      12.54615
    ],
    [
      41.91197,
      12.54609
    ],
    [
      41.91227,
      12.54683
    ],
    [
      41.91204,
      12.5474
    ],
    [
      41.91218,
      12.54776
    ],
    [
      41.91221,
      12.54782
    ],
    [
      41.91251,
      12.54907
    ],
    [
      41.91265,
      12.54944
    ],
    [
      41.91275,
      12.54967
    ],
    [
      41.91409,
      12.5483
    ],
    [
      41.91457,
      12.54834
    ],
    [
      41.91405,
      12.55184
    ],
    [
      41.91565,
      12.54754
    ],
    [
      41.91581,
      12.54704
    ],
    [
      41.91668,
      12.54803
    ],
    [
      41.91713,
      12.54867
    ],
    [
      41.91728,
      12.54845
    ],
    [
      41.91715,
      12.54728
    ],
    [
      41.91748,
      12.54678
    ],
    [
      41.91632,
      12.5458
    ],
    [
      41.91631,
      12.54563
    ],
    [
      41.91632,
      12.5455
    ],
    [
      41.91638,
      12.54533
    ],
    [
      41.91642,
      12.54522
    ]
  ],
  "distance1600": [
    [
      41.92062,
      12.54464
    ],
    [
      41.92079,
      12.54438
    ],
    [
      41.92042,
      12.54357
    ],
    [
      41.91972,
      12.54348
    ],
    [
      41.91944,
      12.54312
    ],
    [
      41.91898,
      12.5424
    ],
    [
      41.91865,
      12.54188
    ],
    [
      41.91858,
      12.54178
    ],
    [
      41.92015,
      12.53835
    ],
    [
      41.91929,
      12.53675
    ],
    [
      41.91921,
      12.53667
    ],
    [
      41.91684,
      12.54074
    ],
    [
      41.91551,
      12.53698
    ],
    [
      41.915,
      12.53771
    ],
    [
      41.91447,
      12.53846
    ],
    [
      41.91171,
      12.53433
    ],
    [
      41.91095,
      12.53588
    ],
    [
      41.90968,
      12.53531
    ],
    [
      41.90838,
      12.53578
    ],
    [
      41.90791,
      12.53957
    ],
    [
      41.90772,
      12.53979
    ],
    [
      41.90872,
      12.54209
    ],
    [
      41.90854,
      12.54261
    ],
    [
      41.90766,
      12.54395
    ],
    [
      41.907,
      12.54517
    ],
    [
      41.9065,
      12.54546
    ],
    [
      41.90654,
      12.54705
    ],
    [
      41.90629,
      12.54805
    ],
    [
      41.90621,
      12.54922
    ],
    [
      41.90727,
      12.5496
    ],
    [
      41.90843,
      12.54979
    ],
    [
      41.90984,
      12.55095
    ],
    [
      41.90932,
      12.55317
    ],
    [
      41.91047,
      12.55241
    ],
    [
      41.90943,
      12.55553
    ],
    [
      41.91218,
      12.55402
    ],
    [
      41.9126,
      12.55503
    ],
    [
      41.91375,
      12.55231
    ],
    [
      41.91565,
      12.54754
    ],
    [
      41.91581,
      12.54704
    ],
    [
      41.91704,
      12.54868
    ],
    [
      41.91713,
      12.54867
    ],
    [
      41.91739,
      12.54856
    ],
    [
      41.91722,
      12.54747
    ],
    [
      41.91893,
      12.54786
    ],
    [
      41.91992,
      12.54839
    ],
    [
      41.92183,
      12.54819
    ],
    [
      41.92232,
      12.54746
    ],
    [
      41.92252,
      12.54673
    ],
    [
      41.92156,
      12.54589
    ]
  ]
}