{
  "distance500": [
    [
      41.86663,
      12.54794
    ],
    [
      41.86658,
      12.54759
    ],
    [
      41.86647,
      12.54694
    ],
    [
      41.86754,
      12.54644
    ],
    [
      41.86666,
      12.546
    ],
    [
      41.86666,
      12.54558
    ],
    [
      41.86667,
      12.54546
    ],
    [
      41.86602,
      12.54485
    ],
    [
      41.86508,
      12.54596
    ],
    [
      41.86513,
      12.54459
    ],
    [
      41.86547,
      12.54376
    ],
    [
      41.86505,
      12.54288
    ],
    [
      41.86483,
      12.54305
    ],
    [
      41.8636,
      12.54797
    ],
    [
      41.8636,
      12.54797
    ],
    [
      41.8636,
      12.54797
    ],
    [
      41.8636,
      12.54797
    ],
    [
      41.8636,
      12.54797
    ],
    [
      41.8636,
      12.54797
    ],
    [
      41.8636,
      12.54797
    ],
    [
      41.8636,
      12.54797
    ],
    [
      41.8636,
      12.54797
    ],
    [
      41.8636,
      12.54797
    ],
    [
      41.8636,
      12.54797
    ],
    [
      41.8636,
      12.54797
    ],
    [
      41.8636,
      12.54797
    ],
    [
      41.8636,
      12.54797
    ],
    [
      41.8636,
      12.54797
    ],
    [
      41.8636,
      12.54797
    ],
    [
      41.8636,
      12.54797
    ],
    [
      41.86115,
      12.54986
    ],
    [
      41.86135,
      12.55002
    ],
    [
      41.86179,
      12.55038
    ],
    [
      41.86136,
      12.5511
    ],
    [
      41.86157,
      12.55232
    ],
    [
      41.86173,
      12.55314
    ],
    [
      41.86215,
      12.55305
    ],
    [
      41.863,
      12.55053
    ],
    [
      41.86398,
      12.55241
    ],
    [
      41.8643,
      12.55167
    ],
    [
      41.8649,
      12.55206
    ],
    [
      41.86543,
      12.55188
    ],
    [
      41.8661,
      12.5516
    ],
    [
      41.86596,
      12.55099
    ],
    [
      41.86576,
      12.54983
    ],
    [
      41.86447,
      12.54859
    ],
    [
      41.86445,
      12.54841
    ],
    [
      41.86444,
      12.54829
    ],
    [
      41.86732,
      12.54877
    ],
    [
      41.86728,
      12.54843
    ]
  ],
  "distance1000": [
    [
      41.86993,
      12.54738
    ],
    [
      41.87199,
      12.54613
    ],
    [
      41.87069,
      12.54543
    ],
    [
      41.87119,
      12.54506
    ],
    [
      41.86666,
      12.546
    ],
    [
      41.86666,
      12.54558
    ],
    [
      41.86669,
      12.54486
    ],
    [
      41.86918,
      12.54085
    ],
    [
      41.86843,
      12.54132
    ],
    [
      41.86839,
      12.53932
    ],
    [
      41.86677,
      12.53909
    ],
    [
      41.86613,
      12.53999
    ],
    [
      41.86557,
      12.53972
    ],
    [
      41.86345,
      12.54515
    ],
    [
      41.86304,
      12.54541
    ],
    [
      41.86293,
      12.54548
    ],
    [
      41.86252,
      12.54574
    ],
    [
      41.8624,
      12.54582
    ],
    [
      41.86181,
      12.54621
    ],
    [
      41.86153,
      12.5464
    ],
    [
      41.86124,
      12.54659
    ],
    [
      41.86098,
      12.54675
    ],
    [
      41.85998,
      12.5467
    ],
    [
      41.8601,
      12.5473
    ],
    [
      41.85949,
      12.54786
    ],
    [
      41.85846,
      12.54858
    ],
    [
      41.85782,
      12.54922
    ],
    [
      41.8574,
      12.54971
    ],
    [
      41.85912,
      12.55025
    ],
    [
      41.85916,
      12.55029
    ],
    [
      41.85957,
      12.55062
    ],
    [
      41.85785,
      12.55369
    ],
    [
      41.85816,
      12.55488
    ],
    [
      41.85859,
      12.55481
    ],
    [
      41.85866,
      12.5564
    ],
    [
      41.8591,
      12.55804
    ],
    [
      41.86046,
      12.55774
    ],
    [
      41.86175,
      12.55749
    ],
    [
      41.8647,
      12.55675
    ],
    [
      41.86486,
      12.5562
    ],
    [
      41.86605,
      12.55585
    ],
    [
      41.86605,
      12.55285
    ],
    [
      41.86623,
      12.55244
    ],
    [
      41.86656,
      12.55165
    ],
    [
      41.86682,
      12.55102
    ],
    [
      41.86705,
      12.55052
    ],
    [
      41.86862,
      12.55025
    ],
    [
      41.86935,
      12.54995
    ],
    [
      41.87018,
      12.54946
    ],
    [
      41.8692,
      12.54848
    ]
  ],
  "distance1600": [
    [
      41.87632,
      12.54671
    ],
    [
      41.87606,
      12.546
    ],
    [
      41.87623,
      12.54362
    ],
    [
      41.8724,
      12.5444
    ],
    [
      41.87458,
      12.54124
    ],
    [
      41.87446,
      12.54079
    ],
    [
      41.87417,
      12.53813
    ],
    [
      41.87109,
      12.53979
    ],
    [
      41.86975,
      12.53874
    ],
    [
      41.87182,
      12.53374
    ],
    [
      41.8694,
      12.53383
    ],
    [
      41.86841,
      12.53402
    ],
    [
      41.86687,
      12.5344
    ],
    [
      41.863,
      12.53945
    ],
    [
      41.8616,
      12.53861
    ],
    [
      41.86018,
      12.5369
    ],
    [
      41.86003,
      12.5413
    ],
    [
      41.86021,
      12.54183
    ],
    [
      41.86011,
      12.54411
    ],
    [
      41.86153,
      12.5464
    ],
    [
      41.86121,
      12.54661
    ],
    [
      41.86098,
      12.54675
    ],
    [
      41.85998,
      12.5467
    ],
    [
      41.8601,
      12.5473
    ],
    [
      41.85931,
      12.54793
    ],
    [
      41.85846,
      12.54858
    ],
    [
      41.85411,
      12.54981
    ],
    [
      41.85431,
      12.55066
    ],
    [
      41.85511,
      12.5523
    ],
    [
      41.85443,
      12.55315
    ],
    [
      41.85552,
      12.55431
    ],
    [
      41.85391,
      12.55712
    ],
    [
      41.85466,
      12.55886
    ],
    [
      41.85476,
      12.56047
    ],
    [
      41.85589,
      12.56384
    ],
    [
      41.85726,
      12.56306
    ],
    [
      41.85961,
      12.56342
    ],
    [
      41.85978,
      12.56346
    ],
    [
      41.86531,
      12.56224
    ],
    [
      41.86647,
      12.56046
    ],
    [
      41.86823,
      12.56178
    ],
    [
      41.86924,
      12.5604
    ],
    [
      41.87011,
      12.55864
    ],
    [
      41.86871,
      12.55472
    ],
    [
      41.86859,
      12.55267
    ],
    [
      41.86833,
      12.55085
    ],
    [
      41.8718,
      12.5514
    ],
    [
      41.87178,
      12.55125
    ],
    [
      41.87249,
      12.54979
    ],
    [
      41.87562,
      12.54864
    ]
  ]
}