{
  "distance500": [
    [
      41.87441,
      12.56797
    ],
    [
      41.87441,
      12.56797
    ],
    [
      41.87441,
      12.56797
    ],
    [
      41.87441,
      12.56797
    ],
    [
      41.87441,
      12.56797
    ],
    [
      41.87441,
      12.56797
    ],
    [
      41.87682,
      12.56547
    ],
    [
      41.87662,
      12.56508
    ],
    [
      41.87654,
      12.56492
    ],
    [
      41.87647,
      12.56395
    ],
    [
      41.87581,
      12.56472
    ],
    [
      41.8754,
      12.56472
    ],
    [
      41.87504,
      12.56202
    ],
    [
      41.87437,
      12.56717
    ],
    [
      41.87431,
      12.56746
    ],
    [
      41.87429,
      12.56758
    ],
    [
      41.87427,
      12.56769
    ],
    [
      41.87426,
      12.56775
    ],
    [
      41.87425,
      12.56781
    ],
    [
      41.87424,
      12.56782
    ],
    [
      41.87424,
      12.56785
    ],
    [
      41.87423,
      12.56787
    ],
    [
      41.87423,
      12.5679
    ],
    [
      41.87441,
      12.56797
    ],
    [
      41.87441,
      12.56797
    ],
    [
      41.87441,
      12.56797
    ],
    [
      41.87441,
      12.56797
    ],
    [
      41.87441,
      12.56797
    ],
    [
      41.87441,
      12.56797
    ],
    [
      41.87441,
      12.56797
    ],
    [
      41.87441,
      12.56797
    ],
    [
      41.87441,
      12.56797
    ],
    [
      41.87441,
      12.56797
    ],
    [
      41.87441,
      12.56797
    ],
    [
      41.87441,
      12.56797
    ],
    [
      41.87441,
      12.56797
    ],
    [
      41.87441,
      12.56797
    ],
    [
      41.87441,
      12.56797
    ],
    [
      41.87441,
      12.56797
    ],
    [
      41.87441,
      12.56797
    ],
    [
      41.87441,
      12.56797
    ],
    [
      41.87441,
      12.56797
    ],
    [
      41.87441,
      12.56797
    ],
    [
      41.87441,
      12.56797
    ],
    [
      41.87441,
      12.56797
    ],
    [
      41.87441,
      12.56797
    ],
    [
      41.87441,
      12.56797
    ],
    [
      41.87441,
      12.56797
    ],
    [
      41.87441,
      12.56797
    ],
    [
      41.87441,
      12.56797
    ]
  ],
  "distance1000": [
    [
      41.88018,
      12.56758
    ],
    [
      41.88087,
      12.56659
    ],
    [
      41.88051,
      12.5659
    ],
    [
      41.88025,
      12.56507
    ],
    [
      41.88063,
      12.56404
    ],
    [
      41.88116,
      12.56353
    ],
    [
      41.87999,
      12.56216
    ],
    [
      41.87976,
      12.56182
    ],
    [
      41.87876,
      12.56142
    ],
    [
      41.87838,
      12.56146
    ],
    [
      41.87785,
      12.5602
    ],
    [
      41.87688,
      12.55824
    ],
    [
      41.87593,
      12.55613
    ],
    [
      41.87437,
      12.56717
    ],
    [
      41.87431,
      12.56746
    ],
    [
      41.87429,
      12.56758
    ],
    [
      41.87427,
      12.56769
    ],
    [
      41.87426,
      12.56775
    ],
    [
      41.87425,
      12.56781
    ],
    [
      41.87424,
      12.56782
    ],
    [
      41.87424,
      12.56785
    ],
    [
      41.87423,
      12.56787
    ],
    [
      41.87423,
      12.5679
    ],
    [
      41.87422,
      12.56794
    ],
    [
      41.87422,
      12.56796
    ],
    [
      41.87081,
      12.56812
    ],
    [
      41.87159,
      12.56832
    ],
    [
      41.87222,
      12.56853
    ],
    [
      41.87255,
      12.56867
    ],
    [
      41.87283,
      12.56882
    ],
    [
      41.87297,
      12.5689
    ],
    [
      41.87314,
      12.56899
    ],
    [
      41.87334,
      12.56911
    ],
    [
      41.87331,
      12.56954
    ],
    [
      41.87358,
      12.56972
    ],
    [
      41.87374,
      12.56983
    ],
    [
      41.87285,
      12.57364
    ],
    [
      41.87439,
      12.57156
    ],
    [
      41.87458,
      12.57125
    ],
    [
      41.87493,
      12.57064
    ],
    [
      41.87547,
      12.57102
    ],
    [
      41.87441,
      12.56797
    ],
    [
      41.87441,
      12.56797
    ],
    [
      41.87441,
      12.56797
    ],
    [
      41.87792,
      12.57117
    ],
    [
      41.87771,
      12.56989
    ],
    [
      41.87765,
      12.56955
    ],
    [
      41.87805,
      12.56901
    ],
    [
      41.87923,
      12.56911
    ],
    [
      41.87808,
      12.56836
    ]
  ],
  "distance1600": [
    [
      41.88534,
      12.56708
    ],
    [
      41.88554,
      12.56551
    ],
    [
      41.88537,
      12.56433
    ],
    [
      41.88553,
      12.56278
    ],
    [
      41.88535,
      12.56116
    ],
    [
      41.88473,
      12.56026
    ],
    [
      41.88354,
      12.56008
    ],
    [
      41.8811,
      12.56061
    ],
    [
      41.8817,
      12.55704
    ],
    [
      41.88144,
      12.55713
    ],
    [
      41.87918,
      12.55632
    ],
    [
      41.878,
      12.55447
    ],
    [
      41.87775,
      12.54934
    ],
    [
      41.87437,
      12.56717
    ],
    [
      41.87431,
      12.56746
    ],
    [
      41.87429,
      12.56758
    ],
    [
      41.87427,
      12.56769
    ],
    [
      41.87426,
      12.56775
    ],
    [
      41.87425,
      12.56781
    ],
    [
      41.87424,
      12.56782
    ],
    [
      41.87424,
      12.56785
    ],
    [
      41.87423,
      12.56787
    ],
    [
      41.87423,
      12.5679
    ],
    [
      41.86786,
      12.56676
    ],
    [
      41.86545,
      12.56759
    ],
    [
      41.86956,
      12.56832
    ],
    [
      41.86948,
      12.56888
    ],
    [
      41.86872,
      12.56976
    ],
    [
      41.86835,
      12.57075
    ],
    [
      41.86823,
      12.57173
    ],
    [
      41.86769,
      12.5725
    ],
    [
      41.86894,
      12.57339
    ],
    [
      41.87334,
      12.56911
    ],
    [
      41.87331,
      12.56954
    ],
    [
      41.87358,
      12.56972
    ],
    [
      41.87045,
      12.57821
    ],
    [
      41.87076,
      12.58023
    ],
    [
      41.87148,
      12.57986
    ],
    [
      41.87486,
      12.57648
    ],
    [
      41.87584,
      12.57451
    ],
    [
      41.87709,
      12.57405
    ],
    [
      41.87816,
      12.57529
    ],
    [
      41.87866,
      12.5756
    ],
    [
      41.88091,
      12.57463
    ],
    [
      41.8813,
      12.5742
    ],
    [
      41.88241,
      12.57299
    ],
    [
      41.88332,
      12.57196
    ],
    [
      41.88395,
      12.57045
    ],
    [
      41.88475,
      12.56954
    ],
    [
      41.8856,
      12.56827
    ]
  ]
}