{
  "distance500": [
    [
      42.107272,
      12.632946
    ],
    [
      42.107349,
      12.631946
    ],
    [
      42.106893,
      12.631385
    ],
    [
      42.105893,
      12.631634
    ],
    [
      42.105214,
      12.630946
    ],
    [
      42.105932,
      12.626946
    ],
    [
      42.105055,
      12.626784
    ],
    [
      42.104893,
      12.625884
    ],
    [
      42.104485,
      12.628537
    ],
    [
      42.102716,
      12.628946
    ],
    [
      42.102893,
      12.63183
    ],
    [
      42.107272,
      12.632946
    ]
  ],
  "distance1000": [
    [
      42.107986,
      12.631946
    ],
    [
      42.107086,
      12.630946
    ],
    [
      42.107033,
      12.629806
    ],
    [
      42.106194,
      12.628946
    ],
    [
      42.106244,
      12.626946
    ],
    [
      42.105229,
      12.625946
    ],
    [
      42.105146,
      12.623946
    ],
    [
      42.104017,
      12.622822
    ],
    [
      42.103157,
      12.622682
    ],
    [
      42.102914,
      12.620925
    ],
    [
      42.102513,
      12.620946
    ],
    [
      42.102832,
      12.621007
    ],
    [
      42.102768,
      12.622946
    ],
    [
      42.103515,
      12.623324
    ],
    [
      42.104597,
      12.624946
    ],
    [
      42.104275,
      12.628327
    ],
    [
      42.102433,
      12.628406
    ],
    [
      42.102342,
      12.627395
    ],
    [
      42.103,
      12.626839
    ],
    [
      42.101285,
      12.626554
    ],
    [
      42.100983,
      12.625856
    ],
    [
      42.100103,
      12.625736
    ],
    [
      42.099904,
      12.624935
    ],
    [
      42.099335,
      12.624946
    ],
    [
      42.09986,
      12.624979
    ],
    [
      42.099819,
      12.62702
    ],
    [
      42.101413,
      12.627426
    ],
    [
      42.101602,
      12.628946
    ],
    [
      42.102529,
      12.629946
    ],
    [
      42.102563,
      12.631946
    ],
    [
      42.101723,
      12.632946
    ],
    [
      42.101782,
      12.636834
    ],
    [
      42.100898,
      12.636946
    ],
    [
      42.101397,
      12.637442
    ],
    [
      42.102445,
      12.637498
    ],
    [
      42.103114,
      12.636946
    ],
    [
      42.103241,
      12.635946
    ],
    [
      42.102147,
      12.635692
    ],
    [
      42.10208,
      12.634946
    ],
    [
      42.103057,
      12.634109
    ],
    [
      42.10344,
      12.632492
    ],
    [
      42.105893,
      12.632434
    ],
    [
      42.106893,
      12.633393
    ],
    [
      42.107884,
      12.632946
    ],
    [
      42.107986,
      12.631946
    ]
  ],
  "distance1600": [
    [
      42.113151,
      12.634946
    ],
    [
      42.113046,
      12.633946
    ],
    [
      42.109893,
      12.63366
    ],
    [
      42.107559,
      12.63128
    ],
    [
      42.107357,
      12.629946
    ],
    [
      42.106401,
      12.628946
    ],
    [
      42.106426,
      12.626946
    ],
    [
      42.105418,
      12.625946
    ],
    [
      42.10523,
      12.624609
    ],
    [
      42.104402,
      12.624454
    ],
    [
      42.104177,
      12.62823
    ],
    [
      42.102893,
      12.628418
    ],
    [
      42.102389,
      12.627946
    ],
    [
      42.103188,
      12.62724
    ],
    [
      42.103188,
      12.626651
    ],
    [
      42.10153,
      12.626309
    ],
    [
      42.098427,
      12.623412
    ],
    [
      42.098332,
      12.622384
    ],
    [
      42.098995,
      12.621844
    ],
    [
      42.097674,
      12.621946
    ],
    [
      42.097696,
      12.624143
    ],
    [
      42.099299,
      12.62554
    ],
    [
      42.099613,
      12.627226
    ],
    [
      42.101243,
      12.627597
    ],
    [
      42.101391,
      12.628946
    ],
    [
      42.102353,
      12.629946
    ],
    [
      42.102392,
      12.632946
    ],
    [
      42.101424,
      12.633946
    ],
    [
      42.101293,
      12.636345
    ],
    [
      42.100435,
      12.636404
    ],
    [
      42.099343,
      12.635496
    ],
    [
      42.099097,
      12.632946
    ],
    [
      42.097748,
      12.632946
    ],
    [
      42.097837,
      12.635002
    ],
    [
      42.098531,
      12.635308
    ],
    [
      42.098757,
      12.636082
    ],
    [
      42.10053,
      12.637946
    ],
    [
      42.100561,
      12.641613
    ],
    [
      42.099698,
      12.641946
    ],
    [
      42.100357,
      12.642946
    ],
    [
      42.100069,
      12.643946
    ],
    [
      42.100947,
      12.644
    ],
    [
      42.101325,
      12.641377
    ],
    [
      42.102997,
      12.641049
    ],
    [
      42.102174,
      12.639946
    ],
    [
      42.102893,
      12.639247
    ],
    [
      42.103686,
      12.640153
    ],
    [
      42.104584,
      12.640255
    ],
    [
      42.104893,
      12.641007
    ],
    [
      42.106157,
      12.640946
    ],
    [
      42.106047,
      12.639099
    ],
    [
      42.106604,
      12.638946
    ],
    [
      42.107525,
      12.636946
    ],
    [
      42.105893,
      12.635088
    ],
    [
      42.104893,
      12.635667
    ],
    [
      42.102511,
      12.635328
    ],
    [
      42.102539,
      12.634591
    ],
    [
      42.103374,
      12.633946
    ],
    [
      42.103571,
      12.632624
    ],
    [
      42.105893,
      12.632554
    ],
    [
      42.106893,
      12.633531
    ],
    [
      42.107893,
      12.633318
    ],
    [
      42.108893,
      12.634271
    ],
    [
      42.110443,
      12.634396
    ],
    [
      42.110893,
      12.635099
    ],
    [
      42.113151,
      12.634946
    ]
  ]
}