{
  "distance500": [
    [
      41.91633,
      12.55259
    ],
    [
      41.91583,
      12.55249
    ],
    [
      41.91576,
      12.55227
    ],
    [
      41.91575,
      12.55215
    ],
    [
      41.91575,
      12.55203
    ],
    [
      41.91574,
      12.55185
    ],
    [
      41.9174,
      12.54989
    ],
    [
      41.91741,
      12.54959
    ],
    [
      41.91591,
      12.55083
    ],
    [
      41.91551,
      12.5511
    ],
    [
      41.91529,
      12.55129
    ],
    [
      41.9151,
      12.55145
    ],
    [
      41.91494,
      12.55158
    ],
    [
      41.91461,
      12.55185
    ],
    [
      41.91454,
      12.55191
    ],
    [
      41.9145,
      12.55194
    ],
    [
      41.91438,
      12.55204
    ],
    [
      41.91434,
      12.55207
    ],
    [
      41.91431,
      12.55216
    ],
    [
      41.91431,
      12.55234
    ],
    [
      41.91431,
      12.55238
    ],
    [
      41.91432,
      12.55245
    ],
    [
      41.91432,
      12.55251
    ],
    [
      41.91432,
      12.55256
    ],
    [
      41.91432,
      12.55261
    ],
    [
      41.91432,
      12.55269
    ],
    [
      41.91432,
      12.55274
    ],
    [
      41.91433,
      12.55279
    ],
    [
      41.91433,
      12.55284
    ],
    [
      41.91433,
      12.55289
    ],
    [
      41.91433,
      12.55293
    ],
    [
      41.91433,
      12.55302
    ],
    [
      41.91433,
      12.55312
    ],
    [
      41.91434,
      12.55317
    ],
    [
      41.91469,
      12.55265
    ],
    [
      41.91469,
      12.55265
    ],
    [
      41.91469,
      12.55265
    ],
    [
      41.91469,
      12.55265
    ],
    [
      41.91469,
      12.55265
    ],
    [
      41.91469,
      12.55265
    ],
    [
      41.91469,
      12.55265
    ],
    [
      41.91469,
      12.55265
    ],
    [
      41.91497,
      12.55303
    ],
    [
      41.9151,
      12.55304
    ],
    [
      41.9152,
      12.55304
    ],
    [
      41.91537,
      12.55304
    ],
    [
      41.91552,
      12.55299
    ],
    [
      41.91563,
      12.5529
    ],
    [
      41.91575,
      12.55279
    ],
    [
      41.9164,
      12.55283
    ]
  ],
  "distance1000": [
    [
      41.91633,
      12.55259
    ],
    [
      41.91583,
      12.55249
    ],
    [
      41.91576,
      12.55227
    ],
    [
      41.91575,
      12.55215
    ],
    [
      41.91575,
      12.55203
    ],
    [
      41.91574,
      12.55185
    ],
    [
      41.9174,
      12.54989
    ],
    [
      41.91872,
      12.54759
    ],
    [
      41.91943,
      12.54561
    ],
    [
      41.91933,
      12.54483
    ],
    [
      41.91699,
      12.54647
    ],
    [
      41.91634,
      12.5463
    ],
    [
      41.9162,
      12.54621
    ],
    [
      41.91461,
      12.55185
    ],
    [
      41.91454,
      12.55191
    ],
    [
      41.9145,
      12.55194
    ],
    [
      41.91438,
      12.55204
    ],
    [
      41.91434,
      12.55207
    ],
    [
      41.91431,
      12.55216
    ],
    [
      41.91431,
      12.55234
    ],
    [
      41.91431,
      12.55238
    ],
    [
      41.91432,
      12.55245
    ],
    [
      41.91432,
      12.55251
    ],
    [
      41.91432,
      12.55256
    ],
    [
      41.91432,
      12.55261
    ],
    [
      41.91432,
      12.55269
    ],
    [
      41.91432,
      12.55274
    ],
    [
      41.91433,
      12.55279
    ],
    [
      41.91433,
      12.55284
    ],
    [
      41.91433,
      12.55289
    ],
    [
      41.91433,
      12.55293
    ],
    [
      41.91433,
      12.55302
    ],
    [
      41.91433,
      12.55312
    ],
    [
      41.91434,
      12.55317
    ],
    [
      41.91469,
      12.55265
    ],
    [
      41.91469,
      12.55265
    ],
    [
      41.91469,
      12.55265
    ],
    [
      41.91469,
      12.55265
    ],
    [
      41.91469,
      12.55265
    ],
    [
      41.91469,
      12.55265
    ],
    [
      41.91469,
      12.55265
    ],
    [
      41.91469,
      12.55265
    ],
    [
      41.91497,
      12.55303
    ],
    [
      41.9151,
      12.55304
    ],
    [
      41.9152,
      12.55304
    ],
    [
      41.91537,
      12.55304
    ],
    [
      41.91552,
      12.55299
    ],
    [
      41.91563,
      12.5529
    ],
    [
      41.91575,
      12.55279
    ],
    [
      41.9164,
      12.55283
    ]
  ],
  "distance1600": [
    [
      41.91633,
      12.55259
    ],
    [
      41.91583,
      12.55249
    ],
    [
      41.92194,
      12.55073
    ],
    [
      41.92346,
      12.54817
    ],
    [
      41.92453,
      12.54636
    ],
    [
      41.92396,
      12.54594
    ],
    [
      41.92302,
      12.5442
    ],
    [
      41.92199,
      12.54364
    ],
    [
      41.92079,
      12.54438
    ],
    [
      41.91941,
      12.54307
    ],
    [
      41.91879,
      12.54269
    ],
    [
      41.91854,
      12.53912
    ],
    [
      41.9147,
      12.54044
    ],
    [
      41.91461,
      12.55185
    ],
    [
      41.91454,
      12.55191
    ],
    [
      41.9145,
      12.55194
    ],
    [
      41.91438,
      12.55204
    ],
    [
      41.91434,
      12.55207
    ],
    [
      41.91431,
      12.55216
    ],
    [
      41.91431,
      12.55234
    ],
    [
      41.91431,
      12.55238
    ],
    [
      41.91432,
      12.55245
    ],
    [
      41.91432,
      12.55251
    ],
    [
      41.91432,
      12.55256
    ],
    [
      41.91432,
      12.55261
    ],
    [
      41.91432,
      12.55269
    ],
    [
      41.91432,
      12.55274
    ],
    [
      41.91433,
      12.55279
    ],
    [
      41.91433,
      12.55284
    ],
    [
      41.91433,
      12.55289
    ],
    [
      41.91433,
      12.55293
    ],
    [
      41.91433,
      12.55302
    ],
    [
      41.91433,
      12.55312
    ],
    [
      41.91434,
      12.55317
    ],
    [
      41.91469,
      12.55265
    ],
    [
      41.91469,
      12.55265
    ],
    [
      41.91469,
      12.55265
    ],
    [
      41.91469,
      12.55265
    ],
    [
      41.91469,
      12.55265
    ],
    [
      41.91469,
      12.55265
    ],
    [
      41.91469,
      12.55265
    ],
    [
      41.91469,
      12.55265
    ],
    [
      41.91497,
      12.55303
    ],
    [
      41.9151,
      12.55304
    ],
    [
      41.9152,
      12.55304
    ],
    [
      41.91537,
      12.55304
    ],
    [
      41.91552,
      12.55299
    ],
    [
      41.91563,
      12.5529
    ],
    [
      41.91575,
      12.55279
    ],
    [
      41.9164,
      12.55283
    ]
  ]
}