{
  "distance500": [
    [
      41.918183,
      12.555323
    ],
    [
      41.917844,
      12.554323
    ],
    [
      41.91845,
      12.553323
    ],
    [
      41.91843,
      12.552323
    ],
    [
      41.917892,
      12.549221
    ],
    [
      41.916672,
      12.550103
    ],
    [
      41.915265,
      12.54995
    ],
    [
      41.915065,
      12.548496
    ],
    [
      41.916317,
      12.548323
    ],
    [
      41.915892,
      12.547476
    ],
    [
      41.913983,
      12.548323
    ],
    [
      41.91473,
      12.548485
    ],
    [
      41.914396,
      12.550828
    ],
    [
      41.9132,
      12.551015
    ],
    [
      41.912892,
      12.549987
    ],
    [
      41.911601,
      12.551033
    ],
    [
      41.910592,
      12.554323
    ],
    [
      41.912892,
      12.555234
    ],
    [
      41.914368,
      12.554847
    ],
    [
      41.914892,
      12.556455
    ],
    [
      41.917184,
      12.556615
    ],
    [
      41.917809,
      12.556323
    ],
    [
      41.918183,
      12.555323
    ]
  ],
  "distance1000": [
    [
      41.922013,
      12.554323
    ],
    [
      41.920471,
      12.552323
    ],
    [
      41.921477,
      12.551323
    ],
    [
      41.921727,
      12.550323
    ],
    [
      41.919892,
      12.548407
    ],
    [
      41.919758,
      12.54919
    ],
    [
      41.918892,
      12.549251
    ],
    [
      41.918192,
      12.548323
    ],
    [
      41.918362,
      12.547794
    ],
    [
      41.919508,
      12.547323
    ],
    [
      41.919834,
      12.545381
    ],
    [
      41.919583,
      12.544632
    ],
    [
      41.918792,
      12.544423
    ],
    [
      41.916892,
      12.54217
    ],
    [
      41.916602,
      12.544033
    ],
    [
      41.915108,
      12.544107
    ],
    [
      41.914892,
      12.54267
    ],
    [
      41.912892,
      12.542837
    ],
    [
      41.912072,
      12.545503
    ],
    [
      41.911229,
      12.546323
    ],
    [
      41.908892,
      12.546286
    ],
    [
      41.909097,
      12.547118
    ],
    [
      41.90833,
      12.549323
    ],
    [
      41.908291,
      12.550722
    ],
    [
      41.906863,
      12.552323
    ],
    [
      41.907022,
      12.553323
    ],
    [
      41.908211,
      12.554323
    ],
    [
      41.906452,
      12.556323
    ],
    [
      41.906987,
      12.557228
    ],
    [
      41.908586,
      12.557629
    ],
    [
      41.908892,
      12.558129
    ],
    [
      41.90894,
      12.557371
    ],
    [
      41.911063,
      12.557494
    ],
    [
      41.911336,
      12.556767
    ],
    [
      41.912389,
      12.556826
    ],
    [
      41.912577,
      12.558009
    ],
    [
      41.911826,
      12.558389
    ],
    [
      41.913517,
      12.558698
    ],
    [
      41.913787,
      12.559428
    ],
    [
      41.914571,
      12.559644
    ],
    [
      41.914892,
      12.561246
    ],
    [
      41.916983,
      12.561415
    ],
    [
      41.918974,
      12.559405
    ],
    [
      41.919892,
      12.559384
    ],
    [
      41.919969,
      12.556401
    ],
    [
      41.920418,
      12.555323
    ],
    [
      41.922013,
      12.554323
    ]
  ],
  "distance1600": [
    [
      41.925921,
      12.555323
    ],
    [
      41.925687,
      12.554323
    ],
    [
      41.925083,
      12.554132
    ],
    [
      41.924984,
      12.553231
    ],
    [
      41.923397,
      12.552818
    ],
    [
      41.9232,
      12.551323
    ],
    [
      41.922223,
      12.550323
    ],
    [
      41.922892,
      12.549591
    ],
    [
      41.924079,
      12.549323
    ],
    [
      41.924016,
      12.548199
    ],
    [
      41.923278,
      12.547937
    ],
    [
      41.923046,
      12.547323
    ],
    [
      41.923199,
      12.546631
    ],
    [
      41.924875,
      12.546323
    ],
    [
      41.923552,
      12.544663
    ],
    [
      41.923625,
      12.543323
    ],
    [
      41.922892,
      12.542241
    ],
    [
      41.921892,
      12.543074
    ],
    [
      41.919892,
      12.542707
    ],
    [
      41.918641,
      12.541323
    ],
    [
      41.919892,
      12.539565
    ],
    [
      41.920589,
      12.539323
    ],
    [
      41.92072,
      12.538323
    ],
    [
      41.920288,
      12.536927
    ],
    [
      41.918892,
      12.535605
    ],
    [
      41.918429,
      12.53886
    ],
    [
      41.915892,
      12.54101
    ],
    [
      41.915139,
      12.540323
    ],
    [
      41.915327,
      12.539758
    ],
    [
      41.916056,
      12.539487
    ],
    [
      41.916172,
      12.537323
    ],
    [
      41.914892,
      12.537222
    ],
    [
      41.914615,
      12.538047
    ],
    [
      41.913892,
      12.538467
    ],
    [
      41.913037,
      12.538178
    ],
    [
      41.912892,
      12.537381
    ],
    [
      41.910848,
      12.539323
    ],
    [
      41.910626,
      12.540323
    ],
    [
      41.911457,
      12.541323
    ],
    [
      41.910553,
      12.541985
    ],
    [
      41.90926,
      12.541955
    ],
    [
      41.909057,
      12.540489
    ],
    [
      41.909454,
      12.540323
    ],
    [
      41.909327,
      12.539888
    ],
    [
      41.908892,
      12.539255
    ],
    [
      41.908224,
      12.539655
    ],
    [
      41.907816,
      12.540323
    ],
    [
      41.908712,
      12.540503
    ],
    [
      41.908521,
      12.541952
    ],
    [
      41.906623,
      12.542323
    ],
    [
      41.906095,
      12.543323
    ],
    [
      41.906754,
      12.543461
    ],
    [
      41.906572,
      12.545004
    ],
    [
      41.905728,
      12.54516
    ],
    [
      41.904472,
      12.546323
    ],
    [
      41.904562,
      12.547653
    ],
    [
      41.904892,
      12.548078
    ],
    [
      41.905892,
      12.547867
    ],
    [
      41.906145,
      12.548576
    ],
    [
      41.904892,
      12.548413
    ],
    [
      41.904425,
      12.548857
    ],
    [
      41.903892,
      12.551048
    ],
    [
      41.902892,
      12.55106
    ],
    [
      41.902823,
      12.554323
    ],
    [
      41.903644,
      12.554571
    ],
    [
      41.904088,
      12.556323
    ],
    [
      41.903769,
      12.5602
    ],
    [
      41.903145,
      12.560323
    ],
    [
      41.903796,
      12.560419
    ],
    [
      41.905892,
      12.562684
    ],
    [
      41.906892,
      12.563048
    ],
    [
      41.906954,
      12.561323
    ],
    [
      41.906159,
      12.561056
    ],
    [
      41.90638,
      12.559811
    ],
    [
      41.910148,
      12.558579
    ],
    [
      41.911892,
      12.556816
    ],
    [
      41.912433,
      12.557323
    ],
    [
      41.911463,
      12.557895
    ],
    [
      41.911615,
      12.5586
    ],
    [
      41.913259,
      12.558956
    ],
    [
      41.914473,
      12.560323
    ],
    [
      41.913892,
      12.561033
    ],
    [
      41.911021,
      12.561323
    ],
    [
      41.910407,
      12.562323
    ],
    [
      41.910451,
      12.563323
    ],
    [
      41.911892,
      12.564811
    ],
    [
      41.913996,
      12.565219
    ],
    [
      41.914892,
      12.566018
    ],
    [
      41.915892,
      12.565857
    ],
    [
      41.916892,
      12.566725
    ],
    [
      41.917892,
      12.56578
    ],
    [
      41.918892,
      12.565919
    ],
    [
      41.920296,
      12.564728
    ],
    [
      41.921588,
      12.564323
    ],
    [
      41.921681,
      12.563323
    ],
    [
      41.922435,
      12.562323
    ],
    [
      41.920345,
      12.56187
    ],
    [
      41.920333,
      12.560764
    ],
    [
      41.921049,
      12.560323
    ],
    [
      41.920274,
      12.559323
    ],
    [
      41.920478,
      12.556909
    ],
    [
      41.921185,
      12.556616
    ],
    [
      41.921447,
      12.555879
