{
  "distance500": [
    [
      41.892957,
      12.528178
    ],
    [
      41.892408,
      12.527178
    ],
    [
      41.89166,
      12.526974
    ],
    [
      41.891456,
      12.524812
    ],
    [
      41.890456,
      12.52271
    ],
    [
      41.889456,
      12.522565
    ],
    [
      41.886341,
      12.526063
    ],
    [
      41.886062,
      12.527784
    ],
    [
      41.885327,
      12.528178
    ],
    [
      41.885251,
      12.529383
    ],
    [
      41.886165,
      12.531178
    ],
    [
      41.885836,
      12.532178
    ],
    [
      41.887456,
      12.534229
    ],
    [
      41.889665,
      12.533386
    ],
    [
      41.892957,
      12.528178
    ]
  ],
  "distance1000": [
    [
      41.896462,
      12.531178
    ],
    [
      41.896525,
      12.530178
    ],
    [
      41.895677,
      12.529957
    ],
    [
      41.895575,
      12.528059
    ],
    [
      41.894456,
      12.527934
    ],
    [
      41.893641,
      12.526993
    ],
    [
      41.892456,
      12.526848
    ],
    [
      41.891825,
      12.526178
    ],
    [
      41.891456,
      12.51743
    ],
    [
      41.890456,
      12.519492
    ],
    [
      41.889456,
      12.518692
    ],
    [
      41.886456,
      12.518906
    ],
    [
      41.885214,
      12.52142
    ],
    [
      41.885326,
      12.522308
    ],
    [
      41.886494,
      12.523178
    ],
    [
      41.886475,
      12.525178
    ],
    [
      41.885854,
      12.525576
    ],
    [
      41.885606,
      12.527328
    ],
    [
      41.883813,
      12.529536
    ],
    [
      41.882072,
      12.530178
    ],
    [
      41.88143,
      12.532178
    ],
    [
      41.882191,
      12.533178
    ],
    [
      41.882011,
      12.534178
    ],
    [
      41.882456,
      12.534981
    ],
    [
      41.884156,
      12.536178
    ],
    [
      41.884228,
      12.537406
    ],
    [
      41.88497,
      12.538664
    ],
    [
      41.886456,
      12.539384
    ],
    [
      41.887456,
      12.538541
    ],
    [
      41.888456,
      12.539801
    ],
    [
      41.889456,
      12.538418
    ],
    [
      41.892598,
      12.536178
    ],
    [
      41.89297,
      12.530692
    ],
    [
      41.894456,
      12.530256
    ],
    [
      41.895252,
      12.530382
    ],
    [
      41.895456,
      12.531322
    ],
    [
      41.896462,
      12.531178
    ]
  ],
  "distance1600": [
    [
      41.900544,
      12.534178
    ],
    [
      41.900041,
      12.533593
    ],
    [
      41.899493,
      12.531178
    ],
    [
      41.898781,
      12.530853
    ],
    [
      41.898533,
      12.530101
    ],
    [
      41.896068,
      12.529566
    ],
    [
      41.895756,
      12.527878
    ],
    [
      41.894456,
      12.527698
    ],
    [
      41.893787,
      12.526847
    ],
    [
      41.891999,
      12.526178
    ],
    [
      41.891823,
      12.517178
    ],
    [
      41.892456,
      12.516471
    ],
    [
      41.893015,
      12.516619
    ],
    [
      41.893355,
      12.517279
    ],
    [
      41.894243,
      12.517391
    ],
    [
      41.894456,
      12.518193
    ],
    [
      41.895329,
      12.518051
    ],
    [
      41.895451,
      12.517178
    ],
    [
      41.894438,
      12.513178
    ],
    [
      41.893689,
      12.512945
    ],
    [
      41.893456,
      12.511178
    ],
    [
      41.892456,
      12.510965
    ],
    [
      41.890456,
      12.511285
    ],
    [
      41.888865,
      12.512587
    ],
    [
      41.887456,
      12.512997
    ],
    [
      41.886456,
      12.511825
    ],
    [
      41.885456,
      12.511716
    ],
    [
      41.883456,
      12.515401
    ],
    [
      41.882581,
      12.516178
    ],
    [
      41.882737,
      12.517459
    ],
    [
      41.880884,
      12.518606
    ],
    [
      41.880432,
      12.520178
    ],
    [
      41.880879,
      12.521178
    ],
    [
      41.880621,
      12.523178
    ],
    [
      41.881237,
      12.523397
    ],
    [
      41.881456,
      12.525389
    ],
    [
      41.882289,
      12.526345
    ],
    [
      41.884456,
      12.526389
    ],
    [
      41.885168,
      12.527178
    ],
    [
      41.882456,
      12.529903
    ],
    [
      41.881709,
      12.529178
    ],
    [
      41.881632,
      12.527002
    ],
    [
      41.880535,
      12.526099
    ],
    [
      41.879456,
      12.526117
    ],
    [
      41.879537,
      12.527178
    ],
    [
      41.878581,
      12.528303
    ],
    [
      41.878267,
      12.529989
    ],
    [
      41.878641,
      12.531363
    ],
    [
      41.878,
      12.532178
    ],
    [
      41.878578,
      12.5333
    ],
    [
      41.877456,
      12.533178
    ],
    [
      41.876796,
      12.534178
    ],
    [
      41.878138,
      12.534496
    ],
    [
      41.87824,
      12.535962
    ],
    [
      41.877504,
      12.536178
    ],
    [
      41.878057,
      12.537577
    ],
    [
      41.879839,
      12.539795
    ],
    [
      41.880352,
      12.541282
    ],
    [
      41.881456,
      12.541465
    ],
    [
      41.882491,
      12.543178
    ],
    [
      41.883898,
      12.544178
    ],
    [
      41.886198,
      12.544436
    ],
    [
      41.886456,
      12.545903
    ],
    [
      41.886925,
      12.544647
    ],
    [
      41.888456,
      12.543422
    ],
    [
      41.88927,
      12.544178
    ],
    [
      41.889294,
      12.545016
    ],
    [
      41.88883,
      12.545178
    ],
    [
      41.889099,
      12.545535
    ],
    [
      41.891456,
      12.545229
    ],
    [
      41.892117,
      12.543839
    ],
    [
      41.89342,
      12.543142
    ],
    [
      41.89396,
      12.541682
    ],
    [
      41.893669,
      12.540178
    ],
    [
      41.892796,
      12.539178
    ],
    [
      41.893028,
      12.53875
    ],
    [
      41.896093,
      12.538178
    ],
    [
      41.896183,
      12.537178
    ],
    [
      41.892861,
      12.535178
    ],
    [
      41.893118,
      12.53084
    ],
    [
      41.894456,
      12.530585
    ],
    [
      41.895062,
      12.531178
    ],
    [
      41.895298,
      12.532336
    ],
    [
      41.896921,
      12.532713
    ],
    [
      41.897121,
      12.533843
    ],
    [
      41.896445,
      12.536189
    ],
    [
      41.897456,
      12.537125
    ],
    [
      41.898677,
      12.537178
    ],
    [
      41.900544,
      12.534178
    ]
  ]
}