{
  "distance500": [
    [
      41.88854,
      12.52821
    ],
    [
      41.88854,
      12.52821
    ],
    [
      41.88854,
      12.52821
    ],
    [
      41.88854,
      12.52821
    ],
    [
      41.88854,
      12.52821
    ],
    [
      41.88854,
      12.52821
    ],
    [
      41.88854,
      12.52821
    ],
    [
      41.88854,
      12.52821
    ],
    [
      41.88854,
      12.52821
    ],
    [
      41.88854,
      12.52821
    ],
    [
      41.88854,
      12.52821
    ],
    [
      41.88854,
      12.52821
    ],
    [
      41.88852,
      12.52763
    ],
    [
      41.88848,
      12.52762
    ],
    [
      41.88843,
      12.52762
    ],
    [
      41.88742,
      12.52572
    ],
    [
      41.8874,
      12.52576
    ],
    [
      41.88722,
      12.52608
    ],
    [
      41.88699,
      12.52651
    ],
    [
      41.88681,
      12.52682
    ],
    [
      41.88676,
      12.5269
    ],
    [
      41.88653,
      12.52734
    ],
    [
      41.88648,
      12.52746
    ],
    [
      41.88638,
      12.52766
    ],
    [
      41.88608,
      12.52818
    ],
    [
      41.88588,
      12.52851
    ],
    [
      41.88562,
      12.52892
    ],
    [
      41.88548,
      12.52913
    ],
    [
      41.88524,
      12.52949
    ],
    [
      41.88587,
      12.5296
    ],
    [
      41.88607,
      12.52984
    ],
    [
      41.88648,
      12.53031
    ],
    [
      41.88657,
      12.53079
    ],
    [
      41.88597,
      12.5318
    ],
    [
      41.88664,
      12.53171
    ],
    [
      41.88677,
      12.5328
    ],
    [
      41.88702,
      12.53318
    ],
    [
      41.88764,
      12.53238
    ],
    [
      41.88873,
      12.53188
    ],
    [
      41.88954,
      12.53249
    ],
    [
      41.88975,
      12.53247
    ],
    [
      41.89002,
      12.53093
    ],
    [
      41.89031,
      12.53088
    ],
    [
      41.89057,
      12.53083
    ],
    [
      41.88854,
      12.52821
    ],
    [
      41.88854,
      12.52821
    ],
    [
      41.88854,
      12.52821
    ],
    [
      41.88854,
      12.52821
    ],
    [
      41.88854,
      12.52821
    ],
    [
      41.88854,
      12.52821
    ]
  ],
  "distance1000": [
    [
      41.89131,
      12.52817
    ],
    [
      41.89122,
      12.52764
    ],
    [
      41.89115,
      12.52726
    ],
    [
      41.89104,
      12.52694
    ],
    [
      41.89102,
      12.52687
    ],
    [
      41.89094,
      12.52659
    ],
    [
      41.89099,
      12.5257
    ],
    [
      41.89065,
      12.52541
    ],
    [
      41.88981,
      12.5265
    ],
    [
      41.89036,
      12.52447
    ],
    [
      41.8901,
      12.52398
    ],
    [
      41.89012,
      12.52291
    ],
    [
      41.88852,
      12.52113
    ],
    [
      41.88756,
      12.52141
    ],
    [
      41.88751,
      12.52137
    ],
    [
      41.8877,
      12.52523
    ],
    [
      41.8874,
      12.52576
    ],
    [
      41.88722,
      12.52608
    ],
    [
      41.88699,
      12.52651
    ],
    [
      41.88681,
      12.52682
    ],
    [
      41.88676,
      12.5269
    ],
    [
      41.88653,
      12.52734
    ],
    [
      41.88648,
      12.52746
    ],
    [
      41.88638,
      12.52766
    ],
    [
      41.88608,
      12.52818
    ],
    [
      41.88588,
      12.52851
    ],
    [
      41.88562,
      12.52892
    ],
    [
      41.88548,
      12.52913
    ],
    [
      41.88494,
      12.52993
    ],
    [
      41.88464,
      12.53042
    ],
    [
      41.88369,
      12.53206
    ],
    [
      41.88237,
      12.53352
    ],
    [
      41.88274,
      12.53444
    ],
    [
      41.88389,
      12.53491
    ],
    [
      41.8842,
      12.53713
    ],
    [
      41.88496,
      12.53673
    ],
    [
      41.88646,
      12.53586
    ],
    [
      41.88738,
      12.53816
    ],
    [
      41.88909,
      12.53479
    ],
    [
      41.89,
      12.53462
    ],
    [
      41.89086,
      12.53553
    ],
    [
      41.89186,
      12.53426
    ],
    [
      41.89228,
      12.53499
    ],
    [
      41.89209,
      12.53285
    ],
    [
      41.89186,
      12.53127
    ],
    [
      41.88854,
      12.52821
    ],
    [
      41.88854,
      12.52821
    ],
    [
      41.88854,
      12.52821
    ],
    [
      41.8914,
      12.52874
    ],
    [
      41.89134,
      12.52839
    ]
  ],
  "distance1600": [
    [
      41.89268,
      12.52815
    ],
    [
      41.89148,
      12.52783
    ],
    [
      41.89184,
      12.52719
    ],
    [
      41.89123,
      12.52684
    ],
    [
      41.89125,
      12.52654
    ],
    [
      41.89106,
      12.52644
    ],
    [
      41.89102,
      12.5257
    ],
    [
      41.89065,
      12.52541
    ],
    [
      41.89057,
      12.52512
    ],
    [
      41.89036,
      12.52447
    ],
    [
      41.8901,
      12.52398
    ],
    [
      41.8907,
      12.52057
    ],
    [
      41.89112,
      12.51591
    ],
    [
      41.88694,
      12.51518
    ],
    [
      41.88621,
      12.51447
    ],
    [
      41.8853,
      12.51641
    ],
    [
      41.88378,
      12.51814
    ],
    [
      41.88353,
      12.51925
    ],
    [
      41.88336,
      12.52138
    ],
    [
      41.88252,
      12.5232
    ],
    [
      41.88433,
      12.52566
    ],
    [
      41.88653,
      12.52734
    ],
    [
      41.88648,
      12.52746
    ],
    [
      41.88638,
      12.52766
    ],
    [
      41.88608,
      12.52818
    ],
    [
      41.88588,
      12.52851
    ],
    [
      41.88562,
      12.52892
    ],
    [
      41.88317,
      12.53018
    ],
    [
      41.88281,
      12.53082
    ],
    [
      41.88259,
      12.53144
    ],
    [
      41.88362,
      12.53205
    ],
    [
      41.87864,
      12.53726
    ],
    [
      41.87941,
      12.53849
    ],
    [
      41.88009,
      12.53973
    ],
    [
      41.88057,
      12.54106
    ],
    [
      41.88329,
      12.54178
    ],
    [
      41.88393,
      12.5417
    ],
    [
      41.88772,
      12.54276
    ],
    [
      41.88927,
      12.54224
    ],
    [
      41.89127,
      12.53971
    ],
    [
      41.89263,
      12.54217
    ],
    [
      41.89233,
      12.53612
    ],
    [
      41.89247,
      12.53527
    ],
    [
      41.89229,
      12.53285
    ],
    [
      41.89252,
      12.532
    ],
    [
      41.8925,
      12.53051
    ],
    [
      41.89265,
      12.5303
    ],
    [
      41.89259,
      12.52979
    ],
    [
      41.89164,
      12.52897
    ],
    [
      41.89235,
      12.52852
    ]
  ]
}