{
  "distance500": [
    [
      41.879391,
      12.482706
    ],
    [
      41.879027,
      12.480706
    ],
    [
      41.879206,
      12.478706
    ],
    [
      41.878391,
      12.477994
    ],
    [
      41.87662,
      12.477706
    ],
    [
      41.877746,
      12.476773
    ],
    [
      41.877679,
      12.475598
    ],
    [
      41.876679,
      12.475334
    ],
    [
      41.876417,
      12.476445
    ],
    [
      41.874979,
      12.476407
    ],
    [
      41.874679,
      12.475283
    ],
    [
      41.873679,
      12.474773
    ],
    [
      41.87278,
      12.477807
    ],
    [
      41.871732,
      12.478706
    ],
    [
      41.872732,
      12.481706
    ],
    [
      41.872679,
      12.48294
    ],
    [
      41.875392,
      12.484993
    ],
    [
      41.876679,
      12.485419
    ],
    [
      41.879391,
      12.482706
    ]
  ],
  "distance1000": [
    [
      41.882702,
      12.485706
    ],
    [
      41.883343,
      12.483706
    ],
    [
      41.882508,
      12.482706
    ],
    [
      41.88315,
      12.481706
    ],
    [
      41.883465,
      12.478706
    ],
    [
      41.882676,
      12.477703
    ],
    [
      41.883379,
      12.476706
    ],
    [
      41.882922,
      12.475464
    ],
    [
      41.881568,
      12.474818
    ],
    [
      41.881307,
      12.473078
    ],
    [
      41.880305,
      12.47208
    ],
    [
      41.876679,
      12.470892
    ],
    [
      41.876427,
      12.472706
    ],
    [
      41.875679,
      12.473178
    ],
    [
      41.874679,
      12.471391
    ],
    [
      41.871209,
      12.472706
    ],
    [
      41.870683,
      12.47471
    ],
    [
      41.869489,
      12.475516
    ],
    [
      41.869686,
      12.476713
    ],
    [
      41.868679,
      12.477066
    ],
    [
      41.868501,
      12.478528
    ],
    [
      41.867709,
      12.478706
    ],
    [
      41.867452,
      12.479479
    ],
    [
      41.867679,
      12.480023
    ],
    [
      41.870221,
      12.480164
    ],
    [
      41.870382,
      12.48241
    ],
    [
      41.869667,
      12.482694
    ],
    [
      41.869679,
      12.483159
    ],
    [
      41.870679,
      12.48582
    ],
    [
      41.872352,
      12.486034
    ],
    [
      41.872608,
      12.487706
    ],
    [
      41.872542,
      12.48857
    ],
    [
      41.872163,
      12.488706
    ],
    [
      41.872679,
      12.489895
    ],
    [
      41.87466,
      12.489725
    ],
    [
      41.875679,
      12.490625
    ],
    [
      41.878679,
      12.490118
    ],
    [
      41.879252,
      12.489706
    ],
    [
      41.878771,
      12.489615
    ],
    [
      41.878897,
      12.487924
    ],
    [
      41.879679,
      12.487592
    ],
    [
      41.879884,
      12.486912
    ],
    [
      41.882567,
      12.486594
    ],
    [
      41.882702,
      12.485706
    ]
  ],
  "distance1600": [
    [
      41.887731,
      12.480706
    ],
    [
      41.887103,
      12.478706
    ],
    [
      41.88662,
      12.472706
    ],
    [
      41.8864,
      12.471706
    ],
    [
      41.885847,
      12.471538
    ],
    [
      41.885679,
      12.470228
    ],
    [
      41.883679,
      12.469559
    ],
    [
      41.882679,
      12.470251
    ],
    [
      41.879679,
      12.470897
    ],
    [
      41.879119,
      12.470267
    ],
    [
      41.877299,
      12.470087
    ],
    [
      41.876918,
      12.469706
    ],
    [
      41.877036,
      12.469063
    ],
    [
      41.877847,
      12.468539
    ],
    [
      41.875679,
      12.466053
    ],
    [
      41.873679,
      12.466789
    ],
    [
      41.872964,
      12.467991
    ],
    [
      41.872576,
      12.470706
    ],
    [
      41.872042,
      12.471706
    ],
    [
      41.869943,
      12.471971
    ],
    [
      41.869671,
      12.472698
    ],
    [
      41.868679,
      12.472548
    ],
    [
      41.86796,
      12.472425
    ],
    [
      41.867679,
      12.471016
    ],
    [
      41.866739,
      12.473766
    ],
    [
      41.866912,
      12.474706
    ],
    [
      41.86583,
      12.476857
    ],
    [
      41.864679,
      12.477605
    ],
    [
      41.862593,
      12.477706
    ],
    [
      41.862032,
      12.478706
    ],
    [
      41.864219,
      12.481166
    ],
    [
      41.864443,
      12.481942
    ],
    [
      41.866344,
      12.482706
    ],
    [
      41.865306,
      12.483706
    ],
    [
      41.865094,
      12.484706
    ],
    [
      41.867406,
      12.487706
    ],
    [
      41.867312,
      12.488706
    ],
    [
      41.868377,
      12.490706
    ],
    [
      41.870928,
      12.491457
    ],
    [
      41.87135,
      12.495377
    ],
    [
      41.870532,
      12.495706
    ],
    [
      41.871398,
      12.495988
    ],
    [
      41.871679,
      12.49662
    ],
    [
      41.872679,
      12.494992
    ],
    [
      41.873679,
      12.496075
    ],
    [
      41.874474,
      12.495501
    ],
    [
      41.874679,
      12.494726
    ],
    [
      41.875679,
      12.495336
    ],
    [
      41.875939,
      12.493966
    ],
    [
      41.877393,
      12.493992
    ],
    [
      41.877679,
      12.494979
    ],
    [
      41.879109,
      12.494706
    ],
    [
      41.878206,
      12.494179
    ],
    [
      41.877917,
      12.493468
    ],
    [
      41.878095,
      12.492122
    ],
    [
      41.878679,
      12.491536
    ],
    [
      41.879637,
      12.491748
    ],
    [
      41.879979,
      12.492706
    ],
    [
      41.879679,
      12.494219
    ],
    [
      41.880679,
      12.49482
    ],
    [
      41.882043,
      12.493706
    ],
    [
      41.882328,
      12.492355
    ],
    [
      41.886886,
      12.489913
    ],
    [
      41.886002,
      12.487706
    ],
    [
      41.887648,
      12.482737
    ],
    [
      41.886462,
      12.481706
    ],
    [
      41.887731,
      12.480706
    ]
  ]
}