{
  "distance500": [
    [
      41.87565,
      12.47974
    ],
    [
      41.87565,
      12.47974
    ],
    [
      41.87565,
      12.47974
    ],
    [
      41.87565,
      12.47974
    ],
    [
      41.87565,
      12.47974
    ],
    [
      41.87565,
      12.47974
    ],
    [
      41.87565,
      12.47974
    ],
    [
      41.87565,
      12.47974
    ],
    [
      41.87565,
      12.47974
    ],
    [
      41.87565,
      12.47974
    ],
    [
      41.87726,
      12.47605
    ],
    [
      41.8766,
      12.47637
    ],
    [
      41.87619,
      12.47663
    ],
    [
      41.8755,
      12.47734
    ],
    [
      41.8753,
      12.47747
    ],
    [
      41.87348,
      12.47489
    ],
    [
      41.87368,
      12.47538
    ],
    [
      41.8736,
      12.47604
    ],
    [
      41.87337,
      12.47712
    ],
    [
      41.87338,
      12.47772
    ],
    [
      41.87338,
      12.47832
    ],
    [
      41.87287,
      12.47852
    ],
    [
      41.87219,
      12.47877
    ],
    [
      41.87236,
      12.47894
    ],
    [
      41.87238,
      12.47945
    ],
    [
      41.87193,
      12.47997
    ],
    [
      41.87235,
      12.48027
    ],
    [
      41.87228,
      12.48064
    ],
    [
      41.87431,
      12.48036
    ],
    [
      41.87442,
      12.48038
    ],
    [
      41.87464,
      12.48041
    ],
    [
      41.87482,
      12.48044
    ],
    [
      41.875,
      12.48047
    ],
    [
      41.87512,
      12.48049
    ],
    [
      41.87516,
      12.4805
    ],
    [
      41.87529,
      12.48052
    ],
    [
      41.87433,
      12.48376
    ],
    [
      41.87552,
      12.48435
    ],
    [
      41.87624,
      12.48451
    ],
    [
      41.87654,
      12.48506
    ],
    [
      41.87705,
      12.4835
    ],
    [
      41.87739,
      12.48309
    ],
    [
      41.87764,
      12.48298
    ],
    [
      41.87876,
      12.4828
    ],
    [
      41.87726,
      12.48125
    ],
    [
      41.8772,
      12.48084
    ],
    [
      41.87745,
      12.48048
    ],
    [
      41.8776,
      12.48027
    ],
    [
      41.87773,
      12.4801
    ],
    [
      41.87565,
      12.47974
    ]
  ],
  "distance1000": [
    [
      41.88027,
      12.47967
    ],
    [
      41.87887,
      12.47908
    ],
    [
      41.88032,
      12.47808
    ],
    [
      41.88162,
      12.47713
    ],
    [
      41.88036,
      12.47691
    ],
    [
      41.88025,
      12.47608
    ],
    [
      41.88098,
      12.47415
    ],
    [
      41.88084,
      12.47296
    ],
    [
      41.88069,
      12.47278
    ],
    [
      41.87976,
      12.47275
    ],
    [
      41.87885,
      12.47221
    ],
    [
      41.87785,
      12.47178
    ],
    [
      41.877,
      12.47141
    ],
    [
      41.87465,
      12.47286
    ],
    [
      41.87433,
      12.47199
    ],
    [
      41.87331,
      12.47268
    ],
    [
      41.87202,
      12.47248
    ],
    [
      41.87143,
      12.47311
    ],
    [
      41.87131,
      12.47558
    ],
    [
      41.87005,
      12.47555
    ],
    [
      41.86993,
      12.47572
    ],
    [
      41.86978,
      12.47642
    ],
    [
      41.86839,
      12.47759
    ],
    [
      41.86867,
      12.4782
    ],
    [
      41.86747,
      12.47919
    ],
    [
      41.8704,
      12.48035
    ],
    [
      41.87039,
      12.48043
    ],
    [
      41.8703,
      12.48135
    ],
    [
      41.87023,
      12.48228
    ],
    [
      41.87028,
      12.48303
    ],
    [
      41.87105,
      12.48317
    ],
    [
      41.8703,
      12.48454
    ],
    [
      41.87061,
      12.48565
    ],
    [
      41.87326,
      12.48335
    ],
    [
      41.87283,
      12.48543
    ],
    [
      41.87334,
      12.48512
    ],
    [
      41.87281,
      12.48914
    ],
    [
      41.87565,
      12.49002
    ],
    [
      41.87685,
      12.48963
    ],
    [
      41.87724,
      12.48939
    ],
    [
      41.87892,
      12.48971
    ],
    [
      41.87954,
      12.4871
    ],
    [
      41.87974,
      12.48711
    ],
    [
      41.88222,
      12.48657
    ],
    [
      41.88113,
      12.48405
    ],
    [
      41.88256,
      12.48432
    ],
    [
      41.88076,
      12.48254
    ],
    [
      41.88015,
      12.48129
    ],
    [
      41.88073,
      12.48073
    ],
    [
      41.88024,
      12.48001
    ]
  ],
  "distance1600": [
    [
      41.88599,
      12.47947
    ],
    [
      41.88486,
      12.47822
    ],
    [
      41.884,
      12.47717
    ],
    [
      41.88342,
      12.47648
    ],
    [
      41.88296,
      12.47591
    ],
    [
      41.8823,
      12.47495
    ],
    [
      41.88185,
      12.47433
    ],
    [
      41.88084,
      12.47296
    ],
    [
      41.88046,
      12.47253
    ],
    [
      41.87954,
      12.47156
    ],
    [
      41.87878,
      12.47102
    ],
    [
      41.87794,
      12.47075
    ],
    [
      41.87511,
      12.46767
    ],
    [
      41.87426,
      12.46759
    ],
    [
      41.87264,
      12.46752
    ],
    [
      41.87019,
      12.46584
    ],
    [
      41.86957,
      12.46767
    ],
    [
      41.86977,
      12.47105
    ],
    [
      41.86888,
      12.47137
    ],
    [
      41.86894,
      12.47462
    ],
    [
      41.86786,
      12.47503
    ],
    [
      41.86686,
      12.47615
    ],
    [
      41.86838,
      12.47757
    ],
    [
      41.86227,
      12.47779
    ],
    [
      41.86254,
      12.47809
    ],
    [
      41.86501,
      12.48089
    ],
    [
      41.8655,
      12.48127
    ],
    [
      41.86724,
      12.48279
    ],
    [
      41.86492,
      12.48441
    ],
    [
      41.8667,
      12.4844
    ],
    [
      41.86712,
      12.48613
    ],
    [
      41.86734,
      12.4884
    ],
    [
      41.86734,
      12.48849
    ],
    [
      41.86813,
      12.49036
    ],
    [
      41.86932,
      12.49043
    ],
    [
      41.87209,
      12.48883
    ],
    [
      41.87129,
      12.49596
    ],
    [
      41.87359,
      12.49541
    ],
    [
      41.87664,
      12.493
    ],
    [
      41.87746,
      12.49172
    ],
    [
      41.88077,
      12.4943
    ],
    [
      41.88182,
      12.49338
    ],
    [
      41.88252,
      12.49182
    ],
    [
      41.88546,
      12.48968
    ],
    [
      41.88672,
      12.49017
    ],
    [
      41.88498,
      12.48558
    ],
    [
      41.88589,
      12.48415
    ],
    [
      41.88674,
      12.48284
    ],
    [
      41.88417,
      12.48141
    ],
    [
      41.88413,
      12.48003
    ]
  ]
}