{
  "distance500": [
    [
      41.90883,
      12.50936
    ],
    [
      41.90883,
      12.50936
    ],
    [
      41.90883,
      12.50936
    ],
    [
      41.90883,
      12.50936
    ],
    [
      41.90883,
      12.50936
    ],
    [
      41.90883,
      12.50936
    ],
    [
      41.90883,
      12.50936
    ],
    [
      41.90883,
      12.50936
    ],
    [
      41.90883,
      12.50936
    ],
    [
      41.90883,
      12.50936
    ],
    [
      41.90883,
      12.50936
    ],
    [
      41.90883,
      12.50936
    ],
    [
      41.9088,
      12.50877
    ],
    [
      41.90874,
      12.50873
    ],
    [
      41.90873,
      12.50873
    ],
    [
      41.90867,
      12.50876
    ],
    [
      41.90858,
      12.50881
    ],
    [
      41.90846,
      12.50887
    ],
    [
      41.90819,
      12.50871
    ],
    [
      41.90807,
      12.50878
    ],
    [
      41.90794,
      12.50885
    ],
    [
      41.90782,
      12.50891
    ],
    [
      41.90761,
      12.50902
    ],
    [
      41.90756,
      12.50904
    ],
    [
      41.90715,
      12.50926
    ],
    [
      41.90673,
      12.50948
    ],
    [
      41.90544,
      12.51014
    ],
    [
      41.90504,
      12.51061
    ],
    [
      41.90694,
      12.51009
    ],
    [
      41.90706,
      12.51036
    ],
    [
      41.90883,
      12.50936
    ],
    [
      41.90883,
      12.50936
    ],
    [
      41.90883,
      12.50936
    ],
    [
      41.90883,
      12.50936
    ],
    [
      41.90883,
      12.50936
    ],
    [
      41.90883,
      12.50936
    ],
    [
      41.90883,
      12.50936
    ],
    [
      41.90883,
      12.50936
    ],
    [
      41.90883,
      12.50936
    ],
    [
      41.90883,
      12.50936
    ],
    [
      41.90883,
      12.50936
    ],
    [
      41.90883,
      12.50936
    ],
    [
      41.90883,
      12.50936
    ],
    [
      41.90883,
      12.50936
    ],
    [
      41.90883,
      12.50936
    ],
    [
      41.90883,
      12.50936
    ],
    [
      41.90883,
      12.50936
    ],
    [
      41.90883,
      12.50936
    ],
    [
      41.90883,
      12.50936
    ],
    [
      41.90883,
      12.50936
    ]
  ],
  "distance1000": [
    [
      41.90947,
      12.50935
    ],
    [
      41.90943,
      12.50924
    ],
    [
      41.90942,
      12.50918
    ],
    [
      41.9094,
      12.50912
    ],
    [
      41.90937,
      12.50901
    ],
    [
      41.90935,
      12.50895
    ],
    [
      41.90932,
      12.50884
    ],
    [
      41.91079,
      12.50676
    ],
    [
      41.91115,
      12.50617
    ],
    [
      41.91074,
      12.50629
    ],
    [
      41.91029,
      12.50543
    ],
    [
      41.90987,
      12.50572
    ],
    [
      41.90862,
      12.50479
    ],
    [
      41.90831,
      12.50374
    ],
    [
      41.90792,
      12.50443
    ],
    [
      41.90849,
      12.50841
    ],
    [
      41.90835,
      12.50848
    ],
    [
      41.90822,
      12.50854
    ],
    [
      41.9081,
      12.50861
    ],
    [
      41.90793,
      12.50869
    ],
    [
      41.9078,
      12.50875
    ],
    [
      41.90298,
      12.50696
    ],
    [
      41.90271,
      12.50692
    ],
    [
      41.90303,
      12.508
    ],
    [
      41.90322,
      12.50935
    ],
    [
      41.90171,
      12.5102
    ],
    [
      41.90177,
      12.51036
    ],
    [
      41.90104,
      12.5121
    ],
    [
      41.90159,
      12.51216
    ],
    [
      41.90318,
      12.51273
    ],
    [
      41.90356,
      12.51356
    ],
    [
      41.90359,
      12.51355
    ],
    [
      41.90476,
      12.51434
    ],
    [
      41.90528,
      12.5148
    ],
    [
      41.90549,
      12.51548
    ],
    [
      41.90883,
      12.50936
    ],
    [
      41.90792,
      12.51279
    ],
    [
      41.90817,
      12.51248
    ],
    [
      41.90909,
      12.51152
    ],
    [
      41.90915,
      12.51145
    ],
    [
      41.90926,
      12.51111
    ],
    [
      41.91039,
      12.5127
    ],
    [
      41.91,
      12.51134
    ],
    [
      41.90981,
      12.51064
    ],
    [
      41.90968,
      12.51016
    ],
    [
      41.9096,
      12.50981
    ],
    [
      41.90958,
      12.50974
    ],
    [
      41.90955,
      12.50963
    ],
    [
      41.90951,
      12.50952
    ],
    [
      41.90948,
      12.5094
    ]
  ],
  "distance1600": [
    [
      41.91474,
      12.50934
    ],
    [
      41.91432,
      12.50861
    ],
    [
      41.91489,
      12.50709
    ],
    [
      41.91451,
      12.50664
    ],
    [
      41.91493,
      12.5061
    ],
    [
      41.91497,
      12.5049
    ],
    [
      41.91501,
      12.50413
    ],
    [
      41.91288,
      12.50404
    ],
    [
      41.91202,
      12.5051
    ],
    [
      41.91126,
      12.50397
    ],
    [
      41.91161,
      12.50153
    ],
    [
      41.91155,
      12.49867
    ],
    [
      41.91091,
      12.49772
    ],
    [
      41.90766,
      12.49891
    ],
    [
      41.90724,
      12.5
    ],
    [
      41.90537,
      12.49993
    ],
    [
      41.9057,
      12.50332
    ],
    [
      41.90367,
      12.50199
    ],
    [
      41.90256,
      12.50207
    ],
    [
      41.90152,
      12.50369
    ],
    [
      41.90093,
      12.50466
    ],
    [
      41.90024,
      12.5058
    ],
    [
      41.89894,
      12.50661
    ],
    [
      41.89897,
      12.50682
    ],
    [
      41.8984,
      12.50892
    ],
    [
      41.89818,
      12.51007
    ],
    [
      41.8988,
      12.51148
    ],
    [
      41.89756,
      12.51273
    ],
    [
      41.898,
      12.51355
    ],
    [
      41.89871,
      12.51491
    ],
    [
      41.89931,
      12.51607
    ],
    [
      41.89984,
      12.51709
    ],
    [
      41.9019,
      12.51837
    ],
    [
      41.90185,
      12.51904
    ],
    [
      41.90274,
      12.51934
    ],
    [
      41.90625,
      12.51667
    ],
    [
      41.90677,
      12.51742
    ],
    [
      41.90795,
      12.5208
    ],
    [
      41.9098,
      12.51954
    ],
    [
      41.91033,
      12.51813
    ],
    [
      41.9128,
      12.51821
    ],
    [
      41.9126,
      12.51655
    ],
    [
      41.9121,
      12.51495
    ],
    [
      41.91163,
      12.51303
    ],
    [
      41.91178,
      12.51156
    ],
    [
      41.91205,
      12.51123
    ],
    [
      41.91232,
      12.5109
    ],
    [
      41.91265,
      12.5105
    ],
    [
      41.91299,
      12.5101
    ],
    [
      41.91484,
      12.50948
    ]
  ]
}