{
  "distance500": [
    [
      41.911918,
      12.509339
    ],
    [
      41.911871,
      12.508192
    ],
    [
      41.910562,
      12.507339
    ],
    [
      41.910694,
      12.506339
    ],
    [
      41.908724,
      12.504486
    ],
    [
      41.908268,
      12.504883
    ],
    [
      41.908592,
      12.505471
    ],
    [
      41.908256,
      12.50787
    ],
    [
      41.906724,
      12.509024
    ],
    [
      41.905561,
      12.509176
    ],
    [
      41.904684,
      12.510339
    ],
    [
      41.906657,
      12.511339
    ],
    [
      41.905834,
      12.513339
    ],
    [
      41.90674,
      12.514324
    ],
    [
      41.908724,
      12.515196
    ],
    [
      41.910902,
      12.513516
    ],
    [
      41.910981,
      12.511339
    ],
    [
      41.911918,
      12.509339
    ]
  ],
  "distance1000": [
    [
      41.91573,
      12.507339
    ],
    [
      41.914238,
      12.506339
    ],
    [
      41.913281,
      12.504339
    ],
    [
      41.913167,
      12.502339
    ],
    [
      41.911101,
      12.500962
    ],
    [
      41.910396,
      12.499667
    ],
    [
      41.905724,
      12.499948
    ],
    [
      41.904966,
      12.501339
    ],
    [
      41.904571,
      12.505339
    ],
    [
      41.903766,
      12.506381
    ],
    [
      41.902724,
      12.506604
    ],
    [
      41.902032,
      12.507339
    ],
    [
      41.901863,
      12.509478
    ],
    [
      41.90054,
      12.512339
    ],
    [
      41.903081,
      12.514982
    ],
    [
      41.9031,
      12.517339
    ],
    [
      41.903571,
      12.518493
    ],
    [
      41.906653,
      12.51841
    ],
    [
      41.908724,
      12.520128
    ],
    [
      41.909724,
      12.520041
    ],
    [
      41.912929,
      12.518544
    ],
    [
      41.913463,
      12.517339
    ],
    [
      41.914531,
      12.516339
    ],
    [
      41.914098,
      12.514965
    ],
    [
      41.913396,
      12.514339
    ],
    [
      41.914496,
      12.513339
    ],
    [
      41.91543,
      12.511339
    ],
    [
      41.91573,
      12.507339
    ]
  ],
  "distance1600": [
    [
      41.920054,
      12.508339
    ],
    [
      41.919522,
      12.504339
    ],
    [
      41.918219,
      12.503339
    ],
    [
      41.917903,
      12.500339
    ],
    [
      41.916724,
      12.499964
    ],
    [
      41.916113,
      12.501727
    ],
    [
      41.915413,
      12.50165
    ],
    [
      41.915208,
      12.499856
    ],
    [
      41.914648,
      12.499263
    ],
    [
      41.915089,
      12.497339
    ],
    [
      41.911724,
      12.493065
    ],
    [
      41.910724,
      12.492641
    ],
    [
      41.908724,
      12.493035
    ],
    [
      41.906724,
      12.494394
    ],
    [
      41.904659,
      12.494274
    ],
    [
      41.902559,
      12.495173
    ],
    [
      41.902401,
      12.496662
    ],
    [
      41.902756,
      12.497371
    ],
    [
      41.901441,
      12.498055
    ],
    [
      41.901141,
      12.501339
    ],
    [
      41.899724,
      12.501983
    ],
    [
      41.898501,
      12.503339
    ],
    [
      41.899017,
      12.505339
    ],
    [
      41.898491,
      12.506339
    ],
    [
      41.898628,
      12.508339
    ],
    [
      41.898408,
      12.509023
    ],
    [
      41.897647,
      12.509262
    ],
    [
      41.897512,
      12.510127
    ],
    [
      41.896398,
      12.510339
    ],
    [
      41.896675,
      12.511339
    ],
    [
      41.896297,
      12.514339
    ],
    [
      41.896464,
      12.5166
    ],
    [
      41.896843,
      12.517221
    ],
    [
      41.899164,
      12.518339
    ],
    [
      41.899331,
      12.519339
    ],
    [
      41.898694,
      12.520339
    ],
    [
      41.899295,
      12.521768
    ],
    [
      41.901724,
      12.523377
    ],
    [
      41.906724,
      12.523409
    ],
    [
      41.907724,
      12.526127
    ],
    [
      41.908724,
      12.526677
    ],
    [
      41.911724,
      12.524637
    ],
    [
      41.915613,
      12.524228
    ],
    [
      41.91669,
      12.521305
    ],
    [
      41.919036,
      12.520339
    ],
    [
      41.919104,
      12.519339
    ],
    [
      41.91786,
      12.517339
    ],
    [
      41.917988,
      12.516603
    ],
    [
      41.919084,
      12.515339
    ],
    [
      41.919393,
      12.513339
    ],
    [
      41.919021,
      12.511339
    ],
    [
      41.920054,
      12.508339
    ]
  ]
}