{
  "distance500": [
    [
      41.88052,
      12.51589
    ],
    [
      41.88085,
      12.51549
    ],
    [
      41.88093,
      12.51539
    ],
    [
      41.87993,
      12.51539
    ],
    [
      41.87981,
      12.51521
    ],
    [
      41.87969,
      12.51503
    ],
    [
      41.88055,
      12.51355
    ],
    [
      41.88023,
      12.51346
    ],
    [
      41.88025,
      12.51262
    ],
    [
      41.88026,
      12.5126
    ],
    [
      41.8792,
      12.513
    ],
    [
      41.879,
      12.51292
    ],
    [
      41.8783,
      12.51453
    ],
    [
      41.87772,
      12.51452
    ],
    [
      41.87754,
      12.51452
    ],
    [
      41.87718,
      12.51451
    ],
    [
      41.877,
      12.51451
    ],
    [
      41.87668,
      12.51413
    ],
    [
      41.87501,
      12.51311
    ],
    [
      41.87529,
      12.51381
    ],
    [
      41.87552,
      12.51443
    ],
    [
      41.87453,
      12.5144
    ],
    [
      41.8747,
      12.51489
    ],
    [
      41.87489,
      12.51543
    ],
    [
      41.87504,
      12.51587
    ],
    [
      41.87386,
      12.5163
    ],
    [
      41.87347,
      12.5171
    ],
    [
      41.87414,
      12.5176
    ],
    [
      41.87416,
      12.51778
    ],
    [
      41.87547,
      12.51776
    ],
    [
      41.87477,
      12.51847
    ],
    [
      41.87556,
      12.51835
    ],
    [
      41.8756,
      12.51918
    ],
    [
      41.87562,
      12.51942
    ],
    [
      41.87599,
      12.51996
    ],
    [
      41.87624,
      12.52094
    ],
    [
      41.87643,
      12.52058
    ],
    [
      41.87708,
      12.51966
    ],
    [
      41.87801,
      12.51717
    ],
    [
      41.87805,
      12.517
    ],
    [
      41.87809,
      12.51683
    ],
    [
      41.87813,
      12.51664
    ],
    [
      41.87814,
      12.51659
    ],
    [
      41.87816,
      12.5165
    ],
    [
      41.87818,
      12.51644
    ],
    [
      41.87819,
      12.51639
    ],
    [
      41.8782,
      12.51634
    ],
    [
      41.88001,
      12.51676
    ],
    [
      41.87992,
      12.5166
    ],
    [
      41.88087,
      12.51647
    ]
  ],
  "distance1000": [
    [
      41.88441,
      12.51542
    ],
    [
      41.88492,
      12.51513
    ],
    [
      41.88384,
      12.51405
    ],
    [
      41.88421,
      12.51374
    ],
    [
      41.8833,
      12.51336
    ],
    [
      41.88391,
      12.51179
    ],
    [
      41.88321,
      12.51178
    ],
    [
      41.88149,
      12.51149
    ],
    [
      41.88261,
      12.50947
    ],
    [
      41.88196,
      12.50827
    ],
    [
      41.88157,
      12.50778
    ],
    [
      41.88049,
      12.50703
    ],
    [
      41.87848,
      12.50894
    ],
    [
      41.87705,
      12.51032
    ],
    [
      41.87639,
      12.50967
    ],
    [
      41.87445,
      12.50754
    ],
    [
      41.87429,
      12.5085
    ],
    [
      41.87313,
      12.50841
    ],
    [
      41.87279,
      12.50945
    ],
    [
      41.87277,
      12.51223
    ],
    [
      41.87166,
      12.51228
    ],
    [
      41.87139,
      12.51297
    ],
    [
      41.87144,
      12.5143
    ],
    [
      41.87096,
      12.51493
    ],
    [
      41.87076,
      12.51569
    ],
    [
      41.87014,
      12.51651
    ],
    [
      41.87121,
      12.51774
    ],
    [
      41.87022,
      12.51846
    ],
    [
      41.87022,
      12.51951
    ],
    [
      41.87033,
      12.5203
    ],
    [
      41.87144,
      12.52117
    ],
    [
      41.87132,
      12.52211
    ],
    [
      41.87282,
      12.52243
    ],
    [
      41.87415,
      12.52189
    ],
    [
      41.87294,
      12.52503
    ],
    [
      41.87436,
      12.52508
    ],
    [
      41.87507,
      12.52508
    ],
    [
      41.87616,
      12.52525
    ],
    [
      41.87895,
      12.5251
    ],
    [
      41.87913,
      12.52114
    ],
    [
      41.87972,
      12.52148
    ],
    [
      41.88011,
      12.521
    ],
    [
      41.88134,
      12.52198
    ],
    [
      41.88169,
      12.5201
    ],
    [
      41.88235,
      12.51988
    ],
    [
      41.88241,
      12.51876
    ],
    [
      41.88241,
      12.51871
    ],
    [
      41.88386,
      12.51778
    ],
    [
      41.88437,
      12.51728
    ],
    [
      41.88409,
      12.51677
    ]
  ],
  "distance1600": [
    [
      41.88719,
      12.51513
    ],
    [
      41.8862,
      12.51464
    ],
    [
      41.88545,
      12.51425
    ],
    [
      41.88726,
      12.51162
    ],
    [
      41.88694,
      12.51043
    ],
    [
      41.88664,
      12.50935
    ],
    [
      41.88836,
      12.50785
    ],
    [
      41.887,
      12.50643
    ],
    [
      41.88462,
      12.50634
    ],
    [
      41.88412,
      12.50606
    ],
    [
      41.88269,
      12.50361
    ],
    [
      41.88111,
      12.50351
    ],
    [
      41.88194,
      12.50009
    ],
    [
      41.87699,
      12.50143
    ],
    [
      41.8758,
      12.50248
    ],
    [
      41.87434,
      12.50361
    ],
    [
      41.8713,
      12.50298
    ],
    [
      41.87282,
      12.50818
    ],
    [
      41.87224,
      12.51058
    ],
    [
      41.8716,
      12.51059
    ],
    [
      41.8716,
      12.51179
    ],
    [
      41.87098,
      12.5132
    ],
    [
      41.86971,
      12.51377
    ],
    [
      41.86975,
      12.51409
    ],
    [
      41.86886,
      12.51585
    ],
    [
      41.86911,
      12.51709
    ],
    [
      41.86871,
      12.51796
    ],
    [
      41.87022,
      12.51846
    ],
    [
      41.87001,
      12.51931
    ],
    [
      41.86978,
      12.52126
    ],
    [
      41.86887,
      12.52294
    ],
    [
      41.86901,
      12.52482
    ],
    [
      41.86944,
      12.52733
    ],
    [
      41.86882,
      12.52963
    ],
    [
      41.86985,
      12.52882
    ],
    [
      41.87166,
      12.53138
    ],
    [
      41.87347,
      12.53062
    ],
    [
      41.87547,
      12.52824
    ],
    [
      41.87937,
      12.52774
    ],
    [
      41.88085,
      12.52788
    ],
    [
      41.8813,
      12.52878
    ],
    [
      41.88273,
      12.52581
    ],
    [
      41.88409,
      12.52576
    ],
    [
      41.88422,
      12.52421
    ],
    [
      41.88499,
      12.52209
    ],
    [
      41.88594,
      12.52174
    ],
    [
      41.88717,
      12.52102
    ],
    [
      41.887,
      12.51962
    ],
    [
      41.88853,
      12.51873
    ],
    [
      41.88744,
      12.51706
    ]
  ]
}