{
  "distance500": [
    [
      41.92253,
      12.563452
    ],
    [
      41.922558,
      12.561407
    ],
    [
      41.921513,
      12.561349
    ],
    [
      41.919873,
      12.560092
    ],
    [
      41.919513,
      12.558247
    ],
    [
      41.917574,
      12.559513
    ],
    [
      41.916721,
      12.562244
    ],
    [
      41.918023,
      12.562943
    ],
    [
      41.918194,
      12.564452
    ],
    [
      41.919513,
      12.565777
    ],
    [
      41.920159,
      12.565098
    ],
    [
      41.921859,
      12.564798
    ],
    [
      41.92253,
      12.563452
    ]
  ],
  "distance1000": [
    [
      41.924538,
      12.569452
    ],
    [
      41.925047,
      12.568452
    ],
    [
      41.925002,
      12.566964
    ],
    [
      41.924327,
      12.565452
    ],
    [
      41.924647,
      12.564452
    ],
    [
      41.923029,
      12.562936
    ],
    [
      41.922779,
      12.561186
    ],
    [
      41.921513,
      12.561071
    ],
    [
      41.919887,
      12.559452
    ],
    [
      41.92005,
      12.557989
    ],
    [
      41.920884,
      12.557452
    ],
    [
      41.920874,
      12.555452
    ],
    [
      41.919886,
      12.555079
    ],
    [
      41.919693,
      12.553631
    ],
    [
      41.920162,
      12.553452
    ],
    [
      41.919513,
      12.552183
    ],
    [
      41.918513,
      12.554338
    ],
    [
      41.917309,
      12.554452
    ],
    [
      41.916753,
      12.556692
    ],
    [
      41.916153,
      12.556813
    ],
    [
      41.915513,
      12.555919
    ],
    [
      41.915275,
      12.556214
    ],
    [
      41.913819,
      12.558452
    ],
    [
      41.914386,
      12.558579
    ],
    [
      41.914161,
      12.5611
    ],
    [
      41.912759,
      12.561452
    ],
    [
      41.91239,
      12.562452
    ],
    [
      41.914561,
      12.564452
    ],
    [
      41.918636,
      12.565329
    ],
    [
      41.91908,
      12.566452
    ],
    [
      41.918961,
      12.567452
    ],
    [
      41.922642,
      12.567323
    ],
    [
      41.923513,
      12.568852
    ],
    [
      41.924538,
      12.569452
    ]
  ],
  "distance1600": [
    [
      41.928923,
      12.570452
    ],
    [
      41.929151,
      12.567452
    ],
    [
      41.928369,
      12.565452
    ],
    [
      41.928891,
      12.564452
    ],
    [
      41.928647,
      12.563318
    ],
    [
      41.926032,
      12.561933
    ],
    [
      41.925513,
      12.560105
    ],
    [
      41.925256,
      12.563452
    ],
    [
      41.924513,
      12.564069
    ],
    [
      41.923303,
      12.562662
    ],
    [
      41.922986,
      12.560979
    ],
    [
      41.921513,
      12.560904
    ],
    [
      41.920058,
      12.559452
    ],
    [
      41.921489,
      12.557452
    ],
    [
      41.920983,
      12.556452
    ],
    [
      41.921513,
      12.555669
    ],
    [
      41.922381,
      12.556452
    ],
    [
      41.922443,
      12.557382
    ],
    [
      41.921927,
      12.557452
    ],
    [
      41.923408,
      12.557557
    ],
    [
      41.923513,
      12.558192
    ],
    [
      41.923696,
      12.556635
    ],
    [
      41.924373,
      12.556452
    ],
    [
      41.922797,
      12.556168
    ],
    [
      41.922908,
      12.554847
    ],
    [
      41.924091,
      12.554452
    ],
    [
      41.924211,
      12.553452
    ],
    [
      41.923704,
      12.553261
    ],
    [
      41.92354,
      12.552425
    ],
    [
      41.922597,
      12.552368
    ],
    [
      41.922819,
      12.549147
    ],
    [
      41.921616,
      12.546452
    ],
    [
      41.9203,
      12.546239
    ],
    [
      41.919863,
      12.547802
    ],
    [
      41.918652,
      12.548452
    ],
    [
      41.919177,
      12.548788
    ],
    [
      41.918996,
      12.549935
    ],
    [
      41.917954,
      12.550011
    ],
    [
      41.917588,
      12.548527
    ],
    [
      41.918006,
      12.548452
    ],
    [
      41.917513,
      12.547961
    ],
    [
      41.916733,
      12.549672
    ],
    [
      41.91344,
      12.551378
    ],
    [
      41.912653,
      12.552592
    ],
    [
      41.911513,
      12.551897
    ],
    [
      41.911305,
      12.552244
    ],
    [
      41.910375,
      12.554591
    ],
    [
      41.912109,
      12.554856
    ],
    [
      41.912148,
      12.556087
    ],
    [
      41.910638,
      12.556327
    ],
    [
      41.910513,
      12.555768
    ],
    [
      41.910175,
      12.557452
    ],
    [
      41.9106,
      12.557366
    ],
    [
      41.910647,
      12.556586
    ],
    [
      41.912189,
      12.556776
    ],
    [
      41.912422,
      12.558544
    ],
    [
      41.913913,
      12.559052
    ],
    [
      41.914064,
      12.560452
    ],
    [
      41.913513,
      12.561042
    ],
    [
      41.910513,
      12.561224
    ],
    [
      41.909513,
      12.562268
    ],
    [
      41.907604,
      12.562452
    ],
    [
      41.907669,
      12.563608
    ],
    [
      41.907246,
      12.564452
    ],
    [
      41.908513,
      12.565488
    ],
    [
      41.910982,
      12.566452
    ],
    [
      41.911513,
      12.568009
    ],
    [
      41.913713,
      12.568452
    ],
    [
      41.91403,
      12.570452
    ],
    [
      41.915853,
      12.572112
    ],
    [
      41.918164,
      12.571801
    ],
    [
      41.919513,
      12.572893
    ],
    [
      41.920092,
      12.572452
    ],
    [
      41.919601,
      12.572364
    ],
    [
      41.919604,
      12.571452
    ],
    [
      41.920513,
      12.570669
    ],
    [
      41.921231,
      12.570734
    ],
    [
      41.921437,
      12.572376
    ],
    [
      41.920985,
      12.572452
    ],
    [
      41.921693,
      12.572631
    ],
    [
      41.921778,
      12.570717
    ],
    [
      41.923064,
      12.570902
    ],
    [
      41.923183,
      12.572122
    ],
    [
      41.922764,
      12.572452
    ],
    [
      41.923083,
      12.574452
    ],
    [
      41.923513,
      12.575743
    ],
    [
      41.924513,
      12.576049
    ],
    [
      41.927284,
      12.575223
    ],
    [
      41.927607,
      12.574452
    ],
    [
      41.927159,
      12.572098
    ],
    [
      41.92848,
      12.571452
    ],
    [
      41.928923,
      12.570452
    ]
  ]
}