{
  "distance500": [
    [
      41.92224,
      12.56212
    ],
    [
      41.92188,
      12.56195
    ],
    [
      41.92099,
      12.56203
    ],
    [
      41.9208,
      12.56208
    ],
    [
      41.92078,
      12.56206
    ],
    [
      41.92077,
      12.56204
    ],
    [
      41.92076,
      12.56203
    ],
    [
      41.92072,
      12.56201
    ],
    [
      41.9207,
      12.562
    ],
    [
      41.92069,
      12.562
    ],
    [
      41.92065,
      12.56199
    ],
    [
      41.92063,
      12.56198
    ],
    [
      41.92054,
      12.55937
    ],
    [
      41.92031,
      12.56016
    ],
    [
      41.92027,
      12.56025
    ],
    [
      41.9194,
      12.55813
    ],
    [
      41.91875,
      12.55877
    ],
    [
      41.91929,
      12.55985
    ],
    [
      41.91915,
      12.56029
    ],
    [
      41.91896,
      12.56068
    ],
    [
      41.91882,
      12.56091
    ],
    [
      41.91713,
      12.56067
    ],
    [
      41.91717,
      12.56079
    ],
    [
      41.91734,
      12.56135
    ],
    [
      41.91725,
      12.56203
    ],
    [
      41.91657,
      12.56226
    ],
    [
      41.91768,
      12.56254
    ],
    [
      41.91976,
      12.56248
    ],
    [
      41.91976,
      12.56251
    ],
    [
      41.91976,
      12.56265
    ],
    [
      41.91977,
      12.5628
    ],
    [
      41.91978,
      12.56291
    ],
    [
      41.91978,
      12.56306
    ],
    [
      41.9198,
      12.56333
    ],
    [
      41.91995,
      12.56344
    ],
    [
      41.92003,
      12.56342
    ],
    [
      41.91994,
      12.56408
    ],
    [
      41.92066,
      12.56397
    ],
    [
      41.92084,
      12.56401
    ],
    [
      41.92094,
      12.56404
    ],
    [
      41.9212,
      12.56363
    ],
    [
      41.9212,
      12.56351
    ],
    [
      41.92118,
      12.56327
    ],
    [
      41.92114,
      12.56292
    ],
    [
      41.92228,
      12.5636
    ],
    [
      41.92228,
      12.56341
    ],
    [
      41.92226,
      12.56311
    ],
    [
      41.92225,
      12.56281
    ],
    [
      41.92225,
      12.56257
    ],
    [
      41.92224,
      12.56236
    ]
  ],
  "distance1000": [
    [
      41.92224,
      12.56209
    ],
    [
      41.92217,
      12.56195
    ],
    [
      41.9211,
      12.56204
    ],
    [
      41.92087,
      12.56203
    ],
    [
      41.92082,
      12.56203
    ],
    [
      41.92078,
      12.56202
    ],
    [
      41.92076,
      12.56203
    ],
    [
      41.92072,
      12.56201
    ],
    [
      41.9207,
      12.562
    ],
    [
      41.92069,
      12.562
    ],
    [
      41.92065,
      12.56199
    ],
    [
      41.92063,
      12.56198
    ],
    [
      41.92054,
      12.55937
    ],
    [
      41.91921,
      12.55241
    ],
    [
      41.91913,
      12.55262
    ],
    [
      41.91843,
      12.55431
    ],
    [
      41.91715,
      12.55513
    ],
    [
      41.91729,
      12.55766
    ],
    [
      41.91522,
      12.55572
    ],
    [
      41.91578,
      12.55762
    ],
    [
      41.91389,
      12.5578
    ],
    [
      41.91405,
      12.55865
    ],
    [
      41.91452,
      12.56
    ],
    [
      41.91379,
      12.56129
    ],
    [
      41.91266,
      12.56165
    ],
    [
      41.91619,
      12.56218
    ],
    [
      41.91667,
      12.56271
    ],
    [
      41.91703,
      12.56309
    ],
    [
      41.91751,
      12.56343
    ],
    [
      41.91776,
      12.56365
    ],
    [
      41.91802,
      12.56387
    ],
    [
      41.91844,
      12.56423
    ],
    [
      41.91855,
      12.56431
    ],
    [
      41.9189,
      12.56443
    ],
    [
      41.91926,
      12.56507
    ],
    [
      41.91864,
      12.56748
    ],
    [
      41.91874,
      12.56742
    ],
    [
      41.91947,
      12.56704
    ],
    [
      41.92093,
      12.5665
    ],
    [
      41.92159,
      12.56709
    ],
    [
      41.92209,
      12.56752
    ],
    [
      41.9212,
      12.56351
    ],
    [
      41.92118,
      12.56327
    ],
    [
      41.92114,
      12.56292
    ],
    [
      41.92229,
      12.5637
    ],
    [
      41.92228,
      12.56341
    ],
    [
      41.92226,
      12.56311
    ],
    [
      41.92226,
      12.56286
    ],
    [
      41.92225,
      12.56257
    ],
    [
      41.92224,
      12.56236
    ]
  ],
  "distance1600": [
    [
      41.92224,
      12.56209
    ],
    [
      41.92217,
      12.56195
    ],
    [
      41.9211,
      12.56204
    ],
    [
      41.92087,
      12.56203
    ],
    [
      41.92082,
      12.56203
    ],
    [
      41.92078,
      12.56202
    ],
    [
      41.92076,
      12.56203
    ],
    [
      41.92072,
      12.56201
    ],
    [
      41.92332,
      12.55819
    ],
    [
      41.92392,
      12.55559
    ],
    [
      41.92339,
      12.55571
    ],
    [
      41.92311,
      12.55253
    ],
    [
      41.92048,
      12.54649
    ],
    [
      41.91987,
      12.5485
    ],
    [
      41.9179,
      12.55
    ],
    [
      41.91762,
      12.55076
    ],
    [
      41.91598,
      12.55314
    ],
    [
      41.91408,
      12.5521
    ],
    [
      41.9115,
      12.55135
    ],
    [
      41.9106,
      12.55472
    ],
    [
      41.91055,
      12.55476
    ],
    [
      41.91294,
      12.55786
    ],
    [
      41.91447,
      12.55992
    ],
    [
      41.91379,
      12.56129
    ],
    [
      41.91004,
      12.56213
    ],
    [
      41.90969,
      12.5626
    ],
    [
      41.91118,
      12.56424
    ],
    [
      41.90992,
      12.56509
    ],
    [
      41.91214,
      12.56621
    ],
    [
      41.91518,
      12.56547
    ],
    [
      41.91531,
      12.56585
    ],
    [
      41.91378,
      12.56879
    ],
    [
      41.91376,
      12.57043
    ],
    [
      41.91525,
      12.56939
    ],
    [
      41.91695,
      12.56842
    ],
    [
      41.91818,
      12.56771
    ],
    [
      41.91874,
      12.56742
    ],
    [
      41.91947,
      12.56704
    ],
    [
      41.92093,
      12.5665
    ],
    [
      41.92258,
      12.57037
    ],
    [
      41.92511,
      12.57317
    ],
    [
      41.92552,
      12.57232
    ],
    [
      41.92599,
      12.57073
    ],
    [
      41.9252,
      12.56659
    ],
    [
      41.9256,
      12.56683
    ],
    [
      41.92487,
      12.56529
    ],
    [
      41.92226,
      12.56311
    ],
    [
      41.92226,
      12.56286
    ],
    [
      41.92225,
      12.56257
    ],
    [
      41.92224,
      12.56236
    ]
  ]
}