{
  "distance500": [
    [
      41.86428,
      12.54506
    ],
    [
      41.86429,
      12.545
    ],
    [
      41.86428,
      12.54494
    ],
    [
      41.86422,
      12.54485
    ],
    [
      41.86411,
      12.54481
    ],
    [
      41.86347,
      12.54514
    ],
    [
      41.86347,
      12.54514
    ],
    [
      41.86347,
      12.54514
    ],
    [
      41.86347,
      12.54514
    ],
    [
      41.86347,
      12.54514
    ],
    [
      41.86347,
      12.54514
    ],
    [
      41.86347,
      12.54514
    ],
    [
      41.86347,
      12.54514
    ],
    [
      41.86347,
      12.54514
    ],
    [
      41.86347,
      12.54514
    ],
    [
      41.86347,
      12.54514
    ],
    [
      41.86347,
      12.54514
    ],
    [
      41.86347,
      12.54514
    ],
    [
      41.86347,
      12.54514
    ],
    [
      41.86347,
      12.54514
    ],
    [
      41.86347,
      12.54514
    ],
    [
      41.86347,
      12.54514
    ],
    [
      41.86347,
      12.54514
    ],
    [
      41.86347,
      12.54514
    ],
    [
      41.86347,
      12.54514
    ],
    [
      41.86347,
      12.54514
    ],
    [
      41.86347,
      12.54514
    ],
    [
      41.86347,
      12.54514
    ],
    [
      41.86347,
      12.54514
    ],
    [
      41.86347,
      12.54514
    ],
    [
      41.86347,
      12.54514
    ],
    [
      41.86219,
      12.54645
    ],
    [
      41.86212,
      12.54683
    ],
    [
      41.86245,
      12.54668
    ],
    [
      41.8625,
      12.5467
    ],
    [
      41.86261,
      12.54753
    ],
    [
      41.86274,
      12.54758
    ],
    [
      41.86294,
      12.54739
    ],
    [
      41.86379,
      12.54726
    ],
    [
      41.86381,
      12.54724
    ],
    [
      41.86395,
      12.54703
    ],
    [
      41.86407,
      12.54645
    ],
    [
      41.8641,
      12.54627
    ],
    [
      41.86414,
      12.54601
    ],
    [
      41.86418,
      12.54577
    ],
    [
      41.8642,
      12.54565
    ],
    [
      41.86421,
      12.54553
    ],
    [
      41.86423,
      12.54542
    ],
    [
      41.86424,
      12.54533
    ],
    [
      41.86427,
      12.54515
    ]
  ],
  "distance1000": [
    [
      41.865,
      12.54498
    ],
    [
      41.86507,
      12.54476
    ],
    [
      41.86515,
      12.54454
    ],
    [
      41.86528,
      12.54423
    ],
    [
      41.8653,
      12.5442
    ],
    [
      41.86467,
      12.54427
    ],
    [
      41.86466,
      12.54395
    ],
    [
      41.86466,
      12.54388
    ],
    [
      41.86347,
      12.54514
    ],
    [
      41.86347,
      12.54514
    ],
    [
      41.86347,
      12.54514
    ],
    [
      41.86347,
      12.54514
    ],
    [
      41.86347,
      12.54514
    ],
    [
      41.86347,
      12.54514
    ],
    [
      41.86347,
      12.54514
    ],
    [
      41.86347,
      12.54514
    ],
    [
      41.86347,
      12.54514
    ],
    [
      41.86347,
      12.54514
    ],
    [
      41.86347,
      12.54514
    ],
    [
      41.86347,
      12.54514
    ],
    [
      41.86347,
      12.54514
    ],
    [
      41.86347,
      12.54514
    ],
    [
      41.86347,
      12.54514
    ],
    [
      41.86347,
      12.54514
    ],
    [
      41.86347,
      12.54514
    ],
    [
      41.86347,
      12.54514
    ],
    [
      41.86347,
      12.54514
    ],
    [
      41.86347,
      12.54514
    ],
    [
      41.85998,
      12.5467
    ],
    [
      41.8601,
      12.5473
    ],
    [
      41.8602,
      12.54773
    ],
    [
      41.85976,
      12.54904
    ],
    [
      41.85933,
      12.55016
    ],
    [
      41.8598,
      12.55059
    ],
    [
      41.86003,
      12.55062
    ],
    [
      41.86106,
      12.55171
    ],
    [
      41.86193,
      12.55049
    ],
    [
      41.86224,
      12.55213
    ],
    [
      41.86397,
      12.55005
    ],
    [
      41.86442,
      12.55136
    ],
    [
      41.86511,
      12.55111
    ],
    [
      41.86492,
      12.54789
    ],
    [
      41.86551,
      12.54824
    ],
    [
      41.86665,
      12.54848
    ],
    [
      41.86581,
      12.5472
    ],
    [
      41.86647,
      12.54694
    ],
    [
      41.86664,
      12.54661
    ],
    [
      41.86612,
      12.54617
    ],
    [
      41.86488,
      12.54537
    ],
    [
      41.86495,
      12.54515
    ]
  ],
  "distance1600": [
    [
      41.87119,
      12.54506
    ],
    [
      41.866,
      12.54478
    ],
    [
      41.86589,
      12.54452
    ],
    [
      41.86576,
      12.54427
    ],
    [
      41.86558,
      12.54392
    ],
    [
      41.86917,
      12.54085
    ],
    [
      41.8684,
      12.54015
    ],
    [
      41.86839,
      12.53932
    ],
    [
      41.86643,
      12.54069
    ],
    [
      41.86676,
      12.5391
    ],
    [
      41.86557,
      12.53973
    ],
    [
      41.86449,
      12.54194
    ],
    [
      41.86425,
      12.54167
    ],
    [
      41.86347,
      12.54514
    ],
    [
      41.86347,
      12.54514
    ],
    [
      41.86347,
      12.54514
    ],
    [
      41.86347,
      12.54514
    ],
    [
      41.86347,
      12.54514
    ],
    [
      41.86347,
      12.54514
    ],
    [
      41.86347,
      12.54514
    ],
    [
      41.86347,
      12.54514
    ],
    [
      41.86347,
      12.54514
    ],
    [
      41.86347,
      12.54514
    ],
    [
      41.86347,
      12.54514
    ],
    [
      41.86347,
      12.54514
    ],
    [
      41.86347,
      12.54514
    ],
    [
      41.86347,
      12.54514
    ],
    [
      41.86347,
      12.54514
    ],
    [
      41.85998,
      12.5467
    ],
    [
      41.85682,
      12.54939
    ],
    [
      41.85587,
      12.55036
    ],
    [
      41.85506,
      12.55236
    ],
    [
      41.85695,
      12.55347
    ],
    [
      41.85758,
      12.55363
    ],
    [
      41.85803,
      12.55683
    ],
    [
      41.85809,
      12.55736
    ],
    [
      41.85911,
      12.55803
    ],
    [
      41.86045,
      12.55774
    ],
    [
      41.86471,
      12.55674
    ],
    [
      41.86606,
      12.55584
    ],
    [
      41.86628,
      12.55557
    ],
    [
      41.86649,
      12.55182
    ],
    [
      41.8668,
      12.55109
    ],
    [
      41.86861,
      12.55024
    ],
    [
      41.86935,
      12.54994
    ],
    [
      41.87017,
      12.54945
    ],
    [
      41.86856,
      12.54781
    ],
    [
      41.86993,
      12.54738
    ],
    [
      41.87109,
      12.54634
    ],
    [
      41.87198,
      12.54613
    ]
  ]
}