{
  "distance500": [
    [
      41.91551,
      12.53698
    ],
    [
      41.91551,
      12.53698
    ],
    [
      41.91551,
      12.53698
    ],
    [
      41.91551,
      12.53698
    ],
    [
      41.91551,
      12.53698
    ],
    [
      41.91551,
      12.53698
    ],
    [
      41.91551,
      12.53698
    ],
    [
      41.91551,
      12.53698
    ],
    [
      41.91551,
      12.53698
    ],
    [
      41.91551,
      12.53698
    ],
    [
      41.91551,
      12.53698
    ],
    [
      41.91551,
      12.53698
    ],
    [
      41.91551,
      12.53698
    ],
    [
      41.91551,
      12.53698
    ],
    [
      41.91551,
      12.53698
    ],
    [
      41.91551,
      12.53698
    ],
    [
      41.91551,
      12.53698
    ],
    [
      41.91551,
      12.53698
    ],
    [
      41.91551,
      12.53698
    ],
    [
      41.91551,
      12.53698
    ],
    [
      41.91551,
      12.53698
    ],
    [
      41.91551,
      12.53698
    ],
    [
      41.91551,
      12.53698
    ],
    [
      41.91551,
      12.53698
    ],
    [
      41.91551,
      12.53698
    ],
    [
      41.91551,
      12.53698
    ],
    [
      41.91551,
      12.53698
    ],
    [
      41.91551,
      12.53698
    ],
    [
      41.91551,
      12.53698
    ],
    [
      41.91551,
      12.53698
    ],
    [
      41.91551,
      12.53698
    ],
    [
      41.91551,
      12.53698
    ],
    [
      41.91287,
      12.53993
    ],
    [
      41.91341,
      12.53998
    ],
    [
      41.9136,
      12.54001
    ],
    [
      41.91417,
      12.54038
    ],
    [
      41.91463,
      12.54034
    ],
    [
      41.91558,
      12.5417
    ],
    [
      41.91551,
      12.53698
    ],
    [
      41.91551,
      12.53698
    ],
    [
      41.91551,
      12.53698
    ],
    [
      41.91551,
      12.53698
    ],
    [
      41.91551,
      12.53698
    ],
    [
      41.91551,
      12.53698
    ],
    [
      41.91551,
      12.53698
    ],
    [
      41.91551,
      12.53698
    ],
    [
      41.91551,
      12.53698
    ],
    [
      41.91551,
      12.53698
    ],
    [
      41.91551,
      12.53698
    ],
    [
      41.91551,
      12.53698
    ]
  ],
  "distance1000": [
    [
      41.91551,
      12.53698
    ],
    [
      41.91551,
      12.53698
    ],
    [
      41.91551,
      12.53698
    ],
    [
      41.91551,
      12.53698
    ],
    [
      41.91551,
      12.53698
    ],
    [
      41.91551,
      12.53698
    ],
    [
      41.91551,
      12.53698
    ],
    [
      41.91551,
      12.53698
    ],
    [
      41.91551,
      12.53698
    ],
    [
      41.91551,
      12.53698
    ],
    [
      41.91551,
      12.53698
    ],
    [
      41.91551,
      12.53698
    ],
    [
      41.91551,
      12.53698
    ],
    [
      41.91551,
      12.53698
    ],
    [
      41.91551,
      12.53698
    ],
    [
      41.91551,
      12.53698
    ],
    [
      41.91551,
      12.53698
    ],
    [
      41.91551,
      12.53698
    ],
    [
      41.91551,
      12.53698
    ],
    [
      41.91236,
      12.53461
    ],
    [
      41.91294,
      12.5351
    ],
    [
      41.91292,
      12.53553
    ],
    [
      41.91244,
      12.53604
    ],
    [
      41.91135,
      12.53598
    ],
    [
      41.91088,
      12.53678
    ],
    [
      41.9094,
      12.53744
    ],
    [
      41.90952,
      12.53818
    ],
    [
      41.90952,
      12.53894
    ],
    [
      41.90945,
      12.53977
    ],
    [
      41.91011,
      12.54028
    ],
    [
      41.91019,
      12.54049
    ],
    [
      41.91006,
      12.54236
    ],
    [
      41.9105,
      12.54261
    ],
    [
      41.91132,
      12.54296
    ],
    [
      41.91192,
      12.54441
    ],
    [
      41.91243,
      12.54408
    ],
    [
      41.91352,
      12.54452
    ],
    [
      41.91379,
      12.54531
    ],
    [
      41.91601,
      12.54617
    ],
    [
      41.91743,
      12.54598
    ],
    [
      41.91766,
      12.54551
    ],
    [
      41.91886,
      12.54434
    ],
    [
      41.91937,
      12.54318
    ],
    [
      41.91826,
      12.54015
    ],
    [
      41.91598,
      12.53743
    ],
    [
      41.91551,
      12.53698
    ],
    [
      41.91551,
      12.53698
    ],
    [
      41.91551,
      12.53698
    ],
    [
      41.91551,
      12.53698
    ],
    [
      41.91551,
      12.53698
    ]
  ],
  "distance1600": [
    [
      41.92094,
      12.5368
    ],
    [
      41.92154,
      12.5358
    ],
    [
      41.92093,
      12.53512
    ],
    [
      41.92076,
      12.5349
    ],
    [
      41.91992,
      12.53413
    ],
    [
      41.92036,
      12.53353
    ],
    [
      41.9202,
      12.5332
    ],
    [
      41.91551,
      12.53698
    ],
    [
      41.91551,
      12.53698
    ],
    [
      41.91551,
      12.53698
    ],
    [
      41.91551,
      12.53698
    ],
    [
      41.91551,
      12.53698
    ],
    [
      41.91551,
      12.53698
    ],
    [
      41.91551,
      12.53698
    ],
    [
      41.91551,
      12.53698
    ],
    [
      41.91551,
      12.53698
    ],
    [
      41.91551,
      12.53698
    ],
    [
      41.91551,
      12.53698
    ],
    [
      41.91551,
      12.53698
    ],
    [
      41.90842,
      12.53089
    ],
    [
      41.90831,
      12.53174
    ],
    [
      41.90829,
      12.53296
    ],
    [
      41.90725,
      12.53462
    ],
    [
      41.90755,
      12.53503
    ],
    [
      41.90841,
      12.53616
    ],
    [
      41.9056,
      12.53761
    ],
    [
      41.90541,
      12.53888
    ],
    [
      41.90524,
      12.5401
    ],
    [
      41.90658,
      12.54098
    ],
    [
      41.90725,
      12.5413
    ],
    [
      41.90853,
      12.54223
    ],
    [
      41.90617,
      12.54567
    ],
    [
      41.90825,
      12.54577
    ],
    [
      41.9083,
      12.54708
    ],
    [
      41.90887,
      12.54721
    ],
    [
      41.91201,
      12.54619
    ],
    [
      41.91241,
      12.54844
    ],
    [
      41.91353,
      12.55254
    ],
    [
      41.91695,
      12.54807
    ],
    [
      41.91785,
      12.54738
    ],
    [
      41.91933,
      12.5499
    ],
    [
      41.92222,
      12.54981
    ],
    [
      41.9224,
      12.54939
    ],
    [
      41.9238,
      12.54652
    ],
    [
      41.92088,
      12.54111
    ],
    [
      41.92123,
      12.54079
    ],
    [
      41.92173,
      12.54022
    ],
    [
      41.92134,
      12.53864
    ],
    [
      41.92164,
      12.53793
    ],
    [
      41.92111,
      12.53763
    ]
  ]
}