{
  "distance500": [
    [
      41.88219,
      12.51131
    ],
    [
      41.88219,
      12.51131
    ],
    [
      41.88219,
      12.51131
    ],
    [
      41.88219,
      12.51131
    ],
    [
      41.88219,
      12.51131
    ],
    [
      41.88219,
      12.51131
    ],
    [
      41.88219,
      12.51131
    ],
    [
      41.88219,
      12.51131
    ],
    [
      41.88219,
      12.51131
    ],
    [
      41.88219,
      12.51131
    ],
    [
      41.88219,
      12.51131
    ],
    [
      41.88219,
      12.51131
    ],
    [
      41.88229,
      12.50899
    ],
    [
      41.88196,
      12.50827
    ],
    [
      41.88155,
      12.50814
    ],
    [
      41.88043,
      12.50741
    ],
    [
      41.88039,
      12.50776
    ],
    [
      41.88039,
      12.50814
    ],
    [
      41.8812,
      12.51003
    ],
    [
      41.88125,
      12.51043
    ],
    [
      41.8813,
      12.51066
    ],
    [
      41.88133,
      12.51084
    ],
    [
      41.88135,
      12.51101
    ],
    [
      41.88137,
      12.51113
    ],
    [
      41.88138,
      12.51125
    ],
    [
      41.8814,
      12.51137
    ],
    [
      41.88142,
      12.51149
    ],
    [
      41.88142,
      12.51155
    ],
    [
      41.88143,
      12.51167
    ],
    [
      41.88144,
      12.51179
    ],
    [
      41.88145,
      12.5119
    ],
    [
      41.88147,
      12.51202
    ],
    [
      41.88101,
      12.51265
    ],
    [
      41.88124,
      12.51258
    ],
    [
      41.88154,
      12.51275
    ],
    [
      41.88158,
      12.51304
    ],
    [
      41.88161,
      12.51318
    ],
    [
      41.88219,
      12.51131
    ],
    [
      41.88219,
      12.51131
    ],
    [
      41.88219,
      12.51131
    ],
    [
      41.88219,
      12.51131
    ],
    [
      41.88219,
      12.51131
    ],
    [
      41.88219,
      12.51131
    ],
    [
      41.88219,
      12.51131
    ],
    [
      41.88219,
      12.51131
    ],
    [
      41.88219,
      12.51131
    ],
    [
      41.88219,
      12.51131
    ],
    [
      41.88219,
      12.51131
    ],
    [
      41.88219,
      12.51131
    ],
    [
      41.88219,
      12.51131
    ]
  ],
  "distance1000": [
    [
      41.88512,
      12.51121
    ],
    [
      41.88541,
      12.51072
    ],
    [
      41.8855,
      12.51015
    ],
    [
      41.88561,
      12.50975
    ],
    [
      41.88531,
      12.50971
    ],
    [
      41.8848,
      12.50942
    ],
    [
      41.88462,
      12.50935
    ],
    [
      41.88419,
      12.50918
    ],
    [
      41.88382,
      12.50904
    ],
    [
      41.8835,
      12.5089
    ],
    [
      41.88401,
      12.50618
    ],
    [
      41.88386,
      12.50617
    ],
    [
      41.88225,
      12.50275
    ],
    [
      41.88152,
      12.50157
    ],
    [
      41.88054,
      12.5026
    ],
    [
      41.8798,
      12.50313
    ],
    [
      41.87873,
      12.50422
    ],
    [
      41.87908,
      12.5064
    ],
    [
      41.87802,
      12.50622
    ],
    [
      41.87773,
      12.5077
    ],
    [
      41.87708,
      12.50818
    ],
    [
      41.8772,
      12.50915
    ],
    [
      41.87992,
      12.51047
    ],
    [
      41.8806,
      12.51109
    ],
    [
      41.87907,
      12.5111
    ],
    [
      41.87929,
      12.51166
    ],
    [
      41.87994,
      12.51183
    ],
    [
      41.87957,
      12.51226
    ],
    [
      41.87982,
      12.51236
    ],
    [
      41.88024,
      12.51256
    ],
    [
      41.88025,
      12.51262
    ],
    [
      41.88004,
      12.51337
    ],
    [
      41.87978,
      12.51452
    ],
    [
      41.87893,
      12.51631
    ],
    [
      41.87888,
      12.5175
    ],
    [
      41.87975,
      12.51682
    ],
    [
      41.88045,
      12.51774
    ],
    [
      41.88179,
      12.51826
    ],
    [
      41.88287,
      12.51628
    ],
    [
      41.88335,
      12.51733
    ],
    [
      41.88347,
      12.51463
    ],
    [
      41.88408,
      12.51483
    ],
    [
      41.88421,
      12.51488
    ],
    [
      41.88322,
      12.51263
    ],
    [
      41.88349,
      12.51229
    ],
    [
      41.88342,
      12.51202
    ],
    [
      41.88352,
      12.51189
    ],
    [
      41.88365,
      12.51173
    ],
    [
      41.88517,
      12.51191
    ],
    [
      41.88527,
      12.51145
    ]
  ],
  "distance1600": [
    [
      41.88811,
      12.51079
    ],
    [
      41.88793,
      12.51014
    ],
    [
      41.88769,
      12.50925
    ],
    [
      41.88858,
      12.50878
    ],
    [
      41.89042,
      12.50663
    ],
    [
      41.8865,
      12.50789
    ],
    [
      41.88693,
      12.50656
    ],
    [
      41.88799,
      12.5042
    ],
    [
      41.88722,
      12.50373
    ],
    [
      41.88711,
      12.50213
    ],
    [
      41.88683,
      12.50094
    ],
    [
      41.88587,
      12.50055
    ],
    [
      41.88193,
      12.49776
    ],
    [
      41.88006,
      12.49629
    ],
    [
      41.87986,
      12.50029
    ],
    [
      41.87904,
      12.50111
    ],
    [
      41.87701,
      12.5014
    ],
    [
      41.8758,
      12.50248
    ],
    [
      41.87432,
      12.50359
    ],
    [
      41.87532,
      12.50483
    ],
    [
      41.87249,
      12.50462
    ],
    [
      41.87361,
      12.50741
    ],
    [
      41.87403,
      12.50803
    ],
    [
      41.87396,
      12.5097
    ],
    [
      41.87387,
      12.51089
    ],
    [
      41.87286,
      12.51218
    ],
    [
      41.8747,
      12.5124
    ],
    [
      41.87482,
      12.51321
    ],
    [
      41.87549,
      12.51435
    ],
    [
      41.87491,
      12.5155
    ],
    [
      41.87436,
      12.51691
    ],
    [
      41.8754,
      12.51837
    ],
    [
      41.87474,
      12.52101
    ],
    [
      41.87568,
      12.52111
    ],
    [
      41.87501,
      12.52252
    ],
    [
      41.87842,
      12.52164
    ],
    [
      41.87825,
      12.5237
    ],
    [
      41.87972,
      12.52335
    ],
    [
      41.88279,
      12.52319
    ],
    [
      41.88476,
      12.5222
    ],
    [
      41.88499,
      12.52209
    ],
    [
      41.88682,
      12.52042
    ],
    [
      41.88706,
      12.52007
    ],
    [
      41.88793,
      12.51817
    ],
    [
      41.88706,
      12.51555
    ],
    [
      41.88861,
      12.51539
    ],
    [
      41.88914,
      12.51519
    ],
    [
      41.88766,
      12.51305
    ],
    [
      41.88861,
      12.51235
    ],
    [
      41.88839,
      12.51175
    ]
  ]
}