{
  "distance500": [
    [
      41.886258,
      12.509277
    ],
    [
      41.885914,
      12.508277
    ],
    [
      41.884167,
      12.506854
    ],
    [
      41.882167,
      12.506595
    ],
    [
      41.880141,
      12.507251
    ],
    [
      41.878311,
      12.510421
    ],
    [
      41.878167,
      12.51159
    ],
    [
      41.87847,
      12.512277
    ],
    [
      41.879038,
      12.512405
    ],
    [
      41.879167,
      12.513604
    ],
    [
      41.880009,
      12.514277
    ],
    [
      41.879756,
      12.515277
    ],
    [
      41.880134,
      12.516309
    ],
    [
      41.881167,
      12.515853
    ],
    [
      41.882167,
      12.516737
    ],
    [
      41.883167,
      12.516558
    ],
    [
      41.884167,
      12.515938
    ],
    [
      41.884915,
      12.514025
    ],
    [
      41.885769,
      12.513277
    ],
    [
      41.886258,
      12.509277
    ]
  ],
  "distance1000": [
    [
      41.890182,
      12.507277
    ],
    [
      41.889145,
      12.505277
    ],
    [
      41.887167,
      12.503387
    ],
    [
      41.885167,
      12.50403
    ],
    [
      41.884754,
      12.505864
    ],
    [
      41.883691,
      12.505753
    ],
    [
      41.883442,
      12.503552
    ],
    [
      41.884525,
      12.503277
    ],
    [
      41.883167,
      12.501585
    ],
    [
      41.882167,
      12.501121
    ],
    [
      41.881167,
      12.501334
    ],
    [
      41.87687,
      12.50398
    ],
    [
      41.875977,
      12.507087
    ],
    [
      41.874712,
      12.508822
    ],
    [
      41.874145,
      12.511299
    ],
    [
      41.876135,
      12.512309
    ],
    [
      41.876585,
      12.510695
    ],
    [
      41.877622,
      12.510821
    ],
    [
      41.877849,
      12.512277
    ],
    [
      41.878811,
      12.513277
    ],
    [
      41.878167,
      12.514023
    ],
    [
      41.876773,
      12.514277
    ],
    [
      41.876994,
      12.51745
    ],
    [
      41.877879,
      12.519277
    ],
    [
      41.879167,
      12.519457
    ],
    [
      41.879943,
      12.521501
    ],
    [
      41.882167,
      12.521735
    ],
    [
      41.883927,
      12.521037
    ],
    [
      41.886167,
      12.519159
    ],
    [
      41.887167,
      12.519076
    ],
    [
      41.887733,
      12.518277
    ],
    [
      41.887773,
      12.516277
    ],
    [
      41.888898,
      12.514277
    ],
    [
      41.888497,
      12.512947
    ],
    [
      41.888798,
      12.511277
    ],
    [
      41.888312,
      12.511131
    ],
    [
      41.888412,
      12.509522
    ],
    [
      41.889112,
      12.509277
    ],
    [
      41.890182,
      12.507277
    ]
  ],
  "distance1600": [
    [
      41.894268,
      12.510277
    ],
    [
      41.895007,
      12.506277
    ],
    [
      41.894459,
      12.502984
    ],
    [
      41.893044,
      12.5024
    ],
    [
      41.892592,
      12.501277
    ],
    [
      41.891167,
      12.500691
    ],
    [
      41.890846,
      12.499277
    ],
    [
      41.889167,
      12.496537
    ],
    [
      41.888085,
      12.497277
    ],
    [
      41.887821,
      12.498931
    ],
    [
      41.887167,
      12.499121
    ],
    [
      41.886516,
      12.498927
    ],
    [
      41.8863,
      12.498277
    ],
    [
      41.886264,
      12.497374
    ],
    [
      41.886602,
      12.497277
    ],
    [
      41.885167,
      12.496856
    ],
    [
      41.884167,
      12.497649
    ],
    [
      41.883802,
      12.496912
    ],
    [
      41.884511,
      12.496277
    ],
    [
      41.882313,
      12.49613
    ],
    [
      41.882167,
      12.495489
    ],
    [
      41.880284,
      12.496394
    ],
    [
      41.880045,
      12.497277
    ],
    [
      41.880957,
      12.497487
    ],
    [
      41.881044,
      12.498277
    ],
    [
      41.879643,
      12.499753
    ],
    [
      41.87843,
      12.500013
    ],
    [
      41.878167,
      12.498494
    ],
    [
      41.876021,
      12.500131
    ],
    [
      41.875096,
      12.500206
    ],
    [
      41.874899,
      12.501009
    ],
    [
      41.873313,
      12.50113
    ],
    [
      41.873167,
      12.500504
    ],
    [
      41.872924,
      12.502034
    ],
    [
      41.871167,
      12.50302
    ],
    [
      41.871463,
      12.504981
    ],
    [
      41.870984,
      12.50646
    ],
    [
      41.873167,
      12.506512
    ],
    [
      41.873853,
      12.507277
    ],
    [
      41.872167,
      12.508298
    ],
    [
      41.871167,
      12.50802
    ],
    [
      41.869891,
      12.509277
    ],
    [
      41.86948,
      12.510277
    ],
    [
      41.870502,
      12.512277
    ],
    [
      41.869364,
      12.513277
    ],
    [
      41.869426,
      12.514018
    ],
    [
      41.870427,
      12.515017
    ],
    [
      41.871429,
      12.517015
    ],
    [
      41.873374,
      12.518277
    ],
    [
      41.873498,
      12.519608
    ],
    [
      41.873081,
      12.520362
    ],
    [
      41.873771,
      12.523673
    ],
    [
      41.875602,
      12.524841
    ],
    [
      41.876021,
      12.526422
    ],
    [
      41.877167,
      12.526799
    ],
    [
      41.880167,
      12.52654
    ],
    [
      41.880407,
      12.526277
    ],
    [
      41.879251,
      12.526193
    ],
    [
      41.879372,
      12.524277
    ],
    [
      41.880167,
      12.523568
    ],
    [
      41.880902,
      12.524277
    ],
    [
      41.880879,
      12.525564
    ],
    [
      41.881593,
      12.526277
    ],
    [
      41.886167,
      12.526346
    ],
    [
      41.887167,
      12.525081
    ],
    [
      41.890167,
      12.524194
    ],
    [
      41.890335,
      12.522277
    ],
    [
      41.889431,
      12.522013
    ],
    [
      41.889299,
      12.521277
    ],
    [
      41.88952,
      12.52063
    ],
    [
      41.890798,
      12.519908
    ],
    [
      41.891512,
      12.516622
    ],
    [
      41.893123,
      12.516277
    ],
    [
      41.893258,
      12.513186
    ],
    [
      41.892681,
      12.512277
    ],
    [
      41.89313,
      12.51124
    ],
    [
      41.894268,
      12.510277
    ]
  ]
}