{
  "distance500": [
    [
      41.928902,
      12.576416
    ],
    [
      41.928269,
      12.572416
    ],
    [
      41.928894,
      12.570416
    ],
    [
      41.928471,
      12.568652
    ],
    [
      41.927708,
      12.568259
    ],
    [
      41.925708,
      12.568789
    ],
    [
      41.924708,
      12.56716
    ],
    [
      41.923708,
      12.567327
    ],
    [
      41.922708,
      12.568275
    ],
    [
      41.922541,
      12.57025
    ],
    [
      41.921779,
      12.570416
    ],
    [
      41.923363,
      12.570761
    ],
    [
      41.92334,
      12.574416
    ],
    [
      41.923708,
      12.574997
    ],
    [
      41.924708,
      12.575243
    ],
    [
      41.92509,
      12.577034
    ],
    [
      41.925708,
      12.577726
    ],
    [
      41.926713,
      12.577422
    ],
    [
      41.926853,
      12.576561
    ],
    [
      41.928902,
      12.576416
    ]
  ],
  "distance1000": [
    [
      41.932714,
      12.578416
    ],
    [
      41.930905,
      12.578219
    ],
    [
      41.930708,
      12.573511
    ],
    [
      41.930379,
      12.575088
    ],
    [
      41.929708,
      12.57517
    ],
    [
      41.929061,
      12.574416
    ],
    [
      41.930683,
      12.573416
    ],
    [
      41.930494,
      12.572416
    ],
    [
      41.93232,
      12.569416
    ],
    [
      41.931719,
      12.564405
    ],
    [
      41.930708,
      12.563922
    ],
    [
      41.929708,
      12.56528
    ],
    [
      41.928708,
      12.563271
    ],
    [
      41.926708,
      12.56311
    ],
    [
      41.925708,
      12.562475
    ],
    [
      41.925346,
      12.564054
    ],
    [
      41.924023,
      12.564101
    ],
    [
      41.923752,
      12.563372
    ],
    [
      41.922869,
      12.563255
    ],
    [
      41.922708,
      12.562512
    ],
    [
      41.921708,
      12.563171
    ],
    [
      41.920708,
      12.562865
    ],
    [
      41.920449,
      12.564157
    ],
    [
      41.919116,
      12.564824
    ],
    [
      41.918835,
      12.565416
    ],
    [
      41.919146,
      12.566416
    ],
    [
      41.918441,
      12.567416
    ],
    [
      41.918174,
      12.569416
    ],
    [
      41.921414,
      12.572416
    ],
    [
      41.921375,
      12.573416
    ],
    [
      41.922158,
      12.573966
    ],
    [
      41.922547,
      12.575416
    ],
    [
      41.923436,
      12.576416
    ],
    [
      41.923547,
      12.578577
    ],
    [
      41.925708,
      12.578722
    ],
    [
      41.927708,
      12.576772
    ],
    [
      41.929501,
      12.578416
    ],
    [
      41.929706,
      12.580418
    ],
    [
      41.931708,
      12.580576
    ],
    [
      41.932567,
      12.579416
    ],
    [
      41.932714,
      12.578416
    ]
  ],
  "distance1600": [
    [
      41.937019,
      12.570416
    ],
    [
      41.936524,
      12.567416
    ],
    [
      41.935242,
      12.566416
    ],
    [
      41.936347,
      12.565416
    ],
    [
      41.935708,
      12.564843
    ],
    [
      41.935556,
      12.565265
    ],
    [
      41.934708,
      12.565251
    ],
    [
      41.93398,
      12.564416
    ],
    [
      41.934708,
      12.563613
    ],
    [
      41.93629,
      12.563416
    ],
    [
      41.936525,
      12.561599
    ],
    [
      41.935408,
      12.560716
    ],
    [
      41.934763,
      12.559361
    ],
    [
      41.933415,
      12.559416
    ],
    [
      41.932708,
      12.557808
    ],
    [
      41.932612,
      12.558321
    ],
    [
      41.930688,
      12.558397
    ],
    [
      41.930513,
      12.559221
    ],
    [
      41.928866,
      12.559258
    ],
    [
      41.928708,
      12.558856
    ],
    [
      41.927708,
      12.559276
    ],
    [
      41.926888,
      12.558416
    ],
    [
      41.926946,
      12.557655
    ],
    [
      41.92822,
      12.557416
    ],
    [
      41.927708,
      12.557055
    ],
    [
      41.926628,
      12.557336
    ],
    [
      41.926359,
      12.558068
    ],
    [
      41.924708,
      12.55918
    ],
    [
      41.923913,
      12.558416
    ],
    [
      41.923868,
      12.556577
    ],
    [
      41.924384,
      12.556416
    ],
    [
      41.922708,
      12.556341
    ],
    [
      41.922841,
      12.557416
    ],
    [
      41.923437,
      12.557687
    ],
    [
      41.923454,
      12.559416
    ],
    [
      41.922509,
      12.560218
    ],
    [
      41.922146,
      12.561854
    ],
    [
      41.921262,
      12.561862
    ],
    [
      41.92083,
      12.560294
    ],
    [
      41.920104,
      12.560019
    ],
    [
      41.919708,
      12.557713
    ],
    [
      41.917708,
      12.558765
    ],
    [
      41.916708,
      12.560514
    ],
    [
      41.914708,
      12.560216
    ],
    [
      41.914647,
      12.561355
    ],
    [
      41.91436,
      12.561416
    ],
    [
      41.915019,
      12.563416
    ],
    [
      41.914489,
      12.564416
    ],
    [
      41.915755,
      12.565416
    ],
    [
      41.915046,
      12.565754
    ],
    [
      41.913652,
      12.568416
    ],
    [
      41.913403,
      12.570416
    ],
    [
      41.914397,
      12.571727
    ],
    [
      41.914708,
      12.573368
    ],
    [
      41.916708,
      12.573212
    ],
    [
      41.917708,
      12.572565
    ],
    [
      41.919708,
      12.574132
    ],
    [
      41.921708,
      12.57427
    ],
    [
      41.921921,
      12.575416
    ],
    [
      41.923214,
      12.576416
    ],
    [
      41.923229,
      12.578416
    ],
    [
      41.923708,
      12.578895
    ],
    [
      41.925708,
      12.578926
    ],
    [
      41.927398,
      12.577106
    ],
    [
      41.928025,
      12.577099
    ],
    [
      41.929245,
      12.578416
    ],
    [
      41.929457,
      12.580667
    ],
    [
      41.932451,
      12.583416
    ],
    [
      41.932303,
      12.584011
    ],
    [
      41.930631,
      12.584493
    ],
    [
      41.931092,
      12.586416
    ],
    [
      41.932708,
      12.587617
    ],
    [
      41.934658,
      12.584416
    ],
    [
      41.934903,
      12.583416
    ],
    [
      41.934496,
      12.582416
    ],
    [
      41.935277,
      12.580985
    ],
    [
      41.935975,
      12.580683
    ],
    [
      41.936082,
      12.579416
    ],
    [
      41.933708,
      12.579107
    ],
    [
      41.932943,
      12.578181
    ],
    [
      41.931291,
      12.577833
    ],
    [
      41.931079,
      12.573416
    ],
    [
      41.932021,
      12.572416
    ],
    [
      41.932147,
      12.570416
    ],
    [
      41.932708,
      12.56975
    ],
    [
      41.934207,
      12.569916
    ],
    [
      41.934708,
      12.570598
    ],
    [
      41.937019,
      12.570416
    ]
  ]
}