{
  "distance500": [
    [
      41.92759,
      12.57234
    ],
    [
      41.92643,
      12.57238
    ],
    [
      41.92568,
      12.57249
    ],
    [
      41.92568,
      12.57249
    ],
    [
      41.92568,
      12.57249
    ],
    [
      41.92568,
      12.57249
    ],
    [
      41.92568,
      12.57249
    ],
    [
      41.92568,
      12.57249
    ],
    [
      41.92568,
      12.57249
    ],
    [
      41.92568,
      12.57249
    ],
    [
      41.92568,
      12.57249
    ],
    [
      41.92568,
      12.57249
    ],
    [
      41.92568,
      12.57249
    ],
    [
      41.92568,
      12.57249
    ],
    [
      41.92568,
      12.57249
    ],
    [
      41.92568,
      12.57249
    ],
    [
      41.92568,
      12.57249
    ],
    [
      41.92568,
      12.57249
    ],
    [
      41.92568,
      12.57249
    ],
    [
      41.92568,
      12.57249
    ],
    [
      41.92568,
      12.57249
    ],
    [
      41.92568,
      12.57249
    ],
    [
      41.92568,
      12.57249
    ],
    [
      41.92568,
      12.57249
    ],
    [
      41.92568,
      12.57249
    ],
    [
      41.92568,
      12.57249
    ],
    [
      41.92568,
      12.57249
    ],
    [
      41.92568,
      12.57249
    ],
    [
      41.92568,
      12.57249
    ],
    [
      41.92568,
      12.57249
    ],
    [
      41.92568,
      12.57249
    ],
    [
      41.92568,
      12.57249
    ],
    [
      41.92568,
      12.57249
    ],
    [
      41.92538,
      12.57294
    ],
    [
      41.92542,
      12.57303
    ],
    [
      41.92544,
      12.57308
    ],
    [
      41.92548,
      12.57315
    ],
    [
      41.9257,
      12.57353
    ],
    [
      41.92584,
      12.57368
    ],
    [
      41.92587,
      12.57372
    ],
    [
      41.92713,
      12.57589
    ],
    [
      41.92714,
      12.5757
    ],
    [
      41.92785,
      12.57572
    ],
    [
      41.92694,
      12.57385
    ],
    [
      41.92711,
      12.57355
    ],
    [
      41.92718,
      12.57348
    ],
    [
      41.92723,
      12.57337
    ],
    [
      41.92741,
      12.57295
    ],
    [
      41.92748,
      12.57273
    ],
    [
      41.92755,
      12.57251
    ]
  ],
  "distance1000": [
    [
      41.92759,
      12.57234
    ],
    [
      41.92643,
      12.57238
    ],
    [
      41.92568,
      12.57249
    ],
    [
      41.92568,
      12.57249
    ],
    [
      41.92568,
      12.57249
    ],
    [
      41.92568,
      12.57249
    ],
    [
      41.92568,
      12.57249
    ],
    [
      41.9274,
      12.57037
    ],
    [
      41.92714,
      12.57037
    ],
    [
      41.92725,
      12.56976
    ],
    [
      41.92645,
      12.57057
    ],
    [
      41.92633,
      12.57063
    ],
    [
      41.92581,
      12.56952
    ],
    [
      41.92529,
      12.56974
    ],
    [
      41.92501,
      12.56975
    ],
    [
      41.92387,
      12.56746
    ],
    [
      41.92405,
      12.56897
    ],
    [
      41.92395,
      12.56943
    ],
    [
      41.92443,
      12.57083
    ],
    [
      41.92473,
      12.57166
    ],
    [
      41.9251,
      12.57213
    ],
    [
      41.92513,
      12.57218
    ],
    [
      41.92517,
      12.57228
    ],
    [
      41.9252,
      12.57237
    ],
    [
      41.92522,
      12.57244
    ],
    [
      41.92523,
      12.57249
    ],
    [
      41.92525,
      12.57255
    ],
    [
      41.92527,
      12.57259
    ],
    [
      41.92528,
      12.57265
    ],
    [
      41.9253,
      12.5727
    ],
    [
      41.92532,
      12.57276
    ],
    [
      41.92534,
      12.57281
    ],
    [
      41.92535,
      12.57287
    ],
    [
      41.92537,
      12.57293
    ],
    [
      41.92542,
      12.57303
    ],
    [
      41.92544,
      12.57308
    ],
    [
      41.92548,
      12.57315
    ],
    [
      41.9257,
      12.57353
    ],
    [
      41.9261,
      12.57612
    ],
    [
      41.92661,
      12.57676
    ],
    [
      41.92698,
      12.57706
    ],
    [
      41.92921,
      12.57929
    ],
    [
      41.93053,
      12.57902
    ],
    [
      41.93142,
      12.57919
    ],
    [
      41.92711,
      12.57355
    ],
    [
      41.92718,
      12.57348
    ],
    [
      41.92723,
      12.57337
    ],
    [
      41.92741,
      12.57295
    ],
    [
      41.92748,
      12.57273
    ],
    [
      41.92755,
      12.57251
    ]
  ],
  "distance1600": [
    [
      41.9316,
      12.57221
    ],
    [
      41.93136,
      12.5717
    ],
    [
      41.931,
      12.57103
    ],
    [
      41.93136,
      12.57003
    ],
    [
      41.93162,
      12.56898
    ],
    [
      41.9318,
      12.56831
    ],
    [
      41.93102,
      12.56727
    ],
    [
      41.93126,
      12.56515
    ],
    [
      41.93087,
      12.56463
    ],
    [
      41.93027,
      12.56503
    ],
    [
      41.92897,
      12.56484
    ],
    [
      41.92817,
      12.56433
    ],
    [
      41.92659,
      12.56344
    ],
    [
      41.92495,
      12.56511
    ],
    [
      41.92457,
      12.56608
    ],
    [
      41.92099,
      12.56203
    ],
    [
      41.92068,
      12.562
    ],
    [
      41.91981,
      12.56415
    ],
    [
      41.91949,
      12.56431
    ],
    [
      41.92262,
      12.56974
    ],
    [
      41.92203,
      12.57037
    ],
    [
      41.92137,
      12.57055
    ],
    [
      41.92093,
      12.57066
    ],
    [
      41.92364,
      12.57207
    ],
    [
      41.92365,
      12.57225
    ],
    [
      41.92274,
      12.57274
    ],
    [
      41.92291,
      12.57293
    ],
    [
      41.92308,
      12.57313
    ],
    [
      41.92255,
      12.57373
    ],
    [
      41.92353,
      12.57362
    ],
    [
      41.923,
      12.57456
    ],
    [
      41.92307,
      12.5747
    ],
    [
      41.92321,
      12.57528
    ],
    [
      41.92335,
      12.57603
    ],
    [
      41.92335,
      12.57629
    ],
    [
      41.92413,
      12.57689
    ],
    [
      41.92446,
      12.57604
    ],
    [
      41.92499,
      12.57642
    ],
    [
      41.9261,
      12.57612
    ],
    [
      41.92661,
      12.57676
    ],
    [
      41.92698,
      12.57706
    ],
    [
      41.93255,
      12.58623
    ],
    [
      41.93326,
      12.58489
    ],
    [
      41.93335,
      12.58088
    ],
    [
      41.93501,
      12.57973
    ],
    [
      41.93115,
      12.57564
    ],
    [
      41.93116,
      12.57556
    ],
    [
      41.93131,
      12.57476
    ],
    [
      41.93088,
      12.57381
    ],
    [
      41.93115,
      12.57275
    ]
  ]
}