{
  "distance500": [
    [
      41.90476,
      12.49337
    ],
    [
      41.90512,
      12.49304
    ],
    [
      41.90525,
      12.49266
    ],
    [
      41.90534,
      12.49235
    ],
    [
      41.90477,
      12.49232
    ],
    [
      41.90471,
      12.49203
    ],
    [
      41.9046,
      12.4917
    ],
    [
      41.90455,
      12.49154
    ],
    [
      41.90335,
      12.4927
    ],
    [
      41.90323,
      12.49253
    ],
    [
      41.90317,
      12.49244
    ],
    [
      41.90308,
      12.49231
    ],
    [
      41.90293,
      12.49036
    ],
    [
      41.90258,
      12.49058
    ],
    [
      41.90188,
      12.48995
    ],
    [
      41.9014,
      12.48993
    ],
    [
      41.90167,
      12.49125
    ],
    [
      41.90156,
      12.49145
    ],
    [
      41.90167,
      12.49219
    ],
    [
      41.90148,
      12.49244
    ],
    [
      41.89966,
      12.4916
    ],
    [
      41.89994,
      12.49204
    ],
    [
      41.90034,
      12.49265
    ],
    [
      41.90027,
      12.4932
    ],
    [
      41.90039,
      12.49355
    ],
    [
      41.89953,
      12.49381
    ],
    [
      41.90005,
      12.49413
    ],
    [
      41.89973,
      12.49473
    ],
    [
      41.90059,
      12.49453
    ],
    [
      41.9,
      12.49536
    ],
    [
      41.89959,
      12.49594
    ],
    [
      41.90039,
      12.49598
    ],
    [
      41.90178,
      12.49483
    ],
    [
      41.90184,
      12.49492
    ],
    [
      41.90192,
      12.49504
    ],
    [
      41.90204,
      12.49522
    ],
    [
      41.90247,
      12.49461
    ],
    [
      41.90256,
      12.49599
    ],
    [
      41.90304,
      12.49582
    ],
    [
      41.90311,
      12.49576
    ],
    [
      41.90329,
      12.49557
    ],
    [
      41.90363,
      12.49525
    ],
    [
      41.90443,
      12.49646
    ],
    [
      41.9038,
      12.49497
    ],
    [
      41.904,
      12.49473
    ],
    [
      41.90422,
      12.49447
    ],
    [
      41.90416,
      12.49439
    ],
    [
      41.90441,
      12.49408
    ],
    [
      41.90445,
      12.49396
    ],
    [
      41.9047,
      12.49362
    ]
  ],
  "distance1000": [
    [
      41.90885,
      12.49338
    ],
    [
      41.90818,
      12.49288
    ],
    [
      41.90793,
      12.49194
    ],
    [
      41.90779,
      12.49143
    ],
    [
      41.90754,
      12.49053
    ],
    [
      41.90875,
      12.4888
    ],
    [
      41.90835,
      12.4891
    ],
    [
      41.90607,
      12.48956
    ],
    [
      41.90517,
      12.48996
    ],
    [
      41.90497,
      12.48972
    ],
    [
      41.90494,
      12.48812
    ],
    [
      41.90457,
      12.48838
    ],
    [
      41.90407,
      12.48799
    ],
    [
      41.9024,
      12.48937
    ],
    [
      41.90197,
      12.48984
    ],
    [
      41.90066,
      12.48889
    ],
    [
      41.89921,
      12.48698
    ],
    [
      41.89785,
      12.48679
    ],
    [
      41.89667,
      12.48709
    ],
    [
      41.89784,
      12.48956
    ],
    [
      41.89678,
      12.48997
    ],
    [
      41.8961,
      12.49024
    ],
    [
      41.8986,
      12.49249
    ],
    [
      41.89633,
      12.49247
    ],
    [
      41.89662,
      12.49339
    ],
    [
      41.89627,
      12.49366
    ],
    [
      41.89623,
      12.49484
    ],
    [
      41.89664,
      12.49527
    ],
    [
      41.89637,
      12.49652
    ],
    [
      41.89676,
      12.49704
    ],
    [
      41.89735,
      12.49789
    ],
    [
      41.89624,
      12.49902
    ],
    [
      41.89845,
      12.49927
    ],
    [
      41.89957,
      12.49845
    ],
    [
      41.89965,
      12.50038
    ],
    [
      41.89993,
      12.49989
    ],
    [
      41.90083,
      12.49985
    ],
    [
      41.90304,
      12.5005
    ],
    [
      41.90357,
      12.50076
    ],
    [
      41.90422,
      12.5
    ],
    [
      41.9048,
      12.50086
    ],
    [
      41.90596,
      12.49954
    ],
    [
      41.90702,
      12.50097
    ],
    [
      41.90708,
      12.49914
    ],
    [
      41.90761,
      12.49788
    ],
    [
      41.90763,
      12.49714
    ],
    [
      41.90781,
      12.49609
    ],
    [
      41.90763,
      12.49555
    ],
    [
      41.90734,
      12.49472
    ],
    [
      41.90854,
      12.49412
    ]
  ],
  "distance1600": [
    [
      41.91356,
      12.49339
    ],
    [
      41.9112,
      12.49168
    ],
    [
      41.91085,
      12.49098
    ],
    [
      41.91024,
      12.48987
    ],
    [
      41.91018,
      12.48975
    ],
    [
      41.91,
      12.48782
    ],
    [
      41.91176,
      12.48589
    ],
    [
      41.90936,
      12.48597
    ],
    [
      41.90886,
      12.48493
    ],
    [
      41.90559,
      12.48737
    ],
    [
      41.90533,
      12.48656
    ],
    [
      41.90543,
      12.48335
    ],
    [
      41.90312,
      12.48167
    ],
    [
      41.90182,
      12.48144
    ],
    [
      41.90078,
      12.48361
    ],
    [
      41.89949,
      12.48249
    ],
    [
      41.89649,
      12.48131
    ],
    [
      41.89587,
      12.48286
    ],
    [
      41.89623,
      12.48563
    ],
    [
      41.89432,
      12.48726
    ],
    [
      41.89349,
      12.48818
    ],
    [
      41.89374,
      12.48959
    ],
    [
      41.89409,
      12.49103
    ],
    [
      41.89158,
      12.49202
    ],
    [
      41.89134,
      12.49287
    ],
    [
      41.89472,
      12.49409
    ],
    [
      41.89461,
      12.49466
    ],
    [
      41.89464,
      12.49595
    ],
    [
      41.89351,
      12.49738
    ],
    [
      41.89392,
      12.49868
    ],
    [
      41.89166,
      12.5021
    ],
    [
      41.89369,
      12.50256
    ],
    [
      41.89387,
      12.50411
    ],
    [
      41.89596,
      12.50334
    ],
    [
      41.89682,
      12.5057
    ],
    [
      41.89835,
      12.504
    ],
    [
      41.90083,
      12.49985
    ],
    [
      41.89989,
      12.50632
    ],
    [
      41.90382,
      12.50561
    ],
    [
      41.90542,
      12.5058
    ],
    [
      41.9062,
      12.50552
    ],
    [
      41.90878,
      12.5069
    ],
    [
      41.90964,
      12.50356
    ],
    [
      41.91064,
      12.50344
    ],
    [
      41.91137,
      12.50116
    ],
    [
      41.91166,
      12.49875
    ],
    [
      41.91105,
      12.49822
    ],
    [
      41.91066,
      12.49614
    ],
    [
      41.91071,
      12.49508
    ],
    [
      41.91396,
      12.49366
    ]
  ]
}