{
  "distance500": [
    [
      41.935739,
      12.523204
    ],
    [
      41.935785,
      12.520252
    ],
    [
      41.936507,
      12.520204
    ],
    [
      41.933737,
      12.518888
    ],
    [
      41.930737,
      12.518608
    ],
    [
      41.928726,
      12.522204
    ],
    [
      41.930113,
      12.527204
    ],
    [
      41.931654,
      12.527287
    ],
    [
      41.932737,
      12.527966
    ],
    [
      41.934737,
      12.528101
    ],
    [
      41.935084,
      12.527551
    ],
    [
      41.935129,
      12.526812
    ],
    [
      41.934576,
      12.526365
    ],
    [
      41.934306,
      12.525204
    ],
    [
      41.935476,
      12.524204
    ],
    [
      41.935739,
      12.523204
    ]
  ],
  "distance1000": [
    [
      41.939761,
      12.517204
    ],
    [
      41.938169,
      12.516773
    ],
    [
      41.936649,
      12.515204
    ],
    [
      41.936811,
      12.51413
    ],
    [
      41.935488,
      12.513453
    ],
    [
      41.928688,
      12.514155
    ],
    [
      41.927044,
      12.516204
    ],
    [
      41.92713,
      12.517204
    ],
    [
      41.927612,
      12.51733
    ],
    [
      41.92786,
      12.518082
    ],
    [
      41.927676,
      12.519143
    ],
    [
      41.926737,
      12.519191
    ],
    [
      41.926547,
      12.520014
    ],
    [
      41.925699,
      12.520243
    ],
    [
      41.925403,
      12.523204
    ],
    [
      41.926422,
      12.523519
    ],
    [
      41.926567,
      12.524204
    ],
    [
      41.926525,
      12.524992
    ],
    [
      41.925863,
      12.525204
    ],
    [
      41.925988,
      12.526204
    ],
    [
      41.925596,
      12.527204
    ],
    [
      41.926575,
      12.530204
    ],
    [
      41.926937,
      12.529404
    ],
    [
      41.927843,
      12.52931
    ],
    [
      41.928737,
      12.528521
    ],
    [
      41.929762,
      12.529229
    ],
    [
      41.933258,
      12.529683
    ],
    [
      41.933538,
      12.530204
    ],
    [
      41.933214,
      12.532204
    ],
    [
      41.933737,
      12.532993
    ],
    [
      41.935737,
      12.532031
    ],
    [
      41.936301,
      12.530768
    ],
    [
      41.937177,
      12.530204
    ],
    [
      41.937431,
      12.528898
    ],
    [
      41.938467,
      12.527934
    ],
    [
      41.938931,
      12.526204
    ],
    [
      41.936303,
      12.523638
    ],
    [
      41.936127,
      12.521204
    ],
    [
      41.936737,
      12.520534
    ],
    [
      41.938897,
      12.520364
    ],
    [
      41.938827,
      12.517294
    ],
    [
      41.939761,
      12.517204
    ]
  ],
  "distance1600": [
    [
      41.943005,
      12.529204
    ],
    [
      41.942535,
      12.528204
    ],
    [
      41.942392,
      12.524204
    ],
    [
      41.941737,
      12.521952
    ],
    [
      41.938737,
      12.522282
    ],
    [
      41.937823,
      12.52429
    ],
    [
      41.937566,
      12.523376
    ],
    [
      41.936635,
      12.523306
    ],
    [
      41.936345,
      12.522596
    ],
    [
      41.936427,
      12.520894
    ],
    [
      41.939174,
      12.520641
    ],
    [
      41.939529,
      12.520204
    ],
    [
      41.939186,
      12.519204
    ],
    [
      41.940348,
      12.518204
    ],
    [
      41.940121,
      12.517204
    ],
    [
      41.941214,
      12.516204
    ],
    [
      41.941033,
      12.515204
    ],
    [
      41.941928,
      12.514204
    ],
    [
      41.941737,
      12.511254
    ],
    [
      41.941129,
      12.513596
    ],
    [
      41.939482,
      12.513459
    ],
    [
      41.938992,
      12.511204
    ],
    [
      41.936737,
      12.507119
    ],
    [
      41.934737,
      12.507495
    ],
    [
      41.934228,
      12.508695
    ],
    [
      41.932587,
      12.509054
    ],
    [
      41.930908,
      12.509033
    ],
    [
      41.927433,
      12.5079
    ],
    [
      41.925877,
      12.510344
    ],
    [
      41.92472,
      12.511204
    ],
    [
      41.925051,
      12.512518
    ],
    [
      41.922639,
      12.514106
    ],
    [
      41.922179,
      12.515204
    ],
    [
      41.922166,
      12.517204
    ],
    [
      41.921023,
      12.518204
    ],
    [
      41.921475,
      12.522466
    ],
    [
      41.922263,
      12.523204
    ],
    [
      41.922041,
      12.524508
    ],
    [
      41.920553,
      12.526204
    ],
    [
      41.920737,
      12.527154
    ],
    [
      41.922435,
      12.529204
    ],
    [
      41.922623,
      12.530318
    ],
    [
      41.923737,
      12.531204
    ],
    [
      41.923684,
      12.533204
    ],
    [
      41.92527,
      12.534204
    ],
    [
      41.924737,
      12.535409
    ],
    [
      41.925737,
      12.537287
    ],
    [
      41.927432,
      12.536204
    ],
    [
      41.926876,
      12.536066
    ],
    [
      41.927191,
      12.533658
    ],
    [
      41.929493,
      12.533204
    ],
    [
      41.929356,
      12.532204
    ],
    [
      41.927737,
      12.531952
    ],
    [
      41.927079,
      12.531204
    ],
    [
      41.927565,
      12.530032
    ],
    [
      41.928702,
      12.529169
    ],
    [
      41.931301,
      12.53064
    ],
    [
      41.9324,
      12.532204
    ],
    [
      41.931737,
      12.533201
    ],
    [
      41.930628,
      12.533204
    ],
    [
      41.930251,
      12.533718
    ],
    [
      41.930036,
      12.535905
    ],
    [
      41.930491,
      12.53745
    ],
    [
      41.935737,
      12.538673
    ],
    [
      41.936737,
      12.538513
    ],
    [
      41.936925,
      12.537204
    ],
    [
      41.93871,
      12.535204
    ],
    [
      41.93845,
      12.531204
    ],
    [
      41.941737,
      12.531215
    ],
    [
      41.943005,
      12.529204
    ]
  ]
}