{
  "distance500": [
    [
      41.877385,
      12.466
    ],
    [
      41.875782,
      12.463477
    ],
    [
      41.874782,
      12.462691
    ],
    [
      41.873782,
      12.462947
    ],
    [
      41.872782,
      12.460695
    ],
    [
      41.871634,
      12.464
    ],
    [
      41.869767,
      12.465
    ],
    [
      41.868987,
      12.468
    ],
    [
      41.869692,
      12.46809
    ],
    [
      41.870433,
      12.469348
    ],
    [
      41.872865,
      12.471083
    ],
    [
      41.877385,
      12.466
    ]
  ],
  "distance1000": [
    [
      41.881046,
      12.468
    ],
    [
      41.881638,
      12.467
    ],
    [
      41.881286,
      12.466
    ],
    [
      41.878782,
      12.465552
    ],
    [
      41.877392,
      12.464
    ],
    [
      41.87705,
      12.462
    ],
    [
      41.87801,
      12.461
    ],
    [
      41.877066,
      12.459
    ],
    [
      41.875471,
      12.458311
    ],
    [
      41.873782,
      12.456466
    ],
    [
      41.871782,
      12.456024
    ],
    [
      41.870782,
      12.456241
    ],
    [
      41.870335,
      12.457553
    ],
    [
      41.869093,
      12.459
    ],
    [
      41.86944,
      12.46
    ],
    [
      41.868255,
      12.461473
    ],
    [
      41.866782,
      12.462384
    ],
    [
      41.866561,
      12.463778
    ],
    [
      41.865561,
      12.464
    ],
    [
      41.86519,
      12.465
    ],
    [
      41.865239,
      12.468
    ],
    [
      41.864693,
      12.469
    ],
    [
      41.867735,
      12.471047
    ],
    [
      41.868055,
      12.472
    ],
    [
      41.867741,
      12.473041
    ],
    [
      41.868334,
      12.473448
    ],
    [
      41.872883,
      12.471899
    ],
    [
      41.874447,
      12.472335
    ],
    [
      41.875782,
      12.474
    ],
    [
      41.877409,
      12.473
    ],
    [
      41.878195,
      12.471
    ],
    [
      41.876716,
      12.469934
    ],
    [
      41.879142,
      12.469359
    ],
    [
      41.881046,
      12.468
    ]
  ],
  "distance1600": [
    [
      41.885829,
      12.471
    ],
    [
      41.885545,
      12.468237
    ],
    [
      41.883459,
      12.466323
    ],
    [
      41.883104,
      12.464678
    ],
    [
      41.88202,
      12.463
    ],
    [
      41.883389,
      12.461
    ],
    [
      41.883221,
      12.460561
    ],
    [
      41.880782,
      12.457847
    ],
    [
      41.878494,
      12.457
    ],
    [
      41.87888,
      12.456
    ],
    [
      41.878134,
      12.455
    ],
    [
      41.878542,
      12.454
    ],
    [
      41.877979,
      12.453803
    ],
    [
      41.877882,
      12.452
    ],
    [
      41.875883,
      12.451898
    ],
    [
      41.873782,
      12.449694
    ],
    [
      41.872782,
      12.449896
    ],
    [
      41.871782,
      12.449325
    ],
    [
      41.870372,
      12.44959
    ],
    [
      41.867782,
      12.451153
    ],
    [
      41.867478,
      12.454304
    ],
    [
      41.867822,
      12.455039
    ],
    [
      41.866571,
      12.456
    ],
    [
      41.866558,
      12.458
    ],
    [
      41.865618,
      12.458163
    ],
    [
      41.864782,
      12.456179
    ],
    [
      41.863782,
      12.456373
    ],
    [
      41.864031,
      12.458
    ],
    [
      41.862921,
      12.459
    ],
    [
      41.862823,
      12.461
    ],
    [
      41.860782,
      12.463166
    ],
    [
      41.860705,
      12.469
    ],
    [
      41.860553,
      12.46977
    ],
    [
      41.859611,
      12.470171
    ],
    [
      41.859631,
      12.471
    ],
    [
      41.860589,
      12.471193
    ],
    [
      41.860769,
      12.472013
    ],
    [
      41.861641,
      12.472141
    ],
    [
      41.863321,
      12.474
    ],
    [
      41.86282,
      12.475
    ],
    [
      41.863553,
      12.476
    ],
    [
      41.864626,
      12.476156
    ],
    [
      41.865782,
      12.477994
    ],
    [
      41.865922,
      12.47714
    ],
    [
      41.86686,
      12.477078
    ],
    [
      41.867114,
      12.476332
    ],
    [
      41.867911,
      12.476128
    ],
    [
      41.869782,
      12.474287
    ],
    [
      41.871542,
      12.474239
    ],
    [
      41.871782,
      12.474972
    ],
    [
      41.872816,
      12.473966
    ],
    [
      41.874343,
      12.476439
    ],
    [
      41.879782,
      12.478906
    ],
    [
      41.880782,
      12.476763
    ],
    [
      41.881728,
      12.475946
    ],
    [
      41.88172,
      12.475
    ],
    [
      41.882376,
      12.473594
    ],
    [
      41.883271,
      12.473511
    ],
    [
      41.883782,
      12.4741
    ],
    [
      41.884281,
      12.472499
    ],
    [
      41.885782,
      12.47172
    ],
    [
      41.885829,
      12.471
    ]
  ]
}