{
  "distance500": [
    [
      41.888326,
      12.507684
    ],
    [
      41.887247,
      12.505822
    ],
    [
      41.886248,
      12.50635
    ],
    [
      41.885247,
      12.505813
    ],
    [
      41.883415,
      12.505851
    ],
    [
      41.882405,
      12.508684
    ],
    [
      41.882491,
      12.509684
    ],
    [
      41.883807,
      12.512124
    ],
    [
      41.885247,
      12.513145
    ],
    [
      41.886248,
      12.513164
    ],
    [
      41.888326,
      12.507684
    ]
  ],
  "distance1000": [
    [
      41.892418,
      12.506684
    ],
    [
      41.892516,
      12.505416
    ],
    [
      41.891247,
      12.504453
    ],
    [
      41.890247,
      12.502565
    ],
    [
      41.889248,
      12.501998
    ],
    [
      41.888247,
      12.500151
    ],
    [
      41.888191,
      12.500627
    ],
    [
      41.886301,
      12.500684
    ],
    [
      41.88586,
      12.501296
    ],
    [
      41.884417,
      12.501514
    ],
    [
      41.883247,
      12.501574
    ],
    [
      41.882247,
      12.500856
    ],
    [
      41.880754,
      12.503684
    ],
    [
      41.879373,
      12.504684
    ],
    [
      41.879207,
      12.506684
    ],
    [
      41.880009,
      12.506922
    ],
    [
      41.879881,
      12.508317
    ],
    [
      41.878308,
      12.508623
    ],
    [
      41.878248,
      12.508192
    ],
    [
      41.878002,
      12.508684
    ],
    [
      41.879107,
      12.510684
    ],
    [
      41.880247,
      12.514915
    ],
    [
      41.881537,
      12.516684
    ],
    [
      41.882247,
      12.517246
    ],
    [
      41.884247,
      12.51619
    ],
    [
      41.885864,
      12.518067
    ],
    [
      41.887247,
      12.518288
    ],
    [
      41.888247,
      12.516449
    ],
    [
      41.889561,
      12.515684
    ],
    [
      41.890623,
      12.513059
    ],
    [
      41.890887,
      12.510684
    ],
    [
      41.892123,
      12.508559
    ],
    [
      41.892418,
      12.506684
    ]
  ],
  "distance1600": [
    [
      41.896364,
      12.510684
    ],
    [
      41.896399,
      12.506835
    ],
    [
      41.896835,
      12.506684
    ],
    [
      41.896319,
      12.501684
    ],
    [
      41.895686,
      12.500245
    ],
    [
      41.895248,
      12.499729
    ],
    [
      41.893628,
      12.499684
    ],
    [
      41.892248,
      12.49812
    ],
    [
      41.890358,
      12.493573
    ],
    [
      41.889248,
      12.493549
    ],
    [
      41.887248,
      12.494875
    ],
    [
      41.886248,
      12.493635
    ],
    [
      41.885813,
      12.494249
    ],
    [
      41.884248,
      12.494754
    ],
    [
      41.883801,
      12.496237
    ],
    [
      41.882632,
      12.496299
    ],
    [
      41.882248,
      12.495282
    ],
    [
      41.880248,
      12.496236
    ],
    [
      41.879897,
      12.496684
    ],
    [
      41.881066,
      12.496865
    ],
    [
      41.880743,
      12.499179
    ],
    [
      41.879021,
      12.499684
    ],
    [
      41.87879,
      12.501226
    ],
    [
      41.877216,
      12.501715
    ],
    [
      41.876248,
      12.501399
    ],
    [
      41.875248,
      12.502437
    ],
    [
      41.874575,
      12.503684
    ],
    [
      41.874621,
      12.505057
    ],
    [
      41.87366,
      12.505684
    ],
    [
      41.874156,
      12.505775
    ],
    [
      41.874132,
      12.507568
    ],
    [
      41.873609,
      12.508684
    ],
    [
      41.874248,
      12.510121
    ],
    [
      41.873229,
      12.511702
    ],
    [
      41.874306,
      12.512742
    ],
    [
      41.875248,
      12.512559
    ],
    [
      41.875451,
      12.511887
    ],
    [
      41.877247,
      12.510951
    ],
    [
      41.87868,
      12.512251
    ],
    [
      41.878699,
      12.513135
    ],
    [
      41.877787,
      12.514223
    ],
    [
      41.875898,
      12.514684
    ],
    [
      41.877096,
      12.517684
    ],
    [
      41.876376,
      12.519684
    ],
    [
      41.876619,
      12.520312
    ],
    [
      41.878248,
      12.52115
    ],
    [
      41.878969,
      12.522684
    ],
    [
      41.881247,
      12.523362
    ],
    [
      41.882168,
      12.522604
    ],
    [
      41.883248,
      12.522613
    ],
    [
      41.885247,
      12.524965
    ],
    [
      41.887248,
      12.524946
    ],
    [
      41.890248,
      12.523835
    ],
    [
      41.890259,
      12.522673
    ],
    [
      41.888604,
      12.522327
    ],
    [
      41.888649,
      12.521085
    ],
    [
      41.891248,
      12.520084
    ],
    [
      41.89167,
      12.517106
    ],
    [
      41.894439,
      12.516875
    ],
    [
      41.894078,
      12.513853
    ],
    [
      41.894411,
      12.511684
    ],
    [
      41.894629,
      12.511065
    ],
    [
      41.896364,
      12.510684
    ]
  ]
}