{
  "distance500": [
    [
      41.88531,
      12.50949
    ],
    [
      41.88531,
      12.50949
    ],
    [
      41.88531,
      12.50949
    ],
    [
      41.88531,
      12.50949
    ],
    [
      41.88531,
      12.50949
    ],
    [
      41.88531,
      12.50949
    ],
    [
      41.88531,
      12.50949
    ],
    [
      41.88531,
      12.50949
    ],
    [
      41.88531,
      12.50949
    ],
    [
      41.88531,
      12.50949
    ],
    [
      41.88531,
      12.50949
    ],
    [
      41.88531,
      12.50949
    ],
    [
      41.88531,
      12.50949
    ],
    [
      41.88531,
      12.50949
    ],
    [
      41.88531,
      12.50949
    ],
    [
      41.88531,
      12.50949
    ],
    [
      41.88531,
      12.50949
    ],
    [
      41.88531,
      12.50949
    ],
    [
      41.88221,
      12.50619
    ],
    [
      41.88205,
      12.50661
    ],
    [
      41.88268,
      12.50761
    ],
    [
      41.88152,
      12.50749
    ],
    [
      41.88099,
      12.50812
    ],
    [
      41.88226,
      12.50895
    ],
    [
      41.88485,
      12.50944
    ],
    [
      41.88498,
      12.50949
    ],
    [
      41.88505,
      12.50953
    ],
    [
      41.8851,
      12.50955
    ],
    [
      41.88513,
      12.50956
    ],
    [
      41.88516,
      12.50958
    ],
    [
      41.88517,
      12.50959
    ],
    [
      41.88519,
      12.5096
    ],
    [
      41.88531,
      12.50949
    ],
    [
      41.88531,
      12.50949
    ],
    [
      41.88531,
      12.50949
    ],
    [
      41.88531,
      12.50949
    ],
    [
      41.88531,
      12.50949
    ],
    [
      41.88531,
      12.50949
    ],
    [
      41.88531,
      12.50949
    ],
    [
      41.88531,
      12.50949
    ],
    [
      41.88531,
      12.50949
    ],
    [
      41.88531,
      12.50949
    ],
    [
      41.88531,
      12.50949
    ],
    [
      41.88531,
      12.50949
    ],
    [
      41.88531,
      12.50949
    ],
    [
      41.88531,
      12.50949
    ],
    [
      41.88531,
      12.50949
    ],
    [
      41.88531,
      12.50949
    ],
    [
      41.88531,
      12.50949
    ],
    [
      41.88531,
      12.50949
    ]
  ],
  "distance1000": [
    [
      41.88531,
      12.50949
    ],
    [
      41.88531,
      12.50949
    ],
    [
      41.88531,
      12.50949
    ],
    [
      41.88531,
      12.50949
    ],
    [
      41.88531,
      12.50949
    ],
    [
      41.88531,
      12.50949
    ],
    [
      41.88531,
      12.50949
    ],
    [
      41.88531,
      12.50949
    ],
    [
      41.88531,
      12.50949
    ],
    [
      41.88531,
      12.50949
    ],
    [
      41.88531,
      12.50949
    ],
    [
      41.88531,
      12.50949
    ],
    [
      41.88531,
      12.50949
    ],
    [
      41.88483,
      12.50303
    ],
    [
      41.8841,
      12.50202
    ],
    [
      41.88272,
      12.50332
    ],
    [
      41.88139,
      12.50217
    ],
    [
      41.88066,
      12.50301
    ],
    [
      41.87975,
      12.50348
    ],
    [
      41.879,
      12.50425
    ],
    [
      41.87939,
      12.50543
    ],
    [
      41.87787,
      12.50573
    ],
    [
      41.87798,
      12.50709
    ],
    [
      41.87654,
      12.50803
    ],
    [
      41.8774,
      12.509
    ],
    [
      41.87672,
      12.50952
    ],
    [
      41.88132,
      12.51046
    ],
    [
      41.88136,
      12.51071
    ],
    [
      41.88145,
      12.51123
    ],
    [
      41.88155,
      12.51186
    ],
    [
      41.88156,
      12.51199
    ],
    [
      41.88315,
      12.5117
    ],
    [
      41.88241,
      12.51321
    ],
    [
      41.88282,
      12.51311
    ],
    [
      41.88293,
      12.51318
    ],
    [
      41.88483,
      12.51076
    ],
    [
      41.88492,
      12.51089
    ],
    [
      41.8852,
      12.51181
    ],
    [
      41.88538,
      12.51089
    ],
    [
      41.88546,
      12.51048
    ],
    [
      41.88554,
      12.51034
    ],
    [
      41.88531,
      12.50949
    ],
    [
      41.88531,
      12.50949
    ],
    [
      41.88531,
      12.50949
    ],
    [
      41.88531,
      12.50949
    ],
    [
      41.88531,
      12.50949
    ],
    [
      41.88531,
      12.50949
    ],
    [
      41.88531,
      12.50949
    ],
    [
      41.88531,
      12.50949
    ],
    [
      41.88531,
      12.50949
    ]
  ],
  "distance1600": [
    [
      41.88774,
      12.50945
    ],
    [
      41.88858,
      12.50878
    ],
    [
      41.88853,
      12.50869
    ],
    [
      41.88834,
      12.50834
    ],
    [
      41.89022,
      12.5068
    ],
    [
      41.88699,
      12.50837
    ],
    [
      41.88646,
      12.50839
    ],
    [
      41.88644,
      12.50811
    ],
    [
      41.88955,
      12.50333
    ],
    [
      41.88874,
      12.50378
    ],
    [
      41.88717,
      12.50433
    ],
    [
      41.88753,
      12.50131
    ],
    [
      41.88628,
      12.49953
    ],
    [
      41.88397,
      12.49919
    ],
    [
      41.88262,
      12.49859
    ],
    [
      41.88042,
      12.49668
    ],
    [
      41.88066,
      12.49955
    ],
    [
      41.87992,
      12.50022
    ],
    [
      41.87733,
      12.50079
    ],
    [
      41.87605,
      12.5024
    ],
    [
      41.87509,
      12.50313
    ],
    [
      41.87388,
      12.50312
    ],
    [
      41.87204,
      12.50416
    ],
    [
      41.87445,
      12.5067
    ],
    [
      41.8762,
      12.50946
    ],
    [
      41.87387,
      12.51089
    ],
    [
      41.87371,
      12.51175
    ],
    [
      41.87919,
      12.51115
    ],
    [
      41.87925,
      12.51182
    ],
    [
      41.87982,
      12.51236
    ],
    [
      41.88004,
      12.51337
    ],
    [
      41.87885,
      12.51619
    ],
    [
      41.87879,
      12.51762
    ],
    [
      41.88023,
      12.51724
    ],
    [
      41.88052,
      12.51788
    ],
    [
      41.88106,
      12.51975
    ],
    [
      41.88215,
      12.51909
    ],
    [
      41.88356,
      12.51913
    ],
    [
      41.88571,
      12.51742
    ],
    [
      41.88654,
      12.51671
    ],
    [
      41.88709,
      12.51568
    ],
    [
      41.88788,
      12.51428
    ],
    [
      41.8881,
      12.51434
    ],
    [
      41.88736,
      12.51199
    ],
    [
      41.88849,
      12.51208
    ],
    [
      41.88827,
      12.51137
    ],
    [
      41.88811,
      12.51079
    ],
    [
      41.88806,
      12.51059
    ],
    [
      41.88793,
      12.51014
    ],
    [
      41.88783,
      12.50979
    ]
  ]
}