{
  "distance500": [
    [
      41.88546,
      12.50737
    ],
    [
      41.88546,
      12.50737
    ],
    [
      41.88546,
      12.50737
    ],
    [
      41.88546,
      12.50737
    ],
    [
      41.88546,
      12.50737
    ],
    [
      41.88546,
      12.50737
    ],
    [
      41.88546,
      12.50737
    ],
    [
      41.88546,
      12.50737
    ],
    [
      41.88546,
      12.50737
    ],
    [
      41.88546,
      12.50737
    ],
    [
      41.88546,
      12.50737
    ],
    [
      41.88546,
      12.50737
    ],
    [
      41.88625,
      12.50387
    ],
    [
      41.88521,
      12.50413
    ],
    [
      41.88512,
      12.50524
    ],
    [
      41.88502,
      12.5059
    ],
    [
      41.88521,
      12.50684
    ],
    [
      41.88522,
      12.50696
    ],
    [
      41.88527,
      12.50713
    ],
    [
      41.88546,
      12.50737
    ],
    [
      41.88546,
      12.50737
    ],
    [
      41.88546,
      12.50737
    ],
    [
      41.88546,
      12.50737
    ],
    [
      41.88546,
      12.50737
    ],
    [
      41.88546,
      12.50737
    ],
    [
      41.88546,
      12.50737
    ],
    [
      41.88546,
      12.50737
    ],
    [
      41.88546,
      12.50737
    ],
    [
      41.88546,
      12.50737
    ],
    [
      41.88398,
      12.50825
    ],
    [
      41.88345,
      12.50888
    ],
    [
      41.88382,
      12.50904
    ],
    [
      41.88393,
      12.50908
    ],
    [
      41.88413,
      12.50916
    ],
    [
      41.88406,
      12.50961
    ],
    [
      41.88393,
      12.51139
    ],
    [
      41.88421,
      12.51105
    ],
    [
      41.88521,
      12.51174
    ],
    [
      41.8856,
      12.50959
    ],
    [
      41.88581,
      12.50942
    ],
    [
      41.88602,
      12.50919
    ],
    [
      41.88619,
      12.50885
    ],
    [
      41.88623,
      12.50871
    ],
    [
      41.88631,
      12.50844
    ],
    [
      41.88546,
      12.50737
    ],
    [
      41.88546,
      12.50737
    ],
    [
      41.88546,
      12.50737
    ],
    [
      41.88546,
      12.50737
    ],
    [
      41.88546,
      12.50737
    ],
    [
      41.88546,
      12.50737
    ]
  ],
  "distance1000": [
    [
      41.88952,
      12.50725
    ],
    [
      41.88675,
      12.50707
    ],
    [
      41.88681,
      12.5069
    ],
    [
      41.88685,
      12.50679
    ],
    [
      41.88693,
      12.50656
    ],
    [
      41.88715,
      12.50605
    ],
    [
      41.88723,
      12.50562
    ],
    [
      41.88721,
      12.50511
    ],
    [
      41.8872,
      12.50485
    ],
    [
      41.88546,
      12.50737
    ],
    [
      41.88546,
      12.50737
    ],
    [
      41.88546,
      12.50737
    ],
    [
      41.88625,
      12.50387
    ],
    [
      41.88521,
      12.50413
    ],
    [
      41.88512,
      12.50524
    ],
    [
      41.88502,
      12.5059
    ],
    [
      41.88521,
      12.50684
    ],
    [
      41.88306,
      12.504
    ],
    [
      41.88268,
      12.50369
    ],
    [
      41.88189,
      12.50453
    ],
    [
      41.88254,
      12.50545
    ],
    [
      41.88076,
      12.50545
    ],
    [
      41.88053,
      12.50565
    ],
    [
      41.8806,
      12.50636
    ],
    [
      41.87971,
      12.50681
    ],
    [
      41.87993,
      12.50753
    ],
    [
      41.87903,
      12.50823
    ],
    [
      41.88185,
      12.50869
    ],
    [
      41.88145,
      12.50917
    ],
    [
      41.88179,
      12.50965
    ],
    [
      41.88131,
      12.51043
    ],
    [
      41.88143,
      12.51111
    ],
    [
      41.88022,
      12.51339
    ],
    [
      41.88105,
      12.51369
    ],
    [
      41.88097,
      12.51497
    ],
    [
      41.88239,
      12.51572
    ],
    [
      41.8825,
      12.51632
    ],
    [
      41.88392,
      12.5175
    ],
    [
      41.88635,
      12.51545
    ],
    [
      41.88627,
      12.51268
    ],
    [
      41.88776,
      12.51342
    ],
    [
      41.88709,
      12.51099
    ],
    [
      41.88819,
      12.5111
    ],
    [
      41.88811,
      12.51079
    ],
    [
      41.88774,
      12.50913
    ],
    [
      41.88761,
      12.50889
    ],
    [
      41.88858,
      12.50878
    ],
    [
      41.8884,
      12.50845
    ],
    [
      41.88816,
      12.50801
    ],
    [
      41.88896,
      12.50755
    ]
  ],
  "distance1600": [
    [
      41.89432,
      12.50629
    ],
    [
      41.89431,
      12.50627
    ],
    [
      41.89374,
      12.50434
    ],
    [
      41.89406,
      12.50376
    ],
    [
      41.89314,
      12.50329
    ],
    [
      41.89196,
      12.50255
    ],
    [
      41.89202,
      12.5019
    ],
    [
      41.88978,
      12.50218
    ],
    [
      41.88977,
      12.50131
    ],
    [
      41.88728,
      12.50339
    ],
    [
      41.88728,
      12.50271
    ],
    [
      41.88869,
      12.49809
    ],
    [
      41.88581,
      12.49809
    ],
    [
      41.88458,
      12.50141
    ],
    [
      41.88413,
      12.50077
    ],
    [
      41.88232,
      12.49861
    ],
    [
      41.88202,
      12.49976
    ],
    [
      41.88089,
      12.50031
    ],
    [
      41.87967,
      12.50049
    ],
    [
      41.87875,
      12.50163
    ],
    [
      41.87906,
      12.50279
    ],
    [
      41.87706,
      12.50313
    ],
    [
      41.876,
      12.50363
    ],
    [
      41.8747,
      12.50591
    ],
    [
      41.87408,
      12.5062
    ],
    [
      41.87548,
      12.50753
    ],
    [
      41.8762,
      12.50946
    ],
    [
      41.87473,
      12.51129
    ],
    [
      41.87823,
      12.51077
    ],
    [
      41.87875,
      12.51099
    ],
    [
      41.87786,
      12.51334
    ],
    [
      41.87759,
      12.51452
    ],
    [
      41.87801,
      12.51717
    ],
    [
      41.87697,
      12.5198
    ],
    [
      41.87845,
      12.52003
    ],
    [
      41.88041,
      12.52065
    ],
    [
      41.88137,
      12.51977
    ],
    [
      41.88272,
      12.52138
    ],
    [
      41.88748,
      12.52164
    ],
    [
      41.88789,
      12.52186
    ],
    [
      41.88981,
      12.51989
    ],
    [
      41.89047,
      12.5168
    ],
    [
      41.89141,
      12.51661
    ],
    [
      41.89204,
      12.51578
    ],
    [
      41.89037,
      12.51189
    ],
    [
      41.89128,
      12.51131
    ],
    [
      41.89283,
      12.51075
    ],
    [
      41.89384,
      12.51038
    ],
    [
      41.89252,
      12.50909
    ],
    [
      41.89291,
      12.50791
    ]
  ]
}