{
  "distance500": [
    [
      41.889298,
      12.508444
    ],
    [
      41.88951,
      12.507212
    ],
    [
      41.887278,
      12.504051
    ],
    [
      41.886278,
      12.504937
    ],
    [
      41.885278,
      12.504624
    ],
    [
      41.88513,
      12.505296
    ],
    [
      41.882359,
      12.505363
    ],
    [
      41.882278,
      12.504744
    ],
    [
      41.880631,
      12.508444
    ],
    [
      41.881597,
      12.510125
    ],
    [
      41.881504,
      12.512218
    ],
    [
      41.882278,
      12.51395
    ],
    [
      41.884278,
      12.51397
    ],
    [
      41.886278,
      12.515269
    ],
    [
      41.887528,
      12.513694
    ],
    [
      41.889298,
      12.508444
    ]
  ],
  "distance1000": [
    [
      41.893611,
      12.507444
    ],
    [
      41.893822,
      12.505444
    ],
    [
      41.893317,
      12.504405
    ],
    [
      41.891798,
      12.503444
    ],
    [
      41.891465,
      12.502257
    ],
    [
      41.889278,
      12.500239
    ],
    [
      41.888278,
      12.498556
    ],
    [
      41.887997,
      12.500163
    ],
    [
      41.887278,
      12.500293
    ],
    [
      41.886536,
      12.500186
    ],
    [
      41.886278,
      12.498583
    ],
    [
      41.885485,
      12.499444
    ],
    [
      41.885278,
      12.500509
    ],
    [
      41.883126,
      12.499596
    ],
    [
      41.880944,
      12.50011
    ],
    [
      41.878278,
      12.504116
    ],
    [
      41.877361,
      12.504444
    ],
    [
      41.87821,
      12.504512
    ],
    [
      41.878086,
      12.506252
    ],
    [
      41.87721,
      12.506444
    ],
    [
      41.876437,
      12.509444
    ],
    [
      41.877331,
      12.510444
    ],
    [
      41.87813,
      12.510592
    ],
    [
      41.878278,
      12.512911
    ],
    [
      41.879232,
      12.51449
    ],
    [
      41.879278,
      12.517301
    ],
    [
      41.880296,
      12.517426
    ],
    [
      41.881217,
      12.519505
    ],
    [
      41.884278,
      12.518329
    ],
    [
      41.885606,
      12.520116
    ],
    [
      41.887278,
      12.521103
    ],
    [
      41.888278,
      12.519543
    ],
    [
      41.889186,
      12.519352
    ],
    [
      41.889273,
      12.517439
    ],
    [
      41.890985,
      12.515444
    ],
    [
      41.891624,
      12.51379
    ],
    [
      41.891633,
      12.510444
    ],
    [
      41.893073,
      12.509239
    ],
    [
      41.893611,
      12.507444
    ]
  ],
  "distance1600": [
    [
      41.897483,
      12.511444
    ],
    [
      41.89757,
      12.510152
    ],
    [
      41.896278,
      12.510289
    ],
    [
      41.895532,
      12.509444
    ],
    [
      41.896445,
      12.508611
    ],
    [
      41.896615,
      12.506781
    ],
    [
      41.897669,
      12.506053
    ],
    [
      41.897098,
      12.500444
    ],
    [
      41.896562,
      12.49916
    ],
    [
      41.895278,
      12.498176
    ],
    [
      41.894278,
      12.498218
    ],
    [
      41.893278,
      12.496965
    ],
    [
      41.892278,
      12.496891
    ],
    [
      41.89161,
      12.495444
    ],
    [
      41.89167,
      12.493444
    ],
    [
      41.891278,
      12.492454
    ],
    [
      41.890278,
      12.492898
    ],
    [
      41.889278,
      12.491837
    ],
    [
      41.888278,
      12.493114
    ],
    [
      41.887665,
      12.493057
    ],
    [
      41.886278,
      12.491733
    ],
    [
      41.885664,
      12.492444
    ],
    [
      41.885527,
      12.493444
    ],
    [
      41.883647,
      12.495813
    ],
    [
      41.882662,
      12.495444
    ],
    [
      41.882278,
      12.49344
    ],
    [
      41.881278,
      12.49469
    ],
    [
      41.879278,
      12.494654
    ],
    [
      41.878898,
      12.495064
    ],
    [
      41.878794,
      12.496928
    ],
    [
      41.880784,
      12.497938
    ],
    [
      41.880985,
      12.498444
    ],
    [
      41.878747,
      12.500913
    ],
    [
      41.877579,
      12.501143
    ],
    [
      41.877278,
      12.499722
    ],
    [
      41.877075,
      12.500241
    ],
    [
      41.875278,
      12.500444
    ],
    [
      41.874861,
      12.503027
    ],
    [
      41.873283,
      12.503439
    ],
    [
      41.873268,
      12.502434
    ],
    [
      41.873251,
      12.503471
    ],
    [
      41.873598,
      12.504444
    ],
    [
      41.872938,
      12.504784
    ],
    [
      41.872278,
      12.504192
    ],
    [
      41.872057,
      12.505665
    ],
    [
      41.87229,
      12.506444
    ],
    [
      41.87388,
      12.507444
    ],
    [
      41.872577,
      12.508444
    ],
    [
      41.872848,
      12.509444
    ],
    [
      41.871947,
      12.510444
    ],
    [
      41.872362,
      12.511528
    ],
    [
      41.871599,
      12.512444
    ],
    [
      41.873278,
      12.514411
    ],
    [
      41.874278,
      12.514294
    ],
    [
      41.875278,
      12.514921
    ],
    [
      41.876331,
      12.517391
    ],
    [
      41.875273,
      12.519444
    ],
    [
      41.875278,
      12.522051
    ],
    [
      41.877278,
      12.522395
    ],
    [
      41.877529,
      12.524193
    ],
    [
      41.878137,
      12.524585
    ],
    [
      41.879278,
      12.524595
    ],
    [
      41.879461,
      12.523627
    ],
    [
      41.880982,
      12.52374
    ],
    [
      41.881271,
      12.525451
    ],
    [
      41.882327,
      12.525444
    ],
    [
      41.883278,
      12.52466
    ],
    [
      41.884373,
      12.526349
    ],
    [
      41.885516,
      12.526682
    ],
    [
      41.890712,
      12.525878
    ],
    [
      41.891549,
      12.517444
    ],
    [
      41.892278,
      12.516724
    ],
    [
      41.893278,
      12.516657
    ],
    [
      41.893966,
      12.516756
    ],
    [
      41.894278,
      12.517545
    ],
    [
      41.89555,
      12.517716
    ],
    [
      41.895575,
      12.516444
    ],
    [
      41.894813,
      12.515444
    ],
    [
      41.895385,
      12.513337
    ],
    [
      41.894537,
      12.511444
    ],
    [
      41.895278,
      12.51069
    ],
    [
      41.895957,
      12.510765
    ],
    [
      41.896278,
      12.511998
    ],
    [
      41.897483,
      12.511444
    ]
  ]
}