{
  "distance500": [
    [
      41.926804,
      12.515987
    ],
    [
      41.927314,
      12.514987
    ],
    [
      41.926131,
      12.513653
    ],
    [
      41.926589,
      12.509987
    ],
    [
      41.925796,
      12.507456
    ],
    [
      41.922796,
      12.507689
    ],
    [
      41.920611,
      12.509801
    ],
    [
      41.920831,
      12.513952
    ],
    [
      41.921029,
      12.514987
    ],
    [
      41.92166,
      12.515123
    ],
    [
      41.921797,
      12.516185
    ],
    [
      41.922796,
      12.515969
    ],
    [
      41.923805,
      12.517996
    ],
    [
      41.924797,
      12.51772
    ],
    [
      41.924955,
      12.517145
    ],
    [
      41.926188,
      12.516987
    ],
    [
      41.926804,
      12.515987
    ]
  ],
  "distance1000": [
    [
      41.93082,
      12.515987
    ],
    [
      41.930646,
      12.515137
    ],
    [
      41.929756,
      12.514987
    ],
    [
      41.93055,
      12.51474
    ],
    [
      41.930171,
      12.511612
    ],
    [
      41.929481,
      12.509987
    ],
    [
      41.930266,
      12.508987
    ],
    [
      41.929014,
      12.507987
    ],
    [
      41.929247,
      12.506987
    ],
    [
      41.928346,
      12.505437
    ],
    [
      41.926209,
      12.503574
    ],
    [
      41.924796,
      12.503042
    ],
    [
      41.919796,
      12.503552
    ],
    [
      41.918273,
      12.505464
    ],
    [
      41.917339,
      12.505987
    ],
    [
      41.917561,
      12.506987
    ],
    [
      41.917229,
      12.507987
    ],
    [
      41.917574,
      12.508987
    ],
    [
      41.916886,
      12.510987
    ],
    [
      41.917671,
      12.513112
    ],
    [
      41.917736,
      12.515047
    ],
    [
      41.918175,
      12.515987
    ],
    [
      41.919584,
      12.516199
    ],
    [
      41.919579,
      12.517769
    ],
    [
      41.918657,
      12.517987
    ],
    [
      41.918426,
      12.519987
    ],
    [
      41.920796,
      12.521311
    ],
    [
      41.921796,
      12.522805
    ],
    [
      41.922796,
      12.521767
    ],
    [
      41.924796,
      12.522422
    ],
    [
      41.92542,
      12.521987
    ],
    [
      41.925475,
      12.520987
    ],
    [
      41.924109,
      12.520675
    ],
    [
      41.924009,
      12.519775
    ],
    [
      41.923082,
      12.518987
    ],
    [
      41.923333,
      12.518524
    ],
    [
      41.923796,
      12.518323
    ],
    [
      41.924542,
      12.519241
    ],
    [
      41.925016,
      12.519206
    ],
    [
      41.925113,
      12.517987
    ],
    [
      41.925796,
      12.517341
    ],
    [
      41.926555,
      12.517987
    ],
    [
      41.926796,
      12.519496
    ],
    [
      41.928574,
      12.519764
    ],
    [
      41.929896,
      12.519086
    ],
    [
      41.93082,
      12.515987
    ]
  ],
  "distance1600": [
    [
      41.935151,
      12.519987
    ],
    [
      41.934647,
      12.514987
    ],
    [
      41.934963,
      12.513987
    ],
    [
      41.934328,
      12.509987
    ],
    [
      41.93539,
      12.508987
    ],
    [
      41.93416,
      12.506987
    ],
    [
      41.933769,
      12.503987
    ],
    [
      41.932797,
      12.503395
    ],
    [
      41.932654,
      12.503844
    ],
    [
      41.930154,
      12.50363
    ],
    [
      41.929969,
      12.50216
    ],
    [
      41.930958,
      12.501987
    ],
    [
      41.930157,
      12.501626
    ],
    [
      41.928486,
      12.502676
    ],
    [
      41.926354,
      12.502429
    ],
    [
      41.926285,
      12.501475
    ],
    [
      41.927091,
      12.500692
    ],
    [
      41.925489,
      12.499294
    ],
    [
      41.925398,
      12.498589
    ],
    [
      41.925834,
      12.497987
    ],
    [
      41.92482,
      12.496964
    ],
    [
      41.920797,
      12.498404
    ],
    [
      41.917797,
      12.497987
    ],
    [
      41.915796,
      12.498873
    ],
    [
      41.915676,
      12.499987
    ],
    [
      41.916466,
      12.500317
    ],
    [
      41.916567,
      12.500987
    ],
    [
      41.916324,
      12.501514
    ],
    [
      41.914935,
      12.501987
    ],
    [
      41.914765,
      12.503987
    ],
    [
      41.91313,
      12.505987
    ],
    [
      41.913244,
      12.508987
    ],
    [
      41.912859,
      12.510987
    ],
    [
      41.913676,
      12.516987
    ],
    [
      41.914928,
      12.518987
    ],
    [
      41.914721,
      12.519987
    ],
    [
      41.915318,
      12.521987
    ],
    [
      41.914927,
      12.522987
    ],
    [
      41.916036,
      12.523747
    ],
    [
      41.916079,
      12.524704
    ],
    [
      41.9204,
      12.527383
    ],
    [
      41.920797,
      12.529011
    ],
    [
      41.921797,
      12.529032
    ],
    [
      41.922218,
      12.527409
    ],
    [
      41.922797,
      12.527122
    ],
    [
      41.924048,
      12.527238
    ],
    [
      41.925797,
      12.526577
    ],
    [
      41.926797,
      12.527364
    ],
    [
      41.927126,
      12.525317
    ],
    [
      41.92853,
      12.525253
    ],
    [
      41.928797,
      12.526778
    ],
    [
      41.929453,
      12.526643
    ],
    [
      41.929907,
      12.525097
    ],
    [
      41.934721,
      12.521987
    ],
    [
      41.934608,
      12.520987
    ],
    [
      41.935151,
      12.519987
    ]
  ]
}