{
  "distance500": [
    [
      41.91961,
      12.558135
    ],
    [
      41.918775,
      12.556135
    ],
    [
      41.917765,
      12.554904
    ],
    [
      41.915534,
      12.553572
    ],
    [
      41.914534,
      12.553737
    ],
    [
      41.913236,
      12.554837
    ],
    [
      41.912527,
      12.556135
    ],
    [
      41.913362,
      12.556307
    ],
    [
      41.913757,
      12.558135
    ],
    [
      41.914284,
      12.558384
    ],
    [
      41.915097,
      12.560572
    ],
    [
      41.916534,
      12.561394
    ],
    [
      41.917534,
      12.561602
    ],
    [
      41.91961,
      12.558135
    ]
  ],
  "distance1000": [
    [
      41.921569,
      12.562135
    ],
    [
      41.920711,
      12.561957
    ],
    [
      41.920595,
      12.560135
    ],
    [
      41.91982,
      12.559135
    ],
    [
      41.920933,
      12.558135
    ],
    [
      41.921027,
      12.555135
    ],
    [
      41.920399,
      12.554135
    ],
    [
      41.920624,
      12.553045
    ],
    [
      41.919899,
      12.552135
    ],
    [
      41.920278,
      12.551135
    ],
    [
      41.920003,
      12.550666
    ],
    [
      41.917638,
      12.550031
    ],
    [
      41.917534,
      12.549619
    ],
    [
      41.916534,
      12.550081
    ],
    [
      41.91626,
      12.550861
    ],
    [
      41.915534,
      12.550963
    ],
    [
      41.914762,
      12.550906
    ],
    [
      41.914534,
      12.54984
    ],
    [
      41.914345,
      12.550946
    ],
    [
      41.913534,
      12.551314
    ],
    [
      41.912534,
      12.551135
    ],
    [
      41.911534,
      12.550157
    ],
    [
      41.910534,
      12.550346
    ],
    [
      41.910267,
      12.551135
    ],
    [
      41.910576,
      12.552135
    ],
    [
      41.909564,
      12.553165
    ],
    [
      41.909183,
      12.555135
    ],
    [
      41.90937,
      12.556299
    ],
    [
      41.908806,
      12.558135
    ],
    [
      41.909584,
      12.558185
    ],
    [
      41.909747,
      12.557347
    ],
    [
      41.911741,
      12.557341
    ],
    [
      41.912047,
      12.556648
    ],
    [
      41.91297,
      12.556699
    ],
    [
      41.913005,
      12.557605
    ],
    [
      41.912279,
      12.558135
    ],
    [
      41.913967,
      12.558702
    ],
    [
      41.914241,
      12.560135
    ],
    [
      41.913534,
      12.560956
    ],
    [
      41.912487,
      12.561088
    ],
    [
      41.912398,
      12.561999
    ],
    [
      41.911659,
      12.562135
    ],
    [
      41.912184,
      12.563135
    ],
    [
      41.914534,
      12.564578
    ],
    [
      41.916534,
      12.565035
    ],
    [
      41.91994,
      12.56454
    ],
    [
      41.920555,
      12.564135
    ],
    [
      41.921569,
      12.562135
    ]
  ],
  "distance1600": [
    [
      41.92464,
      12.568135
    ],
    [
      41.923821,
      12.564135
    ],
    [
      41.923194,
      12.563475
    ],
    [
      41.922887,
      12.561782
    ],
    [
      41.921139,
      12.56153
    ],
    [
      41.920934,
      12.560135
    ],
    [
      41.920034,
      12.559135
    ],
    [
      41.921553,
      12.558153
    ],
    [
      41.921703,
      12.557304
    ],
    [
      41.922534,
      12.557303
    ],
    [
      41.923221,
      12.557447
    ],
    [
      41.923534,
      12.559547
    ],
    [
      41.923864,
      12.556465
    ],
    [
      41.925197,
      12.556135
    ],
    [
      41.923534,
      12.555946
    ],
    [
      41.92282,
      12.555135
    ],
    [
      41.923534,
      12.554333
    ],
    [
      41.924584,
      12.554135
    ],
    [
      41.92387,
      12.553798
    ],
    [
      41.923689,
      12.552135
    ],
    [
      41.922943,
      12.551726
    ],
    [
      41.922799,
      12.551135
    ],
    [
      41.922904,
      12.549505
    ],
    [
      41.923645,
      12.549135
    ],
    [
      41.923534,
      12.547195
    ],
    [
      41.923097,
      12.546571
    ],
    [
      41.922338,
      12.546331
    ],
    [
      41.921768,
      12.544901
    ],
    [
      41.920534,
      12.544586
    ],
    [
      41.918118,
      12.544718
    ],
    [
      41.917534,
      12.545396
    ],
    [
      41.917198,
      12.544799
    ],
    [
      41.917402,
      12.544267
    ],
    [
      41.916534,
      12.543757
    ],
    [
      41.915228,
      12.544135
    ],
    [
      41.914534,
      12.545301
    ],
    [
      41.913534,
      12.544235
    ],
    [
      41.912534,
      12.545056
    ],
    [
      41.908534,
      12.544144
    ],
    [
      41.908089,
      12.54469
    ],
    [
      41.907336,
      12.547333
    ],
    [
      41.90804,
      12.549135
    ],
    [
      41.907534,
      12.549814
    ],
    [
      41.905739,
      12.550339
    ],
    [
      41.905325,
      12.551135
    ],
    [
      41.905086,
      12.555135
    ],
    [
      41.905593,
      12.556135
    ],
    [
      41.904767,
      12.557135
    ],
    [
      41.90485,
      12.558135
    ],
    [
      41.904072,
      12.560135
    ],
    [
      41.906211,
      12.562457
    ],
    [
      41.906997,
      12.562672
    ],
    [
      41.906597,
      12.564135
    ],
    [
      41.907269,
      12.565135
    ],
    [
      41.908534,
      12.566167
    ],
    [
      41.910534,
      12.56607
    ],
    [
      41.91046,
      12.567135
    ],
    [
      41.911534,
      12.568705
    ],
    [
      41.916534,
      12.569168
    ],
    [
      41.918372,
      12.570297
    ],
    [
      41.919822,
      12.570135
    ],
    [
      41.919571,
      12.570098
    ],
    [
      41.919802,
      12.568402
    ],
    [
      41.921222,
      12.567822
    ],
    [
      41.923534,
      12.568479
    ],
    [
      41.92464,
      12.568135
    ]
  ]
}