{
  "distance500": [
    [
      41.91792,
      12.55816
    ],
    [
      41.9194,
      12.55771
    ],
    [
      41.91843,
      12.5577
    ],
    [
      41.918,
      12.5572
    ],
    [
      41.918,
      12.5569
    ],
    [
      41.91801,
      12.55654
    ],
    [
      41.91798,
      12.55594
    ],
    [
      41.91794,
      12.55563
    ],
    [
      41.91619,
      12.55763
    ],
    [
      41.91611,
      12.55763
    ],
    [
      41.91669,
      12.55541
    ],
    [
      41.91638,
      12.55545
    ],
    [
      41.9163,
      12.55504
    ],
    [
      41.91507,
      12.55452
    ],
    [
      41.91468,
      12.55442
    ],
    [
      41.91449,
      12.5546
    ],
    [
      41.91417,
      12.55571
    ],
    [
      41.91368,
      12.55575
    ],
    [
      41.91561,
      12.55841
    ],
    [
      41.91561,
      12.55841
    ],
    [
      41.91561,
      12.55841
    ],
    [
      41.91561,
      12.55841
    ],
    [
      41.91561,
      12.55841
    ],
    [
      41.91561,
      12.55841
    ],
    [
      41.91561,
      12.55841
    ],
    [
      41.91561,
      12.55841
    ],
    [
      41.91482,
      12.55857
    ],
    [
      41.91523,
      12.5585
    ],
    [
      41.91556,
      12.55843
    ],
    [
      41.91559,
      12.55842
    ],
    [
      41.91559,
      12.55842
    ],
    [
      41.91561,
      12.55841
    ],
    [
      41.91559,
      12.55843
    ],
    [
      41.91561,
      12.55841
    ],
    [
      41.9156,
      12.55844
    ],
    [
      41.9156,
      12.55845
    ],
    [
      41.9156,
      12.55845
    ],
    [
      41.91564,
      12.56038
    ],
    [
      41.91591,
      12.5606
    ],
    [
      41.91594,
      12.56023
    ],
    [
      41.91695,
      12.56219
    ],
    [
      41.91757,
      12.56251
    ],
    [
      41.91794,
      12.56168
    ],
    [
      41.91809,
      12.5616
    ],
    [
      41.91713,
      12.55957
    ],
    [
      41.91731,
      12.5594
    ],
    [
      41.91872,
      12.5599
    ],
    [
      41.91802,
      12.55927
    ],
    [
      41.91774,
      12.55871
    ],
    [
      41.91784,
      12.55844
    ]
  ],
  "distance1000": [
    [
      41.9194,
      12.55799
    ],
    [
      41.9194,
      12.55772
    ],
    [
      41.9194,
      12.55732
    ],
    [
      41.91941,
      12.55664
    ],
    [
      41.91992,
      12.55577
    ],
    [
      41.91941,
      12.55572
    ],
    [
      41.92067,
      12.55355
    ],
    [
      41.92035,
      12.55336
    ],
    [
      41.91946,
      12.55273
    ],
    [
      41.92005,
      12.55086
    ],
    [
      41.91855,
      12.55097
    ],
    [
      41.91751,
      12.55165
    ],
    [
      41.91621,
      12.5518
    ],
    [
      41.91488,
      12.55336
    ],
    [
      41.91418,
      12.55189
    ],
    [
      41.91395,
      12.5523
    ],
    [
      41.91205,
      12.55132
    ],
    [
      41.91142,
      12.55113
    ],
    [
      41.91164,
      12.55326
    ],
    [
      41.91083,
      12.55455
    ],
    [
      41.91039,
      12.55487
    ],
    [
      41.91341,
      12.55718
    ],
    [
      41.91335,
      12.55753
    ],
    [
      41.91294,
      12.55786
    ],
    [
      41.9138,
      12.55819
    ],
    [
      41.91387,
      12.55841
    ],
    [
      41.91395,
      12.55863
    ],
    [
      41.91402,
      12.55885
    ],
    [
      41.91415,
      12.55914
    ],
    [
      41.91421,
      12.55931
    ],
    [
      41.91427,
      12.55947
    ],
    [
      41.91436,
      12.5597
    ],
    [
      41.91304,
      12.56153
    ],
    [
      41.91335,
      12.56178
    ],
    [
      41.91376,
      12.5613
    ],
    [
      41.91467,
      12.56107
    ],
    [
      41.91484,
      12.56135
    ],
    [
      41.91493,
      12.56154
    ],
    [
      41.91609,
      12.56177
    ],
    [
      41.9164,
      12.56212
    ],
    [
      41.91681,
      12.56225
    ],
    [
      41.91781,
      12.56253
    ],
    [
      41.91863,
      12.56313
    ],
    [
      41.92112,
      12.56395
    ],
    [
      41.9212,
      12.56363
    ],
    [
      41.92092,
      12.56221
    ],
    [
      41.9222,
      12.56197
    ],
    [
      41.92087,
      12.56038
    ],
    [
      41.92061,
      12.55964
    ],
    [
      41.9194,
      12.5586
    ]
  ],
  "distance1600": [
    [
      41.92334,
      12.55785
    ],
    [
      41.92385,
      12.55654
    ],
    [
      41.92493,
      12.55573
    ],
    [
      41.92258,
      12.5555
    ],
    [
      41.92333,
      12.5538
    ],
    [
      41.92311,
      12.55253
    ],
    [
      41.92272,
      12.55152
    ],
    [
      41.92346,
      12.54817
    ],
    [
      41.92269,
      12.54795
    ],
    [
      41.92193,
      12.54525
    ],
    [
      41.92,
      12.54609
    ],
    [
      41.91919,
      12.54541
    ],
    [
      41.91639,
      12.5453
    ],
    [
      41.91423,
      12.5477
    ],
    [
      41.91393,
      12.54772
    ],
    [
      41.91047,
      12.54646
    ],
    [
      41.90884,
      12.54486
    ],
    [
      41.90845,
      12.54781
    ],
    [
      41.90813,
      12.54974
    ],
    [
      41.90747,
      12.55127
    ],
    [
      41.90697,
      12.55292
    ],
    [
      41.90752,
      12.55476
    ],
    [
      41.90597,
      12.55516
    ],
    [
      41.90526,
      12.5569
    ],
    [
      41.90961,
      12.5578
    ],
    [
      41.91387,
      12.55841
    ],
    [
      41.91395,
      12.55863
    ],
    [
      41.91402,
      12.55885
    ],
    [
      41.91415,
      12.55914
    ],
    [
      41.9078,
      12.56321
    ],
    [
      41.9089,
      12.56284
    ],
    [
      41.91004,
      12.5634
    ],
    [
      41.9103,
      12.56508
    ],
    [
      41.91065,
      12.56528
    ],
    [
      41.91202,
      12.56572
    ],
    [
      41.91327,
      12.56398
    ],
    [
      41.91414,
      12.56373
    ],
    [
      41.91424,
      12.56419
    ],
    [
      41.91638,
      12.56483
    ],
    [
      41.91644,
      12.56388
    ],
    [
      41.91895,
      12.56731
    ],
    [
      41.91979,
      12.56689
    ],
    [
      41.92181,
      12.56728
    ],
    [
      41.92094,
      12.56404
    ],
    [
      41.92229,
      12.5637
    ],
    [
      41.92224,
      12.56253
    ],
    [
      41.9219,
      12.56195
    ],
    [
      41.92087,
      12.56038
    ],
    [
      41.92061,
      12.55964
    ],
    [
      41.92327,
      12.55913
    ]
  ]
}