{
  "distance500": [
    [
      41.924,
      12.51303
    ],
    [
      41.924,
      12.51303
    ],
    [
      41.924,
      12.51303
    ],
    [
      41.924,
      12.51303
    ],
    [
      41.924,
      12.51303
    ],
    [
      41.924,
      12.51303
    ],
    [
      41.924,
      12.51303
    ],
    [
      41.924,
      12.51303
    ],
    [
      41.924,
      12.51303
    ],
    [
      41.924,
      12.51303
    ],
    [
      41.924,
      12.51303
    ],
    [
      41.924,
      12.51303
    ],
    [
      41.924,
      12.51303
    ],
    [
      41.924,
      12.51303
    ],
    [
      41.924,
      12.51303
    ],
    [
      41.924,
      12.51303
    ],
    [
      41.924,
      12.51303
    ],
    [
      41.924,
      12.51303
    ],
    [
      41.924,
      12.51303
    ],
    [
      41.924,
      12.51303
    ],
    [
      41.924,
      12.51303
    ],
    [
      41.924,
      12.51303
    ],
    [
      41.924,
      12.51303
    ],
    [
      41.924,
      12.51303
    ],
    [
      41.924,
      12.51303
    ],
    [
      41.924,
      12.51303
    ],
    [
      41.924,
      12.51303
    ],
    [
      41.924,
      12.51303
    ],
    [
      41.924,
      12.51303
    ],
    [
      41.924,
      12.51303
    ],
    [
      41.924,
      12.51303
    ],
    [
      41.924,
      12.51303
    ],
    [
      41.924,
      12.51303
    ],
    [
      41.924,
      12.51303
    ],
    [
      41.92339,
      12.51413
    ],
    [
      41.92344,
      12.51458
    ],
    [
      41.92352,
      12.5148
    ],
    [
      41.92415,
      12.51613
    ],
    [
      41.92449,
      12.51631
    ],
    [
      41.92448,
      12.5162
    ],
    [
      41.92489,
      12.51587
    ],
    [
      41.924,
      12.51303
    ],
    [
      41.924,
      12.51303
    ],
    [
      41.924,
      12.51303
    ],
    [
      41.924,
      12.51303
    ],
    [
      41.924,
      12.51303
    ],
    [
      41.924,
      12.51303
    ],
    [
      41.924,
      12.51303
    ],
    [
      41.924,
      12.51303
    ],
    [
      41.924,
      12.51303
    ]
  ],
  "distance1000": [
    [
      41.924,
      12.51303
    ],
    [
      41.924,
      12.51303
    ],
    [
      41.924,
      12.51303
    ],
    [
      41.924,
      12.51303
    ],
    [
      41.924,
      12.51303
    ],
    [
      41.924,
      12.51303
    ],
    [
      41.924,
      12.51303
    ],
    [
      41.924,
      12.51303
    ],
    [
      41.924,
      12.51303
    ],
    [
      41.92486,
      12.51113
    ],
    [
      41.92474,
      12.51095
    ],
    [
      41.92519,
      12.5088
    ],
    [
      41.92382,
      12.50927
    ],
    [
      41.92376,
      12.50938
    ],
    [
      41.9235,
      12.50987
    ],
    [
      41.92312,
      12.51061
    ],
    [
      41.92301,
      12.51083
    ],
    [
      41.92288,
      12.51107
    ],
    [
      41.92089,
      12.50976
    ],
    [
      41.92311,
      12.51231
    ],
    [
      41.92184,
      12.51148
    ],
    [
      41.92122,
      12.51164
    ],
    [
      41.92193,
      12.51228
    ],
    [
      41.9223,
      12.51262
    ],
    [
      41.92189,
      12.51298
    ],
    [
      41.92097,
      12.51337
    ],
    [
      41.92104,
      12.51341
    ],
    [
      41.91997,
      12.51423
    ],
    [
      41.92076,
      12.51454
    ],
    [
      41.92049,
      12.51529
    ],
    [
      41.92075,
      12.51525
    ],
    [
      41.9213,
      12.51532
    ],
    [
      41.9204,
      12.51727
    ],
    [
      41.92072,
      12.51747
    ],
    [
      41.92069,
      12.51863
    ],
    [
      41.92263,
      12.51614
    ],
    [
      41.92311,
      12.51611
    ],
    [
      41.9241,
      12.51755
    ],
    [
      41.92428,
      12.51769
    ],
    [
      41.92507,
      12.51735
    ],
    [
      41.92534,
      12.51673
    ],
    [
      41.92693,
      12.51938
    ],
    [
      41.92746,
      12.51807
    ],
    [
      41.92794,
      12.51712
    ],
    [
      41.92878,
      12.51746
    ],
    [
      41.92929,
      12.51651
    ],
    [
      41.924,
      12.51303
    ],
    [
      41.924,
      12.51303
    ],
    [
      41.924,
      12.51303
    ],
    [
      41.924,
      12.51303
    ]
  ],
  "distance1600": [
    [
      41.93018,
      12.51272
    ],
    [
      41.93017,
      12.5121
    ],
    [
      41.93085,
      12.51106
    ],
    [
      41.92934,
      12.51096
    ],
    [
      41.92859,
      12.51023
    ],
    [
      41.92978,
      12.50918
    ],
    [
      41.92901,
      12.50883
    ],
    [
      41.92836,
      12.50727
    ],
    [
      41.92802,
      12.50697
    ],
    [
      41.92712,
      12.50619
    ],
    [
      41.92666,
      12.50579
    ],
    [
      41.92569,
      12.50636
    ],
    [
      41.92509,
      12.50427
    ],
    [
      41.92327,
      12.50399
    ],
    [
      41.92243,
      12.50363
    ],
    [
      41.92117,
      12.50461
    ],
    [
      41.91988,
      12.50408
    ],
    [
      41.91855,
      12.50429
    ],
    [
      41.91708,
      12.50522
    ],
    [
      41.91907,
      12.50935
    ],
    [
      41.91869,
      12.50991
    ],
    [
      41.91855,
      12.51012
    ],
    [
      41.91751,
      12.51114
    ],
    [
      41.91613,
      12.51114
    ],
    [
      41.91668,
      12.51233
    ],
    [
      41.91607,
      12.51316
    ],
    [
      41.91797,
      12.51404
    ],
    [
      41.91845,
      12.51495
    ],
    [
      41.91857,
      12.51514
    ],
    [
      41.91648,
      12.51736
    ],
    [
      41.91682,
      12.5178
    ],
    [
      41.91559,
      12.52034
    ],
    [
      41.91722,
      12.52168
    ],
    [
      41.91753,
      12.52252
    ],
    [
      41.91796,
      12.52332
    ],
    [
      41.92067,
      12.52127
    ],
    [
      41.92022,
      12.52425
    ],
    [
      41.92112,
      12.52518
    ],
    [
      41.92545,
      12.52409
    ],
    [
      41.92635,
      12.52347
    ],
    [
      41.92916,
      12.52521
    ],
    [
      41.92978,
      12.52373
    ],
    [
      41.93087,
      12.52292
    ],
    [
      41.93168,
      12.52288
    ],
    [
      41.93335,
      12.52125
    ],
    [
      41.93135,
      12.51826
    ],
    [
      41.93014,
      12.51632
    ],
    [
      41.93076,
      12.51562
    ],
    [
      41.93077,
      12.51472
    ],
    [
      41.92974,
      12.51323
    ]
  ]
}