{
  "distance500": [
    [
      42.010809,
      12.520812
    ],
    [
      42.011395,
      12.519812
    ],
    [
      42.010615,
      12.518949
    ],
    [
      42.009399,
      12.519028
    ],
    [
      42.008615,
      12.516726
    ],
    [
      42.007356,
      12.516812
    ],
    [
      42.007479,
      12.517812
    ],
    [
      42.006615,
      12.518513
    ],
    [
      42.005615,
      12.517376
    ],
    [
      42.004615,
      12.517105
    ],
    [
      42.003615,
      12.517047
    ],
    [
      42.002894,
      12.517812
    ],
    [
      42.004397,
      12.52003
    ],
    [
      42.005615,
      12.519304
    ],
    [
      42.006615,
      12.520498
    ],
    [
      42.009298,
      12.521129
    ],
    [
      42.010809,
      12.520812
    ]
  ],
  "distance1000": [
    [
      42.014626,
      12.523812
    ],
    [
      42.014991,
      12.522187
    ],
    [
      42.014796,
      12.520631
    ],
    [
      42.012937,
      12.51949
    ],
    [
      42.012615,
      12.518204
    ],
    [
      42.009615,
      12.517281
    ],
    [
      42.008615,
      12.516137
    ],
    [
      42.007016,
      12.516411
    ],
    [
      42.005615,
      12.515036
    ],
    [
      42.004154,
      12.516351
    ],
    [
      42.002427,
      12.516624
    ],
    [
      42.000615,
      12.518628
    ],
    [
      41.999795,
      12.518632
    ],
    [
      41.999615,
      12.517755
    ],
    [
      41.998848,
      12.517812
    ],
    [
      41.999506,
      12.517921
    ],
    [
      41.999615,
      12.519672
    ],
    [
      42.000228,
      12.520199
    ],
    [
      42.000615,
      12.521424
    ],
    [
      42.002332,
      12.522095
    ],
    [
      42.002549,
      12.523812
    ],
    [
      42.003443,
      12.523984
    ],
    [
      42.003615,
      12.524937
    ],
    [
      42.00441,
      12.524607
    ],
    [
      42.004615,
      12.52341
    ],
    [
      42.006615,
      12.524306
    ],
    [
      42.007615,
      12.525957
    ],
    [
      42.008737,
      12.523934
    ],
    [
      42.009615,
      12.524012
    ],
    [
      42.010079,
      12.523276
    ],
    [
      42.011325,
      12.523102
    ],
    [
      42.012274,
      12.523812
    ],
    [
      42.012615,
      12.525507
    ],
    [
      42.014626,
      12.523812
    ]
  ],
  "distance1600": [
    [
      42.01781,
      12.521812
    ],
    [
      42.017615,
      12.521013
    ],
    [
      42.016615,
      12.521549
    ],
    [
      42.01581,
      12.520812
    ],
    [
      42.01599,
      12.520187
    ],
    [
      42.017155,
      12.519812
    ],
    [
      42.013615,
      12.519394
    ],
    [
      42.012817,
      12.51761
    ],
    [
      42.011765,
      12.516662
    ],
    [
      42.010615,
      12.517315
    ],
    [
      42.009795,
      12.516812
    ],
    [
      42.009776,
      12.515812
    ],
    [
      42.008828,
      12.514812
    ],
    [
      42.008615,
      12.511821
    ],
    [
      42.008355,
      12.515812
    ],
    [
      42.007258,
      12.516169
    ],
    [
      42.006813,
      12.510812
    ],
    [
      42.00687,
      12.510067
    ],
    [
      42.007455,
      12.509812
    ],
    [
      42.006841,
      12.509586
    ],
    [
      42.006615,
      12.507872
    ],
    [
      42.00637,
      12.509566
    ],
    [
      42.004535,
      12.510732
    ],
    [
      42.004193,
      12.51239
    ],
    [
      42.003432,
      12.512812
    ],
    [
      42.003439,
      12.514812
    ],
    [
      42.004072,
      12.515355
    ],
    [
      42.003959,
      12.516156
    ],
    [
      42.002615,
      12.516314
    ],
    [
      42.001615,
      12.517322
    ],
    [
      41.998615,
      12.517444
    ],
    [
      41.997615,
      12.516533
    ],
    [
      41.995996,
      12.516431
    ],
    [
      41.995718,
      12.515709
    ],
    [
      41.994791,
      12.515636
    ],
    [
      41.994589,
      12.514785
    ],
    [
      41.994218,
      12.514812
    ],
    [
      41.994561,
      12.514866
    ],
    [
      41.994454,
      12.516651
    ],
    [
      41.993738,
      12.516812
    ],
    [
      41.995312,
      12.517115
    ],
    [
      41.995615,
      12.518829
    ],
    [
      41.9959,
      12.518097
    ],
    [
      41.999019,
      12.518408
    ],
    [
      41.999036,
      12.519233
    ],
    [
      41.998293,
      12.519812
    ],
    [
      41.999011,
      12.522812
    ],
    [
      41.999685,
      12.522882
    ],
    [
      42.000142,
      12.521338
    ],
    [
      42.001004,
      12.521423
    ],
    [
      42.002001,
      12.522426
    ],
    [
      42.002214,
      12.523812
    ],
    [
      42.003234,
      12.524812
    ],
    [
      42.003399,
      12.526028
    ],
    [
      42.004615,
      12.52712
    ],
    [
      42.00609,
      12.527337
    ],
    [
      42.006615,
      12.528084
    ],
    [
      42.009615,
      12.527977
    ],
    [
      42.01076,
      12.526957
    ],
    [
      42.00992,
      12.525812
    ],
    [
      42.010075,
      12.523812
    ],
    [
      42.011026,
      12.523223
    ],
    [
      42.011277,
      12.522474
    ],
    [
      42.011969,
      12.522458
    ],
    [
      42.012026,
      12.523222
    ],
    [
      42.01133,
      12.523526
    ],
    [
      42.011342,
      12.524812
    ],
    [
      42.014395,
      12.527812
    ],
    [
      42.014648,
      12.530845
    ],
    [
      42.014971,
      12.530812
    ],
    [
      42.014655,
      12.530772
    ],
    [
      42.015004,
      12.528201
    ],
    [
      42.016425,
      12.528002
    ],
    [
      42.016859,
      12.528812
    ],
    [
      42.016679,
      12.527748
    ],
    [
      42.01592,
      12.527507
    ],
    [
      42.014927,
      12.525812
    ],
    [
      42.014995,
      12.523812
    ],
    [
      42.015615,
      12.523147
    ],
    [
      42.016802,
      12.522998
    ],
    [
      42.01781,
      12.521812
    ]
  ]
}