{
  "distance500": [
    [
      41.856996,
      12.568929
    ],
    [
      41.857196,
      12.562929
    ],
    [
      41.856787,
      12.559878
    ],
    [
      41.850426,
      12.560929
    ],
    [
      41.850009,
      12.564929
    ],
    [
      41.850736,
      12.569076
    ],
    [
      41.852736,
      12.569848
    ],
    [
      41.85388,
      12.569074
    ],
    [
      41.856996,
      12.568929
    ]
  ],
  "distance1000": [
    [
      41.860784,
      12.569929
    ],
    [
      41.859113,
      12.569552
    ],
    [
      41.858958,
      12.568929
    ],
    [
      41.859149,
      12.568343
    ],
    [
      41.860662,
      12.568003
    ],
    [
      41.860736,
      12.568359
    ],
    [
      41.86106,
      12.567929
    ],
    [
      41.860736,
      12.567374
    ],
    [
      41.86066,
      12.567854
    ],
    [
      41.859736,
      12.567793
    ],
    [
      41.858963,
      12.566929
    ],
    [
      41.859113,
      12.566307
    ],
    [
      41.860696,
      12.565969
    ],
    [
      41.860736,
      12.566332
    ],
    [
      41.860861,
      12.565929
    ],
    [
      41.860223,
      12.562929
    ],
    [
      41.859533,
      12.561929
    ],
    [
      41.860165,
      12.560929
    ],
    [
      41.85985,
      12.555929
    ],
    [
      41.859502,
      12.555163
    ],
    [
      41.853736,
      12.555498
    ],
    [
      41.852736,
      12.556097
    ],
    [
      41.849736,
      12.556378
    ],
    [
      41.848807,
      12.557001
    ],
    [
      41.848224,
      12.559418
    ],
    [
      41.846456,
      12.560929
    ],
    [
      41.846486,
      12.564179
    ],
    [
      41.848332,
      12.564333
    ],
    [
      41.848596,
      12.566069
    ],
    [
      41.850374,
      12.567929
    ],
    [
      41.850315,
      12.569509
    ],
    [
      41.849615,
      12.569929
    ],
    [
      41.849623,
      12.570929
    ],
    [
      41.850345,
      12.57132
    ],
    [
      41.850451,
      12.572645
    ],
    [
      41.84899,
      12.572929
    ],
    [
      41.849474,
      12.574191
    ],
    [
      41.854736,
      12.573509
    ],
    [
      41.855736,
      12.574244
    ],
    [
      41.857736,
      12.574402
    ],
    [
      41.858816,
      12.573929
    ],
    [
      41.858873,
      12.572929
    ],
    [
      41.85985,
      12.572044
    ],
    [
      41.860784,
      12.569929
    ]
  ],
  "distance1600": [
    [
      41.865804,
      12.567929
    ],
    [
      41.864066,
      12.566929
    ],
    [
      41.864655,
      12.565929
    ],
    [
      41.864003,
      12.563929
    ],
    [
      41.864754,
      12.561948
    ],
    [
      41.863929,
      12.561736
    ],
    [
      41.863944,
      12.558721
    ],
    [
      41.863316,
      12.555929
    ],
    [
      41.863108,
      12.551929
    ],
    [
      41.862556,
      12.550109
    ],
    [
      41.861736,
      12.549151
    ],
    [
      41.860736,
      12.548972
    ],
    [
      41.858033,
      12.550226
    ],
    [
      41.856674,
      12.549868
    ],
    [
      41.855736,
      12.550595
    ],
    [
      41.854868,
      12.549797
    ],
    [
      41.853736,
      12.549602
    ],
    [
      41.852736,
      12.550107
    ],
    [
      41.852329,
      12.551523
    ],
    [
      41.851028,
      12.553222
    ],
    [
      41.848488,
      12.554682
    ],
    [
      41.848364,
      12.556929
    ],
    [
      41.847213,
      12.558406
    ],
    [
      41.844044,
      12.558621
    ],
    [
      41.842736,
      12.557401
    ],
    [
      41.8426,
      12.557794
    ],
    [
      41.842561,
      12.560929
    ],
    [
      41.842736,
      12.560934
    ],
    [
      41.842749,
      12.560916
    ],
    [
      41.842932,
      12.560126
    ],
    [
      41.843736,
      12.560075
    ],
    [
      41.844736,
      12.560203
    ],
    [
      41.845388,
      12.560929
    ],
    [
      41.844463,
      12.561929
    ],
    [
      41.844242,
      12.563436
    ],
    [
      41.842425,
      12.563929
    ],
    [
      41.842011,
      12.564929
    ],
    [
      41.842199,
      12.565929
    ],
    [
      41.84257,
      12.566095
    ],
    [
      41.842736,
      12.568236
    ],
    [
      41.843924,
      12.568929
    ],
    [
      41.844082,
      12.567275
    ],
    [
      41.844888,
      12.567082
    ],
    [
      41.847736,
      12.56435
    ],
    [
      41.84827,
      12.564929
    ],
    [
      41.848427,
      12.566238
    ],
    [
      41.850197,
      12.567929
    ],
    [
      41.850088,
      12.569282
    ],
    [
      41.849311,
      12.569929
    ],
    [
      41.849315,
      12.570929
    ],
    [
      41.850101,
      12.571564
    ],
    [
      41.850111,
      12.572305
    ],
    [
      41.848496,
      12.57269
    ],
    [
      41.846736,
      12.574592
    ],
    [
      41.844736,
      12.574422
    ],
    [
      41.844309,
      12.574929
    ],
    [
      41.846736,
      12.575144
    ],
    [
      41.847473,
      12.575929
    ],
    [
      41.846553,
      12.576929
    ],
    [
      41.846537,
      12.578731
    ],
    [
      41.845703,
      12.578897
    ],
    [
      41.845736,
      12.579438
    ],
    [
      41.846736,
      12.57958
    ],
    [
      41.847011,
      12.578205
    ],
    [
      41.848736,
      12.578093
    ],
    [
      41.849421,
      12.578244
    ],
    [
      41.849974,
      12.580168
    ],
    [
      41.851773,
      12.578967
    ],
    [
      41.852786,
      12.57898
    ],
    [
      41.853134,
      12.577328
    ],
    [
      41.853736,
      12.577137
    ],
    [
      41.8544,
      12.577265
    ],
    [
      41.854675,
      12.57799
    ],
    [
      41.85557,
      12.578095
    ],
    [
      41.855592,
      12.579786
    ],
    [
      41.854396,
      12.579929
    ],
    [
      41.854736,
      12.580227
    ],
    [
      41.856736,
      12.580663
    ],
    [
      41.857736,
      12.579545
    ],
    [
      41.859736,
      12.579573
    ],
    [
      41.859992,
      12.578186
    ],
    [
      41.860814,
      12.577929
    ],
    [
      41.861068,
      12.576261
    ],
    [
      41.862678,
      12.575929
    ],
    [
      41.863199,
      12.574929
    ],
    [
      41.862978,
      12.573929
    ],
    [
      41.863446,
      12.57264
    ],
    [
      41.864736,
      12.571137
    ],
    [
      41.864925,
      12.569119
    ],
    [
      41.865516,
      12.568929
    ],
    [
      41.865804,
      12.567929
    ]
  ]
}