{
  "distance500": [
    [
      41.85375,
      12.56495
    ],
    [
      41.85375,
      12.56495
    ],
    [
      41.85375,
      12.56495
    ],
    [
      41.85375,
      12.56495
    ],
    [
      41.85375,
      12.56495
    ],
    [
      41.85375,
      12.56495
    ],
    [
      41.85375,
      12.56495
    ],
    [
      41.85375,
      12.56495
    ],
    [
      41.85375,
      12.56495
    ],
    [
      41.85427,
      12.56412
    ],
    [
      41.85414,
      12.56396
    ],
    [
      41.85474,
      12.56173
    ],
    [
      41.85469,
      12.56092
    ],
    [
      41.85348,
      12.56251
    ],
    [
      41.85314,
      12.56212
    ],
    [
      41.85235,
      12.56121
    ],
    [
      41.85217,
      12.56179
    ],
    [
      41.85185,
      12.56222
    ],
    [
      41.85153,
      12.56265
    ],
    [
      41.85176,
      12.56306
    ],
    [
      41.85138,
      12.56357
    ],
    [
      41.85087,
      12.56359
    ],
    [
      41.85075,
      12.56376
    ],
    [
      41.85139,
      12.56462
    ],
    [
      41.85143,
      12.56467
    ],
    [
      41.85175,
      12.56509
    ],
    [
      41.8516,
      12.56532
    ],
    [
      41.85131,
      12.56577
    ],
    [
      41.85109,
      12.5661
    ],
    [
      41.85062,
      12.56679
    ],
    [
      41.85109,
      12.5667
    ],
    [
      41.85078,
      12.56769
    ],
    [
      41.85111,
      12.56811
    ],
    [
      41.85144,
      12.56829
    ],
    [
      41.85175,
      12.56913
    ],
    [
      41.85196,
      12.56939
    ],
    [
      41.85233,
      12.56933
    ],
    [
      41.85265,
      12.56936
    ],
    [
      41.85406,
      12.56834
    ],
    [
      41.85446,
      12.56852
    ],
    [
      41.85496,
      12.56873
    ],
    [
      41.8546,
      12.56662
    ],
    [
      41.85375,
      12.56495
    ],
    [
      41.85375,
      12.56495
    ],
    [
      41.85375,
      12.56495
    ],
    [
      41.85375,
      12.56495
    ],
    [
      41.85375,
      12.56495
    ],
    [
      41.85375,
      12.56495
    ],
    [
      41.85375,
      12.56495
    ],
    [
      41.85375,
      12.56495
    ]
  ],
  "distance1000": [
    [
      41.85726,
      12.56456
    ],
    [
      41.85824,
      12.56429
    ],
    [
      41.85778,
      12.56358
    ],
    [
      41.85805,
      12.56305
    ],
    [
      41.857,
      12.56314
    ],
    [
      41.85675,
      12.56256
    ],
    [
      41.85783,
      12.56094
    ],
    [
      41.8578,
      12.56067
    ],
    [
      41.85593,
      12.56171
    ],
    [
      41.85748,
      12.55791
    ],
    [
      41.85751,
      12.55622
    ],
    [
      41.85622,
      12.5564
    ],
    [
      41.85549,
      12.55657
    ],
    [
      41.85337,
      12.55764
    ],
    [
      41.85277,
      12.55845
    ],
    [
      41.85215,
      12.55928
    ],
    [
      41.85142,
      12.56004
    ],
    [
      41.85185,
      12.56222
    ],
    [
      41.85153,
      12.56265
    ],
    [
      41.85142,
      12.5628
    ],
    [
      41.85102,
      12.56337
    ],
    [
      41.84976,
      12.56327
    ],
    [
      41.84951,
      12.56357
    ],
    [
      41.84914,
      12.56402
    ],
    [
      41.84877,
      12.56448
    ],
    [
      41.84907,
      12.56498
    ],
    [
      41.84926,
      12.56574
    ],
    [
      41.84967,
      12.56645
    ],
    [
      41.8497,
      12.56649
    ],
    [
      41.84999,
      12.56691
    ],
    [
      41.85028,
      12.56732
    ],
    [
      41.84955,
      12.56935
    ],
    [
      41.84996,
      12.56987
    ],
    [
      41.85026,
      12.57024
    ],
    [
      41.84959,
      12.57378
    ],
    [
      41.8502,
      12.5729
    ],
    [
      41.85134,
      12.57209
    ],
    [
      41.85196,
      12.57235
    ],
    [
      41.85488,
      12.57278
    ],
    [
      41.85502,
      12.57296
    ],
    [
      41.85607,
      12.574
    ],
    [
      41.85567,
      12.56904
    ],
    [
      41.85602,
      12.56859
    ],
    [
      41.85633,
      12.56816
    ],
    [
      41.85679,
      12.56764
    ],
    [
      41.85712,
      12.56721
    ],
    [
      41.85863,
      12.56765
    ],
    [
      41.85774,
      12.56639
    ],
    [
      41.8583,
      12.56561
    ],
    [
      41.85699,
      12.56504
    ]
  ],
  "distance1600": [
    [
      41.8615,
      12.56471
    ],
    [
      41.86155,
      12.5632
    ],
    [
      41.86221,
      12.56192
    ],
    [
      41.86207,
      12.56146
    ],
    [
      41.86177,
      12.56019
    ],
    [
      41.86168,
      12.55868
    ],
    [
      41.86149,
      12.55772
    ],
    [
      41.86131,
      12.5566
    ],
    [
      41.86111,
      12.55474
    ],
    [
      41.85959,
      12.55239
    ],
    [
      41.85844,
      12.5538
    ],
    [
      41.85765,
      12.55191
    ],
    [
      41.85491,
      12.55198
    ],
    [
      41.85337,
      12.55764
    ],
    [
      41.85277,
      12.55845
    ],
    [
      41.85215,
      12.55928
    ],
    [
      41.85142,
      12.56004
    ],
    [
      41.85114,
      12.56028
    ],
    [
      41.85052,
      12.56084
    ],
    [
      41.84974,
      12.56161
    ],
    [
      41.84909,
      12.56223
    ],
    [
      41.84849,
      12.56274
    ],
    [
      41.848,
      12.56328
    ],
    [
      41.84836,
      12.56391
    ],
    [
      41.84877,
      12.56448
    ],
    [
      41.84907,
      12.56498
    ],
    [
      41.84926,
      12.56574
    ],
    [
      41.84967,
      12.56645
    ],
    [
      41.8497,
      12.56649
    ],
    [
      41.84999,
      12.56691
    ],
    [
      41.85028,
      12.56732
    ],
    [
      41.84566,
      12.57332
    ],
    [
      41.84472,
      12.57495
    ],
    [
      41.84638,
      12.57491
    ],
    [
      41.84599,
      12.57918
    ],
    [
      41.8502,
      12.5729
    ],
    [
      41.85171,
      12.57259
    ],
    [
      41.85396,
      12.57561
    ],
    [
      41.85477,
      12.57985
    ],
    [
      41.85589,
      12.57895
    ],
    [
      41.85607,
      12.57402
    ],
    [
      41.8591,
      12.57476
    ],
    [
      41.85994,
      12.57444
    ],
    [
      41.86021,
      12.57293
    ],
    [
      41.8612,
      12.57137
    ],
    [
      41.86155,
      12.56975
    ],
    [
      41.86194,
      12.56958
    ],
    [
      41.86245,
      12.56798
    ],
    [
      41.86248,
      12.5672
    ],
    [
      41.86251,
      12.56522
    ]
  ]
}