{
  "distance500": [
    [
      41.89395,
      12.55103
    ],
    [
      41.89233,
      12.55092
    ],
    [
      41.89223,
      12.55027
    ],
    [
      41.89264,
      12.54967
    ],
    [
      41.89245,
      12.54956
    ],
    [
      41.89165,
      12.54986
    ],
    [
      41.89111,
      12.5499
    ],
    [
      41.89186,
      12.54828
    ],
    [
      41.89099,
      12.54923
    ],
    [
      41.89081,
      12.54843
    ],
    [
      41.89052,
      12.54835
    ],
    [
      41.89042,
      12.54818
    ],
    [
      41.88985,
      12.5455
    ],
    [
      41.88919,
      12.54637
    ],
    [
      41.88899,
      12.54931
    ],
    [
      41.88864,
      12.54934
    ],
    [
      41.88846,
      12.54936
    ],
    [
      41.88743,
      12.54763
    ],
    [
      41.88789,
      12.5494
    ],
    [
      41.88838,
      12.55029
    ],
    [
      41.88947,
      12.55128
    ],
    [
      41.88947,
      12.55128
    ],
    [
      41.88947,
      12.55128
    ],
    [
      41.88947,
      12.55128
    ],
    [
      41.88947,
      12.55128
    ],
    [
      41.88947,
      12.55128
    ],
    [
      41.88947,
      12.55128
    ],
    [
      41.88947,
      12.55128
    ],
    [
      41.88947,
      12.55128
    ],
    [
      41.88947,
      12.55128
    ],
    [
      41.88947,
      12.55128
    ],
    [
      41.88947,
      12.55128
    ],
    [
      41.88689,
      12.55406
    ],
    [
      41.88762,
      12.55406
    ],
    [
      41.88809,
      12.55403
    ],
    [
      41.88834,
      12.55401
    ],
    [
      41.88879,
      12.55397
    ],
    [
      41.88879,
      12.55499
    ],
    [
      41.89004,
      12.55682
    ],
    [
      41.8905,
      12.55593
    ],
    [
      41.89062,
      12.5559
    ],
    [
      41.89057,
      12.55363
    ],
    [
      41.891,
      12.55349
    ],
    [
      41.89123,
      12.55323
    ],
    [
      41.89137,
      12.55306
    ],
    [
      41.89147,
      12.55252
    ],
    [
      41.89145,
      12.5524
    ],
    [
      41.89141,
      12.55205
    ],
    [
      41.89137,
      12.55175
    ],
    [
      41.89373,
      12.55133
    ]
  ],
  "distance1000": [
    [
      41.89675,
      12.55048
    ],
    [
      41.89756,
      12.5497
    ],
    [
      41.89582,
      12.5489
    ],
    [
      41.89658,
      12.54799
    ],
    [
      41.89565,
      12.5474
    ],
    [
      41.89596,
      12.54626
    ],
    [
      41.89522,
      12.54558
    ],
    [
      41.89448,
      12.54579
    ],
    [
      41.89329,
      12.54608
    ],
    [
      41.89314,
      12.54356
    ],
    [
      41.89064,
      12.54857
    ],
    [
      41.89193,
      12.54185
    ],
    [
      41.89092,
      12.54078
    ],
    [
      41.88891,
      12.54235
    ],
    [
      41.88787,
      12.54272
    ],
    [
      41.88599,
      12.54334
    ],
    [
      41.8857,
      12.54324
    ],
    [
      41.88639,
      12.54586
    ],
    [
      41.886,
      12.54693
    ],
    [
      41.88537,
      12.54791
    ],
    [
      41.88542,
      12.54874
    ],
    [
      41.88488,
      12.54934
    ],
    [
      41.88469,
      12.54978
    ],
    [
      41.88947,
      12.55128
    ],
    [
      41.88947,
      12.55128
    ],
    [
      41.88947,
      12.55128
    ],
    [
      41.88947,
      12.55128
    ],
    [
      41.88332,
      12.55295
    ],
    [
      41.8839,
      12.55405
    ],
    [
      41.88394,
      12.55422
    ],
    [
      41.88532,
      12.55412
    ],
    [
      41.88634,
      12.55408
    ],
    [
      41.8869,
      12.55406
    ],
    [
      41.88762,
      12.55406
    ],
    [
      41.88809,
      12.55403
    ],
    [
      41.88834,
      12.55401
    ],
    [
      41.88879,
      12.55397
    ],
    [
      41.88954,
      12.5615
    ],
    [
      41.89105,
      12.56263
    ],
    [
      41.89109,
      12.56202
    ],
    [
      41.89193,
      12.56018
    ],
    [
      41.89298,
      12.55882
    ],
    [
      41.89343,
      12.5579
    ],
    [
      41.89447,
      12.55727
    ],
    [
      41.89426,
      12.55495
    ],
    [
      41.89435,
      12.55489
    ],
    [
      41.89424,
      12.55399
    ],
    [
      41.89656,
      12.55336
    ],
    [
      41.89692,
      12.55249
    ],
    [
      41.89722,
      12.55159
    ]
  ],
  "distance1600": [
    [
      41.89763,
      12.55036
    ],
    [
      41.89786,
      12.54958
    ],
    [
      41.89707,
      12.54918
    ],
    [
      41.89774,
      12.54736
    ],
    [
      41.89754,
      12.54681
    ],
    [
      41.8972,
      12.54561
    ],
    [
      41.89687,
      12.54353
    ],
    [
      41.89652,
      12.542
    ],
    [
      41.8971,
      12.54057
    ],
    [
      41.89491,
      12.54036
    ],
    [
      41.8939,
      12.54051
    ],
    [
      41.89361,
      12.53764
    ],
    [
      41.89099,
      12.53442
    ],
    [
      41.88756,
      12.5375
    ],
    [
      41.88604,
      12.53652
    ],
    [
      41.88591,
      12.53723
    ],
    [
      41.88497,
      12.54159
    ],
    [
      41.88233,
      12.54165
    ],
    [
      41.88037,
      12.54236
    ],
    [
      41.8818,
      12.54434
    ],
    [
      41.88542,
      12.54874
    ],
    [
      41.88488,
      12.54934
    ],
    [
      41.88461,
      12.54995
    ],
    [
      41.88433,
      12.55055
    ],
    [
      41.88341,
      12.55092
    ],
    [
      41.87799,
      12.55237
    ],
    [
      41.87833,
      12.55322
    ],
    [
      41.87923,
      12.5546
    ],
    [
      41.88029,
      12.55598
    ],
    [
      41.88165,
      12.55615
    ],
    [
      41.88215,
      12.55632
    ],
    [
      41.88295,
      12.55683
    ],
    [
      41.88317,
      12.55862
    ],
    [
      41.88762,
      12.55406
    ],
    [
      41.88429,
      12.5619
    ],
    [
      41.88516,
      12.56321
    ],
    [
      41.88597,
      12.56439
    ],
    [
      41.88924,
      12.56708
    ],
    [
      41.89045,
      12.56863
    ],
    [
      41.89309,
      12.56688
    ],
    [
      41.89399,
      12.5667
    ],
    [
      41.89491,
      12.5633
    ],
    [
      41.8959,
      12.56279
    ],
    [
      41.89691,
      12.56044
    ],
    [
      41.89843,
      12.55808
    ],
    [
      41.89932,
      12.55785
    ],
    [
      41.89938,
      12.55652
    ],
    [
      41.89916,
      12.55522
    ],
    [
      41.89843,
      12.55256
    ],
    [
      41.89784,
      12.55162
    ]
  ]
}