{
  "distance500": [
    [
      41.90133,
      12.49751
    ],
    [
      41.90133,
      12.49751
    ],
    [
      41.90133,
      12.49751
    ],
    [
      41.90133,
      12.49751
    ],
    [
      41.90133,
      12.49751
    ],
    [
      41.90133,
      12.49751
    ],
    [
      41.90133,
      12.49751
    ],
    [
      41.90133,
      12.49751
    ],
    [
      41.90133,
      12.49751
    ],
    [
      41.90133,
      12.49751
    ],
    [
      41.90133,
      12.49751
    ],
    [
      41.90133,
      12.49751
    ],
    [
      41.90133,
      12.49751
    ],
    [
      41.90133,
      12.49751
    ],
    [
      41.90133,
      12.49751
    ],
    [
      41.90133,
      12.49751
    ],
    [
      41.90133,
      12.49751
    ],
    [
      41.90094,
      12.49689
    ],
    [
      41.90087,
      12.49697
    ],
    [
      41.90077,
      12.49709
    ],
    [
      41.90074,
      12.49713
    ],
    [
      41.90069,
      12.49721
    ],
    [
      41.89864,
      12.4968
    ],
    [
      41.89818,
      12.49687
    ],
    [
      41.89852,
      12.49718
    ],
    [
      41.89894,
      12.49776
    ],
    [
      41.899,
      12.49782
    ],
    [
      41.89921,
      12.49805
    ],
    [
      41.8994,
      12.49826
    ],
    [
      41.89957,
      12.49845
    ],
    [
      41.89971,
      12.49861
    ],
    [
      41.89998,
      12.4989
    ],
    [
      41.90012,
      12.49905
    ],
    [
      41.90023,
      12.49917
    ],
    [
      41.89941,
      12.50077
    ],
    [
      41.90059,
      12.49957
    ],
    [
      41.90076,
      12.49977
    ],
    [
      41.90083,
      12.49985
    ],
    [
      41.90133,
      12.49751
    ],
    [
      41.90133,
      12.49751
    ],
    [
      41.90133,
      12.49751
    ],
    [
      41.90133,
      12.49751
    ],
    [
      41.90133,
      12.49751
    ],
    [
      41.90133,
      12.49751
    ],
    [
      41.90133,
      12.49751
    ],
    [
      41.90133,
      12.49751
    ],
    [
      41.90133,
      12.49751
    ],
    [
      41.90133,
      12.49751
    ],
    [
      41.90133,
      12.49751
    ],
    [
      41.90133,
      12.49751
    ]
  ],
  "distance1000": [
    [
      41.90241,
      12.49738
    ],
    [
      41.90244,
      12.49727
    ],
    [
      41.90402,
      12.49663
    ],
    [
      41.90394,
      12.49652
    ],
    [
      41.90404,
      12.49588
    ],
    [
      41.9039,
      12.49566
    ],
    [
      41.90363,
      12.49525
    ],
    [
      41.90269,
      12.49591
    ],
    [
      41.90243,
      12.49583
    ],
    [
      41.90335,
      12.49433
    ],
    [
      41.90244,
      12.49495
    ],
    [
      41.90226,
      12.49405
    ],
    [
      41.90117,
      12.49373
    ],
    [
      41.90106,
      12.49372
    ],
    [
      41.90087,
      12.49502
    ],
    [
      41.90047,
      12.49531
    ],
    [
      41.90041,
      12.4955
    ],
    [
      41.89751,
      12.49189
    ],
    [
      41.89626,
      12.49188
    ],
    [
      41.89534,
      12.4926
    ],
    [
      41.89465,
      12.49316
    ],
    [
      41.89563,
      12.49457
    ],
    [
      41.89543,
      12.49517
    ],
    [
      41.89483,
      12.49666
    ],
    [
      41.89483,
      12.49743
    ],
    [
      41.89483,
      12.49772
    ],
    [
      41.89678,
      12.49819
    ],
    [
      41.89502,
      12.49986
    ],
    [
      41.89478,
      12.50037
    ],
    [
      41.89583,
      12.50093
    ],
    [
      41.89604,
      12.50165
    ],
    [
      41.89635,
      12.50265
    ],
    [
      41.89724,
      12.50291
    ],
    [
      41.89755,
      12.50322
    ],
    [
      41.8966,
      12.50546
    ],
    [
      41.89867,
      12.50345
    ],
    [
      41.90076,
      12.49977
    ],
    [
      41.90083,
      12.49985
    ],
    [
      41.90145,
      12.49902
    ],
    [
      41.90218,
      12.50265
    ],
    [
      41.90256,
      12.50207
    ],
    [
      41.90416,
      12.50273
    ],
    [
      41.90392,
      12.50217
    ],
    [
      41.90207,
      12.49841
    ],
    [
      41.90216,
      12.49829
    ],
    [
      41.90222,
      12.49811
    ],
    [
      41.90225,
      12.498
    ],
    [
      41.90228,
      12.49787
    ],
    [
      41.90234,
      12.49764
    ],
    [
      41.90236,
      12.49755
    ]
  ],
  "distance1600": [
    [
      41.90784,
      12.49728
    ],
    [
      41.90683,
      12.49678
    ],
    [
      41.9077,
      12.49575
    ],
    [
      41.90736,
      12.4948
    ],
    [
      41.90807,
      12.49359
    ],
    [
      41.90677,
      12.49317
    ],
    [
      41.90658,
      12.49271
    ],
    [
      41.90545,
      12.49203
    ],
    [
      41.90395,
      12.49359
    ],
    [
      41.90455,
      12.49154
    ],
    [
      41.90329,
      12.49295
    ],
    [
      41.90261,
      12.49375
    ],
    [
      41.90154,
      12.4871
    ],
    [
      41.90082,
      12.488
    ],
    [
      41.89903,
      12.48807
    ],
    [
      41.89647,
      12.48666
    ],
    [
      41.89652,
      12.48688
    ],
    [
      41.89605,
      12.49026
    ],
    [
      41.89332,
      12.48783
    ],
    [
      41.89225,
      12.49042
    ],
    [
      41.89201,
      12.49183
    ],
    [
      41.89147,
      12.49219
    ],
    [
      41.8946,
      12.49496
    ],
    [
      41.8923,
      12.49553
    ],
    [
      41.89311,
      12.49676
    ],
    [
      41.89223,
      12.49832
    ],
    [
      41.89199,
      12.49947
    ],
    [
      41.89278,
      12.50026
    ],
    [
      41.8898,
      12.50318
    ],
    [
      41.8924,
      12.50299
    ],
    [
      41.89244,
      12.50445
    ],
    [
      41.89231,
      12.50569
    ],
    [
      41.89291,
      12.50727
    ],
    [
      41.89344,
      12.50886
    ],
    [
      41.89407,
      12.50983
    ],
    [
      41.89867,
      12.50345
    ],
    [
      41.89894,
      12.50678
    ],
    [
      41.89872,
      12.50816
    ],
    [
      41.90189,
      12.50747
    ],
    [
      41.90308,
      12.50815
    ],
    [
      41.90381,
      12.50682
    ],
    [
      41.90578,
      12.50563
    ],
    [
      41.90724,
      12.50619
    ],
    [
      41.90754,
      12.50568
    ],
    [
      41.90811,
      12.50386
    ],
    [
      41.90729,
      12.50137
    ],
    [
      41.90812,
      12.50036
    ],
    [
      41.90789,
      12.49923
    ],
    [
      41.90797,
      12.49871
    ],
    [
      41.90791,
      12.49772
    ]
  ]
}