{
  "distance500": [
    [
      41.91169,
      12.52867
    ],
    [
      41.91183,
      12.52859
    ],
    [
      41.91344,
      12.52809
    ],
    [
      41.91105,
      12.52874
    ],
    [
      41.91105,
      12.52874
    ],
    [
      41.91414,
      12.52656
    ],
    [
      41.91338,
      12.52659
    ],
    [
      41.91293,
      12.5266
    ],
    [
      41.91298,
      12.526
    ],
    [
      41.9131,
      12.52499
    ],
    [
      41.91189,
      12.52637
    ],
    [
      41.91272,
      12.52331
    ],
    [
      41.91186,
      12.52374
    ],
    [
      41.91077,
      12.52428
    ],
    [
      41.91034,
      12.52523
    ],
    [
      41.90911,
      12.52441
    ],
    [
      41.90915,
      12.52457
    ],
    [
      41.90955,
      12.52608
    ],
    [
      41.90918,
      12.5268
    ],
    [
      41.90885,
      12.52679
    ],
    [
      41.90969,
      12.52792
    ],
    [
      41.90971,
      12.52798
    ],
    [
      41.90981,
      12.52825
    ],
    [
      41.90989,
      12.52847
    ],
    [
      41.90994,
      12.52863
    ],
    [
      41.91,
      12.52879
    ],
    [
      41.91004,
      12.5289
    ],
    [
      41.91023,
      12.52904
    ],
    [
      41.91025,
      12.5291
    ],
    [
      41.91028,
      12.52921
    ],
    [
      41.9103,
      12.52927
    ],
    [
      41.91027,
      12.52946
    ],
    [
      41.91029,
      12.52956
    ],
    [
      41.91047,
      12.52953
    ],
    [
      41.91063,
      12.52941
    ],
    [
      41.91084,
      12.52924
    ],
    [
      41.91092,
      12.52918
    ],
    [
      41.91096,
      12.52915
    ],
    [
      41.91108,
      12.52907
    ],
    [
      41.91111,
      12.52905
    ],
    [
      41.91115,
      12.52902
    ],
    [
      41.91118,
      12.529
    ],
    [
      41.91119,
      12.52899
    ],
    [
      41.91126,
      12.52894
    ],
    [
      41.91128,
      12.52893
    ],
    [
      41.91132,
      12.5289
    ],
    [
      41.91136,
      12.52888
    ],
    [
      41.9114,
      12.52885
    ],
    [
      41.91148,
      12.5288
    ],
    [
      41.91156,
      12.52875
    ]
  ],
  "distance1000": [
    [
      41.91169,
      12.52867
    ],
    [
      41.91791,
      12.52722
    ],
    [
      41.91802,
      12.52616
    ],
    [
      41.91813,
      12.52519
    ],
    [
      41.91628,
      12.5254
    ],
    [
      41.9171,
      12.52466
    ],
    [
      41.91646,
      12.52315
    ],
    [
      41.91625,
      12.52232
    ],
    [
      41.91614,
      12.52137
    ],
    [
      41.91574,
      12.52032
    ],
    [
      41.91435,
      12.52049
    ],
    [
      41.91388,
      12.51978
    ],
    [
      41.91304,
      12.51876
    ],
    [
      41.90999,
      12.51912
    ],
    [
      41.90966,
      12.52034
    ],
    [
      41.9086,
      12.51964
    ],
    [
      41.908,
      12.52311
    ],
    [
      41.90794,
      12.52326
    ],
    [
      41.90688,
      12.5233
    ],
    [
      41.9085,
      12.52637
    ],
    [
      41.90812,
      12.52694
    ],
    [
      41.90807,
      12.52725
    ],
    [
      41.90807,
      12.52754
    ],
    [
      41.90807,
      12.52802
    ],
    [
      41.90808,
      12.52838
    ],
    [
      41.91,
      12.52879
    ],
    [
      41.91004,
      12.5289
    ],
    [
      41.91008,
      12.52901
    ],
    [
      41.91014,
      12.52918
    ],
    [
      41.91017,
      12.52928
    ],
    [
      41.91021,
      12.52939
    ],
    [
      41.91027,
      12.52946
    ],
    [
      41.91029,
      12.52956
    ],
    [
      41.91047,
      12.52953
    ],
    [
      41.91063,
      12.52941
    ],
    [
      41.91084,
      12.52924
    ],
    [
      41.91092,
      12.52918
    ],
    [
      41.91096,
      12.52915
    ],
    [
      41.91108,
      12.52907
    ],
    [
      41.91111,
      12.52905
    ],
    [
      41.91115,
      12.52902
    ],
    [
      41.91118,
      12.529
    ],
    [
      41.91119,
      12.52899
    ],
    [
      41.91126,
      12.52894
    ],
    [
      41.91128,
      12.52893
    ],
    [
      41.91132,
      12.5289
    ],
    [
      41.91136,
      12.52888
    ],
    [
      41.9114,
      12.52885
    ],
    [
      41.91148,
      12.5288
    ],
    [
      41.91156,
      12.52875
    ]
  ],
  "distance1600": [
    [
      41.92132,
      12.528
    ],
    [
      41.92324,
      12.52671
    ],
    [
      41.92009,
      12.52636
    ],
    [
      41.91958,
      12.52518
    ],
    [
      41.91985,
      12.52405
    ],
    [
      41.9201,
      12.52245
    ],
    [
      41.92057,
      12.51881
    ],
    [
      41.91986,
      12.5173
    ],
    [
      41.91911,
      12.51713
    ],
    [
      41.91659,
      12.51723
    ],
    [
      41.91439,
      12.51951
    ],
    [
      41.91482,
      12.51661
    ],
    [
      41.91037,
      12.51231
    ],
    [
      41.91041,
      12.51755
    ],
    [
      41.90788,
      12.51597
    ],
    [
      41.90511,
      12.51424
    ],
    [
      41.90493,
      12.51653
    ],
    [
      41.90456,
      12.51877
    ],
    [
      41.90256,
      12.51901
    ],
    [
      41.90767,
      12.52576
    ],
    [
      41.90674,
      12.52606
    ],
    [
      41.90459,
      12.52599
    ],
    [
      41.90414,
      12.52662
    ],
    [
      41.90461,
      12.52722
    ],
    [
      41.90548,
      12.52811
    ],
    [
      41.90546,
      12.52875
    ],
    [
      41.90513,
      12.52973
    ],
    [
      41.90467,
      12.53071
    ],
    [
      41.90435,
      12.53139
    ],
    [
      41.90504,
      12.53246
    ],
    [
      41.90573,
      12.53247
    ],
    [
      41.90659,
      12.53232
    ],
    [
      41.90812,
      12.53265
    ],
    [
      41.90722,
      12.53463
    ],
    [
      41.90752,
      12.53504
    ],
    [
      41.90819,
      12.53558
    ],
    [
      41.91092,
      12.52918
    ],
    [
      41.91096,
      12.52915
    ],
    [
      41.91108,
      12.52907
    ],
    [
      41.91111,
      12.52905
    ],
    [
      41.91115,
      12.52902
    ],
    [
      41.91118,
      12.529
    ],
    [
      41.91119,
      12.52899
    ],
    [
      41.91126,
      12.52894
    ],
    [
      41.91128,
      12.52893
    ],
    [
      41.91132,
      12.5289
    ],
    [
      41.91136,
      12.52888
    ],
    [
      41.9114,
      12.52885
    ],
    [
      41.91148,
      12.5288
    ],
    [
      41.92108,
      12.52953
    ]
  ]
}