{
  "distance500": [
    [
      41.86691,
      12.59697
    ],
    [
      41.86691,
      12.59697
    ],
    [
      41.86691,
      12.59697
    ],
    [
      41.86691,
      12.59697
    ],
    [
      41.86691,
      12.59697
    ],
    [
      41.86691,
      12.59697
    ],
    [
      41.86691,
      12.59697
    ],
    [
      41.86691,
      12.59697
    ],
    [
      41.86691,
      12.59697
    ],
    [
      41.86691,
      12.59697
    ],
    [
      41.86691,
      12.59697
    ],
    [
      41.86796,
      12.59295
    ],
    [
      41.86735,
      12.5916
    ],
    [
      41.86651,
      12.5925
    ],
    [
      41.8663,
      12.59325
    ],
    [
      41.86528,
      12.59304
    ],
    [
      41.86513,
      12.59341
    ],
    [
      41.86533,
      12.59429
    ],
    [
      41.8653,
      12.59489
    ],
    [
      41.86526,
      12.59543
    ],
    [
      41.86524,
      12.59579
    ],
    [
      41.86346,
      12.59517
    ],
    [
      41.86286,
      12.5959
    ],
    [
      41.8628,
      12.59596
    ],
    [
      41.86362,
      12.59661
    ],
    [
      41.86271,
      12.59728
    ],
    [
      41.86368,
      12.59739
    ],
    [
      41.86414,
      12.598
    ],
    [
      41.86328,
      12.59877
    ],
    [
      41.86355,
      12.59876
    ],
    [
      41.86458,
      12.59871
    ],
    [
      41.8648,
      12.5987
    ],
    [
      41.86424,
      12.60029
    ],
    [
      41.8645,
      12.60022
    ],
    [
      41.86477,
      12.60027
    ],
    [
      41.86674,
      12.59745
    ],
    [
      41.86678,
      12.59746
    ],
    [
      41.86691,
      12.59748
    ],
    [
      41.86696,
      12.59749
    ],
    [
      41.867,
      12.5975
    ],
    [
      41.86786,
      12.59925
    ],
    [
      41.86789,
      12.59908
    ],
    [
      41.86794,
      12.59878
    ],
    [
      41.86886,
      12.59926
    ],
    [
      41.8683,
      12.59824
    ],
    [
      41.86936,
      12.59856
    ],
    [
      41.86972,
      12.59825
    ],
    [
      41.86934,
      12.59794
    ],
    [
      41.86965,
      12.59765
    ],
    [
      41.86691,
      12.59697
    ]
  ],
  "distance1000": [
    [
      41.8704,
      12.59691
    ],
    [
      41.8703,
      12.59614
    ],
    [
      41.87108,
      12.59555
    ],
    [
      41.87246,
      12.59433
    ],
    [
      41.87233,
      12.59411
    ],
    [
      41.87207,
      12.59363
    ],
    [
      41.87137,
      12.5923
    ],
    [
      41.87044,
      12.59227
    ],
    [
      41.87109,
      12.59126
    ],
    [
      41.87053,
      12.59055
    ],
    [
      41.86966,
      12.58937
    ],
    [
      41.8694,
      12.58778
    ],
    [
      41.86888,
      12.58602
    ],
    [
      41.86631,
      12.58925
    ],
    [
      41.86565,
      12.58931
    ],
    [
      41.86492,
      12.59069
    ],
    [
      41.86467,
      12.5921
    ],
    [
      41.86442,
      12.59249
    ],
    [
      41.86337,
      12.59333
    ],
    [
      41.86354,
      12.59379
    ],
    [
      41.86315,
      12.59432
    ],
    [
      41.86258,
      12.59499
    ],
    [
      41.8619,
      12.59539
    ],
    [
      41.86037,
      12.59584
    ],
    [
      41.85845,
      12.59631
    ],
    [
      41.85887,
      12.59796
    ],
    [
      41.85951,
      12.59815
    ],
    [
      41.86017,
      12.59911
    ],
    [
      41.86176,
      12.59931
    ],
    [
      41.86229,
      12.59964
    ],
    [
      41.86247,
      12.60004
    ],
    [
      41.86298,
      12.60013
    ],
    [
      41.86424,
      12.60029
    ],
    [
      41.8645,
      12.60022
    ],
    [
      41.86477,
      12.60027
    ],
    [
      41.86629,
      12.59846
    ],
    [
      41.8665,
      12.59817
    ],
    [
      41.86694,
      12.59801
    ],
    [
      41.86705,
      12.59804
    ],
    [
      41.8679,
      12.60143
    ],
    [
      41.86877,
      12.60168
    ],
    [
      41.8689,
      12.60139
    ],
    [
      41.87037,
      12.60223
    ],
    [
      41.87056,
      12.60168
    ],
    [
      41.87236,
      12.60106
    ],
    [
      41.87293,
      12.60076
    ],
    [
      41.87302,
      12.60019
    ],
    [
      41.87314,
      12.5995
    ],
    [
      41.87403,
      12.59798
    ],
    [
      41.87072,
      12.59708
    ]
  ],
  "distance1600": [
    [
      41.87923,
      12.59622
    ],
    [
      41.8747,
      12.59515
    ],
    [
      41.87464,
      12.59481
    ],
    [
      41.87445,
      12.59365
    ],
    [
      41.87416,
      12.59324
    ],
    [
      41.87338,
      12.59187
    ],
    [
      41.87309,
      12.59052
    ],
    [
      41.87438,
      12.58708
    ],
    [
      41.87438,
      12.58698
    ],
    [
      41.87299,
      12.58506
    ],
    [
      41.87228,
      12.58198
    ],
    [
      41.87206,
      12.58208
    ],
    [
      41.87107,
      12.57942
    ],
    [
      41.8652,
      12.58166
    ],
    [
      41.86437,
      12.58555
    ],
    [
      41.86294,
      12.5851
    ],
    [
      41.86467,
      12.5921
    ],
    [
      41.86442,
      12.59249
    ],
    [
      41.86337,
      12.59333
    ],
    [
      41.85904,
      12.59033
    ],
    [
      41.85796,
      12.59106
    ],
    [
      41.85846,
      12.59283
    ],
    [
      41.85799,
      12.59459
    ],
    [
      41.85758,
      12.59571
    ],
    [
      41.85722,
      12.5969
    ],
    [
      41.85637,
      12.59825
    ],
    [
      41.8563,
      12.59841
    ],
    [
      41.85481,
      12.60048
    ],
    [
      41.85655,
      12.60108
    ],
    [
      41.86229,
      12.59964
    ],
    [
      41.86247,
      12.60004
    ],
    [
      41.86298,
      12.60013
    ],
    [
      41.86424,
      12.60029
    ],
    [
      41.8645,
      12.60022
    ],
    [
      41.86477,
      12.60027
    ],
    [
      41.86629,
      12.59846
    ],
    [
      41.8665,
      12.59817
    ],
    [
      41.86694,
      12.59801
    ],
    [
      41.86705,
      12.59804
    ],
    [
      41.8679,
      12.60143
    ],
    [
      41.86877,
      12.60168
    ],
    [
      41.87012,
      12.60294
    ],
    [
      41.87061,
      12.60319
    ],
    [
      41.87512,
      12.60517
    ],
    [
      41.87421,
      12.60386
    ],
    [
      41.87378,
      12.60182
    ],
    [
      41.87705,
      12.60205
    ],
    [
      41.87553,
      12.60039
    ],
    [
      41.87528,
      12.59897
    ],
    [
      41.8751,
      12.59768
    ]
  ]
}