{
  "distance500": [
    [
      41.86635,
      12.63545
    ],
    [
      41.86639,
      12.63538
    ],
    [
      41.86586,
      12.63505
    ],
    [
      41.86605,
      12.63471
    ],
    [
      41.86616,
      12.63437
    ],
    [
      41.8663,
      12.63393
    ],
    [
      41.86691,
      12.63274
    ],
    [
      41.86658,
      12.63277
    ],
    [
      41.86494,
      12.63439
    ],
    [
      41.86589,
      12.63182
    ],
    [
      41.86554,
      12.63195
    ],
    [
      41.86492,
      12.63251
    ],
    [
      41.86413,
      12.6317
    ],
    [
      41.86386,
      12.63187
    ],
    [
      41.86349,
      12.6321
    ],
    [
      41.86313,
      12.63229
    ],
    [
      41.86373,
      12.63498
    ],
    [
      41.86376,
      12.63516
    ],
    [
      41.86378,
      12.63533
    ],
    [
      41.86378,
      12.63543
    ],
    [
      41.86379,
      12.63555
    ],
    [
      41.86379,
      12.63556
    ],
    [
      41.8638,
      12.63561
    ],
    [
      41.86178,
      12.63534
    ],
    [
      41.86177,
      12.6357
    ],
    [
      41.86061,
      12.63586
    ],
    [
      41.86071,
      12.6364
    ],
    [
      41.86025,
      12.63683
    ],
    [
      41.86085,
      12.63722
    ],
    [
      41.86148,
      12.63706
    ],
    [
      41.86382,
      12.63589
    ],
    [
      41.86383,
      12.63595
    ],
    [
      41.86383,
      12.63601
    ],
    [
      41.86194,
      12.63874
    ],
    [
      41.86244,
      12.63855
    ],
    [
      41.86288,
      12.63856
    ],
    [
      41.8633,
      12.63877
    ],
    [
      41.86294,
      12.64128
    ],
    [
      41.86455,
      12.64038
    ],
    [
      41.86485,
      12.63954
    ],
    [
      41.86513,
      12.63937
    ],
    [
      41.86496,
      12.63758
    ],
    [
      41.86505,
      12.63745
    ],
    [
      41.86522,
      12.63717
    ],
    [
      41.86537,
      12.63695
    ],
    [
      41.86558,
      12.63663
    ],
    [
      41.86573,
      12.6364
    ],
    [
      41.86584,
      12.63622
    ],
    [
      41.86599,
      12.63599
    ],
    [
      41.86617,
      12.63572
    ]
  ],
  "distance1000": [
    [
      41.86635,
      12.63545
    ],
    [
      41.86655,
      12.63512
    ],
    [
      41.86669,
      12.63475
    ],
    [
      41.8689,
      12.63338
    ],
    [
      41.86939,
      12.63276
    ],
    [
      41.86824,
      12.63247
    ],
    [
      41.86943,
      12.63098
    ],
    [
      41.86808,
      12.63092
    ],
    [
      41.86719,
      12.631
    ],
    [
      41.86711,
      12.6309
    ],
    [
      41.86682,
      12.62884
    ],
    [
      41.86683,
      12.62756
    ],
    [
      41.86573,
      12.62753
    ],
    [
      41.86386,
      12.63187
    ],
    [
      41.86298,
      12.62986
    ],
    [
      41.86302,
      12.63231
    ],
    [
      41.86241,
      12.63217
    ],
    [
      41.86226,
      12.63245
    ],
    [
      41.86182,
      12.63349
    ],
    [
      41.86378,
      12.63543
    ],
    [
      41.86379,
      12.63555
    ],
    [
      41.86379,
      12.63556
    ],
    [
      41.8638,
      12.63561
    ],
    [
      41.86178,
      12.63534
    ],
    [
      41.8602,
      12.63559
    ],
    [
      41.86059,
      12.63574
    ],
    [
      41.85643,
      12.63754
    ],
    [
      41.85635,
      12.63826
    ],
    [
      41.85642,
      12.63909
    ],
    [
      41.85656,
      12.63972
    ],
    [
      41.86004,
      12.63842
    ],
    [
      41.86053,
      12.63876
    ],
    [
      41.86115,
      12.63897
    ],
    [
      41.86194,
      12.63874
    ],
    [
      41.86236,
      12.63856
    ],
    [
      41.86288,
      12.63856
    ],
    [
      41.86167,
      12.64302
    ],
    [
      41.86232,
      12.64535
    ],
    [
      41.86499,
      12.64521
    ],
    [
      41.86574,
      12.64533
    ],
    [
      41.8669,
      12.64446
    ],
    [
      41.86701,
      12.64217
    ],
    [
      41.86628,
      12.63894
    ],
    [
      41.86772,
      12.64
    ],
    [
      41.86699,
      12.63843
    ],
    [
      41.86736,
      12.63805
    ],
    [
      41.86793,
      12.63736
    ],
    [
      41.86584,
      12.63622
    ],
    [
      41.86599,
      12.63599
    ],
    [
      41.86617,
      12.63572
    ]
  ],
  "distance1600": [
    [
      41.8694,
      12.63531
    ],
    [
      41.87175,
      12.63429
    ],
    [
      41.87192,
      12.63289
    ],
    [
      41.87195,
      12.6326
    ],
    [
      41.87289,
      12.63009
    ],
    [
      41.87357,
      12.62945
    ],
    [
      41.87342,
      12.62631
    ],
    [
      41.87136,
      12.626
    ],
    [
      41.87124,
      12.62614
    ],
    [
      41.86999,
      12.62371
    ],
    [
      41.86845,
      12.62394
    ],
    [
      41.86744,
      12.62248
    ],
    [
      41.86596,
      12.62317
    ],
    [
      41.86242,
      12.62269
    ],
    [
      41.86253,
      12.62573
    ],
    [
      41.86302,
      12.63231
    ],
    [
      41.86241,
      12.63217
    ],
    [
      41.86226,
      12.63245
    ],
    [
      41.86196,
      12.63316
    ],
    [
      41.86174,
      12.63368
    ],
    [
      41.86131,
      12.63374
    ],
    [
      41.8615,
      12.63427
    ],
    [
      41.8638,
      12.63561
    ],
    [
      41.86178,
      12.63534
    ],
    [
      41.8602,
      12.63559
    ],
    [
      41.86059,
      12.63574
    ],
    [
      41.85643,
      12.63753
    ],
    [
      41.85574,
      12.63883
    ],
    [
      41.85508,
      12.63944
    ],
    [
      41.85616,
      12.64051
    ],
    [
      41.85756,
      12.64081
    ],
    [
      41.85697,
      12.64248
    ],
    [
      41.8571,
      12.64466
    ],
    [
      41.85733,
      12.64476
    ],
    [
      41.85766,
      12.64611
    ],
    [
      41.86028,
      12.64449
    ],
    [
      41.85969,
      12.64945
    ],
    [
      41.86325,
      12.65082
    ],
    [
      41.86493,
      12.64859
    ],
    [
      41.86642,
      12.64931
    ],
    [
      41.8691,
      12.64729
    ],
    [
      41.86945,
      12.64724
    ],
    [
      41.87015,
      12.64648
    ],
    [
      41.87116,
      12.64378
    ],
    [
      41.87117,
      12.64213
    ],
    [
      41.86997,
      12.64006
    ],
    [
      41.87101,
      12.63857
    ],
    [
      41.87109,
      12.63848
    ],
    [
      41.86896,
      12.63695
    ],
    [
      41.8688,
      12.63615
    ]
  ]
}