{
  "distance500": [
    [
      41.86411,
      12.62572
    ],
    [
      41.86411,
      12.62572
    ],
    [
      41.86411,
      12.62572
    ],
    [
      41.86411,
      12.62572
    ],
    [
      41.86411,
      12.62572
    ],
    [
      41.86411,
      12.62572
    ],
    [
      41.86411,
      12.62572
    ],
    [
      41.86411,
      12.62572
    ],
    [
      41.86411,
      12.62572
    ],
    [
      41.86411,
      12.62572
    ],
    [
      41.86411,
      12.62572
    ],
    [
      41.86411,
      12.62572
    ],
    [
      41.8641,
      12.62533
    ],
    [
      41.86406,
      12.62533
    ],
    [
      41.86339,
      12.6218
    ],
    [
      41.8625,
      12.62205
    ],
    [
      41.86245,
      12.62247
    ],
    [
      41.86241,
      12.62276
    ],
    [
      41.86237,
      12.62396
    ],
    [
      41.86241,
      12.62418
    ],
    [
      41.86246,
      12.6246
    ],
    [
      41.86253,
      12.62482
    ],
    [
      41.86258,
      12.62511
    ],
    [
      41.86262,
      12.62535
    ],
    [
      41.86265,
      12.62559
    ],
    [
      41.86349,
      12.62575
    ],
    [
      41.8635,
      12.62583
    ],
    [
      41.86352,
      12.62593
    ],
    [
      41.86353,
      12.62601
    ],
    [
      41.86354,
      12.62607
    ],
    [
      41.86355,
      12.62613
    ],
    [
      41.86357,
      12.62624
    ],
    [
      41.86359,
      12.6264
    ],
    [
      41.8636,
      12.62642
    ],
    [
      41.86376,
      12.6263
    ],
    [
      41.86385,
      12.6263
    ],
    [
      41.86394,
      12.62629
    ],
    [
      41.86398,
      12.62628
    ],
    [
      41.86416,
      12.62627
    ],
    [
      41.86419,
      12.62626
    ],
    [
      41.86411,
      12.62572
    ],
    [
      41.86411,
      12.62572
    ],
    [
      41.86411,
      12.62572
    ],
    [
      41.86411,
      12.62572
    ],
    [
      41.86411,
      12.62572
    ],
    [
      41.86411,
      12.62572
    ],
    [
      41.86411,
      12.62572
    ],
    [
      41.86411,
      12.62572
    ],
    [
      41.86411,
      12.62572
    ],
    [
      41.86411,
      12.62572
    ]
  ],
  "distance1000": [
    [
      41.86411,
      12.62572
    ],
    [
      41.86411,
      12.62572
    ],
    [
      41.86411,
      12.62572
    ],
    [
      41.86411,
      12.62572
    ],
    [
      41.86411,
      12.62572
    ],
    [
      41.86411,
      12.62572
    ],
    [
      41.86411,
      12.62572
    ],
    [
      41.86411,
      12.62572
    ],
    [
      41.86411,
      12.62572
    ],
    [
      41.86411,
      12.62572
    ],
    [
      41.86411,
      12.62572
    ],
    [
      41.86411,
      12.62572
    ],
    [
      41.86371,
      12.61708
    ],
    [
      41.86302,
      12.61613
    ],
    [
      41.86286,
      12.61859
    ],
    [
      41.8608,
      12.6183
    ],
    [
      41.86046,
      12.6188
    ],
    [
      41.86017,
      12.61925
    ],
    [
      41.85975,
      12.62023
    ],
    [
      41.85944,
      12.62131
    ],
    [
      41.85917,
      12.62218
    ],
    [
      41.86253,
      12.62482
    ],
    [
      41.86258,
      12.62511
    ],
    [
      41.86262,
      12.62535
    ],
    [
      41.86265,
      12.62559
    ],
    [
      41.86349,
      12.62575
    ],
    [
      41.8635,
      12.62583
    ],
    [
      41.86352,
      12.62593
    ],
    [
      41.86353,
      12.62601
    ],
    [
      41.86354,
      12.62607
    ],
    [
      41.86355,
      12.62613
    ],
    [
      41.86357,
      12.62624
    ],
    [
      41.86359,
      12.6264
    ],
    [
      41.8636,
      12.62642
    ],
    [
      41.86376,
      12.6263
    ],
    [
      41.86385,
      12.6263
    ],
    [
      41.86394,
      12.62629
    ],
    [
      41.86398,
      12.62628
    ],
    [
      41.86416,
      12.62627
    ],
    [
      41.86419,
      12.62626
    ],
    [
      41.86411,
      12.62572
    ],
    [
      41.86411,
      12.62572
    ],
    [
      41.86411,
      12.62572
    ],
    [
      41.86411,
      12.62572
    ],
    [
      41.86411,
      12.62572
    ],
    [
      41.86411,
      12.62572
    ],
    [
      41.86411,
      12.62572
    ],
    [
      41.86411,
      12.62572
    ],
    [
      41.86411,
      12.62572
    ],
    [
      41.86411,
      12.62572
    ]
  ],
  "distance1600": [
    [
      41.86575,
      12.62567
    ],
    [
      41.86516,
      12.62558
    ],
    [
      41.86511,
      12.62534
    ],
    [
      41.86508,
      12.62523
    ],
    [
      41.86506,
      12.62511
    ],
    [
      41.86503,
      12.625
    ],
    [
      41.86499,
      12.62483
    ],
    [
      41.86496,
      12.62465
    ],
    [
      41.87029,
      12.61665
    ],
    [
      41.86991,
      12.61548
    ],
    [
      41.86798,
      12.61626
    ],
    [
      41.8669,
      12.61665
    ],
    [
      41.86416,
      12.60936
    ],
    [
      41.86308,
      12.61301
    ],
    [
      41.86225,
      12.61621
    ],
    [
      41.85903,
      12.61399
    ],
    [
      41.85853,
      12.6154
    ],
    [
      41.85784,
      12.61562
    ],
    [
      41.85741,
      12.61925
    ],
    [
      41.85624,
      12.61975
    ],
    [
      41.85617,
      12.62069
    ],
    [
      41.85664,
      12.62196
    ],
    [
      41.85688,
      12.62325
    ],
    [
      41.85719,
      12.62466
    ],
    [
      41.85901,
      12.62515
    ],
    [
      41.8623,
      12.62578
    ],
    [
      41.86234,
      12.62613
    ],
    [
      41.86238,
      12.62636
    ],
    [
      41.86239,
      12.62654
    ],
    [
      41.86112,
      12.62755
    ],
    [
      41.8614,
      12.62747
    ],
    [
      41.86254,
      12.6273
    ],
    [
      41.86259,
      12.62772
    ],
    [
      41.86261,
      12.62796
    ],
    [
      41.8627,
      12.62868
    ],
    [
      41.86385,
      12.6263
    ],
    [
      41.86394,
      12.62629
    ],
    [
      41.86398,
      12.62628
    ],
    [
      41.86416,
      12.62627
    ],
    [
      41.86419,
      12.62626
    ],
    [
      41.86411,
      12.62572
    ],
    [
      41.86411,
      12.62572
    ],
    [
      41.86411,
      12.62572
    ],
    [
      41.86411,
      12.62572
    ],
    [
      41.86478,
      12.62625
    ],
    [
      41.86478,
      12.62619
    ],
    [
      41.86573,
      12.62649
    ],
    [
      41.86638,
      12.62653
    ],
    [
      41.86617,
      12.62622
    ],
    [
      41.86599,
      12.62595
    ]
  ]
}