{
  "distance500": [
    [
      41.871217,
      12.598878
    ],
    [
      41.871654,
      12.597878
    ],
    [
      41.868916,
      12.594494
    ],
    [
      41.867916,
      12.591215
    ],
    [
      41.866916,
      12.591155
    ],
    [
      41.866822,
      12.591784
    ],
    [
      41.864916,
      12.592321
    ],
    [
      41.862166,
      12.595878
    ],
    [
      41.863144,
      12.59765
    ],
    [
      41.863057,
      12.598878
    ],
    [
      41.864916,
      12.60198
    ],
    [
      41.865154,
      12.601116
    ],
    [
      41.866916,
      12.600729
    ],
    [
      41.867916,
      12.601191
    ],
    [
      41.868394,
      12.600356
    ],
    [
      41.871217,
      12.598878
    ]
  ],
  "distance1000": [
    [
      41.876006,
      12.596878
    ],
    [
      41.874982,
      12.596812
    ],
    [
      41.87168,
      12.592114
    ],
    [
      41.871766,
      12.590878
    ],
    [
      41.870046,
      12.588878
    ],
    [
      41.869997,
      12.587878
    ],
    [
      41.868916,
      12.585442
    ],
    [
      41.867123,
      12.586085
    ],
    [
      41.866222,
      12.588184
    ],
    [
      41.864916,
      12.588651
    ],
    [
      41.864593,
      12.589878
    ],
    [
      41.863215,
      12.590878
    ],
    [
      41.863688,
      12.591106
    ],
    [
      41.8634,
      12.592362
    ],
    [
      41.862344,
      12.59245
    ],
    [
      41.862048,
      12.59101
    ],
    [
      41.862482,
      12.590878
    ],
    [
      41.861916,
      12.590033
    ],
    [
      41.86119,
      12.590152
    ],
    [
      41.860503,
      12.591465
    ],
    [
      41.859797,
      12.591878
    ],
    [
      41.859727,
      12.592689
    ],
    [
      41.859916,
      12.594121
    ],
    [
      41.86096,
      12.594878
    ],
    [
      41.860174,
      12.595136
    ],
    [
      41.859916,
      12.596157
    ],
    [
      41.857803,
      12.595878
    ],
    [
      41.857997,
      12.596878
    ],
    [
      41.858807,
      12.597878
    ],
    [
      41.860588,
      12.598206
    ],
    [
      41.860702,
      12.599092
    ],
    [
      41.861929,
      12.600878
    ],
    [
      41.861336,
      12.601878
    ],
    [
      41.863249,
      12.606878
    ],
    [
      41.863916,
      12.60773
    ],
    [
      41.864258,
      12.60522
    ],
    [
      41.867078,
      12.604878
    ],
    [
      41.866111,
      12.604683
    ],
    [
      41.86588,
      12.601842
    ],
    [
      41.867402,
      12.602392
    ],
    [
      41.867916,
      12.603101
    ],
    [
      41.869737,
      12.603057
    ],
    [
      41.869879,
      12.603915
    ],
    [
      41.870336,
      12.603878
    ],
    [
      41.871916,
      12.60241
    ],
    [
      41.872916,
      12.602602
    ],
    [
      41.874916,
      12.600801
    ],
    [
      41.875333,
      12.599878
    ],
    [
      41.875039,
      12.599755
    ],
    [
      41.874982,
      12.596944
    ],
    [
      41.876006,
      12.596878
    ]
  ],
  "distance1600": [
    [
      41.881234,
      12.595878
    ],
    [
      41.879916,
      12.594741
    ],
    [
      41.879663,
      12.595625
    ],
    [
      41.877916,
      12.59564
    ],
    [
      41.876916,
      12.596544
    ],
    [
      41.8755,
      12.596294
    ],
    [
      41.875227,
      12.593878
    ],
    [
      41.874464,
      12.59333
    ],
    [
      41.874065,
      12.591729
    ],
    [
      41.873228,
      12.590878
    ],
    [
      41.873254,
      12.587216
    ],
    [
      41.874916,
      12.586853
    ],
    [
      41.873245,
      12.586549
    ],
    [
      41.872624,
      12.583878
    ],
    [
      41.871454,
      12.582878
    ],
    [
      41.872159,
      12.581635
    ],
    [
      41.871841,
      12.579953
    ],
    [
      41.870916,
      12.578747
    ],
    [
      41.869651,
      12.581613
    ],
    [
      41.869392,
      12.583354
    ],
    [
      41.866324,
      12.58347
    ],
    [
      41.866063,
      12.582024
    ],
    [
      41.866702,
      12.581878
    ],
    [
      41.864916,
      12.580938
    ],
    [
      41.863986,
      12.582878
    ],
    [
      41.861916,
      12.584169
    ],
    [
      41.861647,
      12.585609
    ],
    [
      41.860049,
      12.585878
    ],
    [
      41.857212,
      12.587878
    ],
    [
      41.857124,
      12.590086
    ],
    [
      41.856635,
      12.590159
    ],
    [
      41.856022,
      12.588772
    ],
    [
      41.854674,
      12.589878
    ],
    [
      41.854916,
      12.591069
    ],
    [
      41.857026,
      12.591878
    ],
    [
      41.855568,
      12.593878
    ],
    [
      41.85585,
      12.593944
    ],
    [
      41.856309,
      12.596878
    ],
    [
      41.855747,
      12.597709
    ],
    [
      41.85564,
      12.599602
    ],
    [
      41.854834,
      12.599878
    ],
    [
      41.854916,
      12.600841
    ],
    [
      41.855916,
      12.602249
    ],
    [
      41.857916,
      12.603322
    ],
    [
      41.859241,
      12.605878
    ],
    [
      41.85919,
      12.606878
    ],
    [
      41.860606,
      12.607188
    ],
    [
      41.860757,
      12.608719
    ],
    [
      41.860376,
      12.608878
    ],
    [
      41.861577,
      12.611878
    ],
    [
      41.861522,
      12.612878
    ],
    [
      41.862916,
      12.614412
    ],
    [
      41.863239,
      12.612201
    ],
    [
      41.864916,
      12.611103
    ],
    [
      41.867254,
      12.610878
    ],
    [
      41.868166,
      12.608128
    ],
    [
      41.869067,
      12.607878
    ],
    [
      41.869394,
      12.606356
    ],
    [
      41.870637,
      12.606157
    ],
    [
      41.870916,
      12.606982
    ],
    [
      41.871042,
      12.605878
    ],
    [
      41.871916,
      12.605173
    ],
    [
      41.872916,
      12.60606
    ],
    [
      41.876295,
      12.605878
    ],
    [
      41.876727,
      12.604878
    ],
    [
      41.875999,
      12.604795
    ],
    [
      41.876108,
      12.602878
    ],
    [
      41.87636,
      12.602322
    ],
    [
      41.878009,
      12.601971
    ],
    [
      41.87801,
      12.600878
    ],
    [
      41.87762,
      12.601582
    ],
    [
      41.87642,
      12.601374
    ],
    [
      41.876244,
      12.599878
    ],
    [
      41.875311,
      12.598878
    ],
    [
      41.875608,
      12.59757
    ],
    [
      41.881234,
      12.595878
    ]
  ]
}