{
  "distance500": [
    [
      41.86369,
      12.61685
    ],
    [
      41.86368,
      12.61673
    ],
    [
      41.86368,
      12.61667
    ],
    [
      41.86306,
      12.61688
    ],
    [
      41.86306,
      12.61688
    ],
    [
      41.86306,
      12.61688
    ],
    [
      41.86306,
      12.61688
    ],
    [
      41.86306,
      12.61688
    ],
    [
      41.86306,
      12.61688
    ],
    [
      41.86306,
      12.61688
    ],
    [
      41.86306,
      12.61688
    ],
    [
      41.86306,
      12.61688
    ],
    [
      41.86371,
      12.61104
    ],
    [
      41.8626,
      12.61332
    ],
    [
      41.86293,
      12.61621
    ],
    [
      41.86279,
      12.61621
    ],
    [
      41.8627,
      12.61621
    ],
    [
      41.86257,
      12.61621
    ],
    [
      41.86239,
      12.61621
    ],
    [
      41.8622,
      12.61621
    ],
    [
      41.86193,
      12.61622
    ],
    [
      41.86148,
      12.61623
    ],
    [
      41.86067,
      12.61625
    ],
    [
      41.85995,
      12.61618
    ],
    [
      41.86005,
      12.61674
    ],
    [
      41.86009,
      12.61691
    ],
    [
      41.86015,
      12.61727
    ],
    [
      41.86237,
      12.61712
    ],
    [
      41.86237,
      12.61718
    ],
    [
      41.86029,
      12.61837
    ],
    [
      41.86044,
      12.61872
    ],
    [
      41.86061,
      12.61923
    ],
    [
      41.86035,
      12.62025
    ],
    [
      41.86068,
      12.62015
    ],
    [
      41.86112,
      12.62005
    ],
    [
      41.86134,
      12.62146
    ],
    [
      41.86173,
      12.62126
    ],
    [
      41.86231,
      12.62276
    ],
    [
      41.86341,
      12.62213
    ],
    [
      41.86365,
      12.61925
    ],
    [
      41.86445,
      12.62099
    ],
    [
      41.86427,
      12.61937
    ],
    [
      41.86458,
      12.61894
    ],
    [
      41.86514,
      12.61919
    ],
    [
      41.86506,
      12.61865
    ],
    [
      41.86554,
      12.61833
    ],
    [
      41.86524,
      12.6178
    ],
    [
      41.86371,
      12.61709
    ],
    [
      41.8637,
      12.61703
    ],
    [
      41.86369,
      12.61691
    ]
  ],
  "distance1000": [
    [
      41.86976,
      12.61655
    ],
    [
      41.86933,
      12.6157
    ],
    [
      41.86368,
      12.61666
    ],
    [
      41.86367,
      12.6166
    ],
    [
      41.86366,
      12.61649
    ],
    [
      41.86366,
      12.61642
    ],
    [
      41.86365,
      12.6163
    ],
    [
      41.86364,
      12.61612
    ],
    [
      41.86362,
      12.61602
    ],
    [
      41.86674,
      12.60936
    ],
    [
      41.86627,
      12.60935
    ],
    [
      41.86539,
      12.60902
    ],
    [
      41.86431,
      12.60546
    ],
    [
      41.86224,
      12.60711
    ],
    [
      41.86104,
      12.60839
    ],
    [
      41.86089,
      12.60833
    ],
    [
      41.85983,
      12.61064
    ],
    [
      41.8595,
      12.61065
    ],
    [
      41.86239,
      12.61621
    ],
    [
      41.8622,
      12.61621
    ],
    [
      41.85934,
      12.61452
    ],
    [
      41.85939,
      12.61482
    ],
    [
      41.85892,
      12.61577
    ],
    [
      41.85894,
      12.61586
    ],
    [
      41.85836,
      12.61664
    ],
    [
      41.85886,
      12.6173
    ],
    [
      41.85862,
      12.6177
    ],
    [
      41.85902,
      12.61813
    ],
    [
      41.85881,
      12.61884
    ],
    [
      41.85867,
      12.6197
    ],
    [
      41.85875,
      12.62027
    ],
    [
      41.85838,
      12.62085
    ],
    [
      41.85733,
      12.62377
    ],
    [
      41.85752,
      12.62431
    ],
    [
      41.85873,
      12.62463
    ],
    [
      41.86009,
      12.62391
    ],
    [
      41.86079,
      12.62471
    ],
    [
      41.8627,
      12.62873
    ],
    [
      41.8636,
      12.62642
    ],
    [
      41.86478,
      12.62625
    ],
    [
      41.86598,
      12.62594
    ],
    [
      41.86523,
      12.6216
    ],
    [
      41.86559,
      12.62137
    ],
    [
      41.86664,
      12.62067
    ],
    [
      41.86713,
      12.62025
    ],
    [
      41.8679,
      12.61982
    ],
    [
      41.86659,
      12.61882
    ],
    [
      41.86631,
      12.61782
    ],
    [
      41.86674,
      12.61753
    ],
    [
      41.86944,
      12.61695
    ]
  ],
  "distance1600": [
    [
      41.87382,
      12.61594
    ],
    [
      41.87355,
      12.61501
    ],
    [
      41.87318,
      12.61339
    ],
    [
      41.87282,
      12.6126
    ],
    [
      41.87187,
      12.61195
    ],
    [
      41.87204,
      12.61063
    ],
    [
      41.86957,
      12.61136
    ],
    [
      41.86794,
      12.61064
    ],
    [
      41.86757,
      12.61059
    ],
    [
      41.86871,
      12.60525
    ],
    [
      41.86847,
      12.60373
    ],
    [
      41.86704,
      12.60303
    ],
    [
      41.86583,
      12.59854
    ],
    [
      41.86093,
      12.60237
    ],
    [
      41.86051,
      12.60216
    ],
    [
      41.85947,
      12.60278
    ],
    [
      41.85809,
      12.60702
    ],
    [
      41.85618,
      12.60699
    ],
    [
      41.8556,
      12.60751
    ],
    [
      41.85802,
      12.61258
    ],
    [
      41.85488,
      12.61129
    ],
    [
      41.85482,
      12.61234
    ],
    [
      41.85731,
      12.61512
    ],
    [
      41.85737,
      12.61552
    ],
    [
      41.85674,
      12.61648
    ],
    [
      41.85599,
      12.61767
    ],
    [
      41.85603,
      12.61851
    ],
    [
      41.85618,
      12.61944
    ],
    [
      41.85635,
      12.62025
    ],
    [
      41.85617,
      12.62069
    ],
    [
      41.85632,
      12.62129
    ],
    [
      41.85688,
      12.62325
    ],
    [
      41.8562,
      12.62555
    ],
    [
      41.85722,
      12.62566
    ],
    [
      41.85844,
      12.62674
    ],
    [
      41.85911,
      12.62764
    ],
    [
      41.85988,
      12.62816
    ],
    [
      41.86381,
      12.63577
    ],
    [
      41.86473,
      12.63133
    ],
    [
      41.86653,
      12.63116
    ],
    [
      41.86846,
      12.63124
    ],
    [
      41.86933,
      12.63065
    ],
    [
      41.86957,
      12.6287
    ],
    [
      41.8694,
      12.62447
    ],
    [
      41.87017,
      12.62349
    ],
    [
      41.87055,
      12.62154
    ],
    [
      41.87156,
      12.62046
    ],
    [
      41.87293,
      12.62024
    ],
    [
      41.87469,
      12.61942
    ],
    [
      41.87326,
      12.61709
    ]
  ]
}