{
  "distance500": [
    [
      41.872145,
      12.5886
    ],
    [
      41.872,
      12.58706
    ],
    [
      41.871913,
      12.587513
    ],
    [
      41.871,
      12.58745
    ],
    [
      41.870144,
      12.5866
    ],
    [
      41.870243,
      12.585843
    ],
    [
      41.871064,
      12.585664
    ],
    [
      41.871519,
      12.5846
    ],
    [
      41.871135,
      12.584465
    ],
    [
      41.871,
      12.583107
    ],
    [
      41.87,
      12.582078
    ],
    [
      41.869777,
      12.583377
    ],
    [
      41.868,
      12.584447
    ],
    [
      41.867129,
      12.584471
    ],
    [
      41.866801,
      12.5836
    ],
    [
      41.865,
      12.58517
    ],
    [
      41.864404,
      12.5866
    ],
    [
      41.866144,
      12.5886
    ],
    [
      41.865722,
      12.5896
    ],
    [
      41.867,
      12.592134
    ],
    [
      41.867558,
      12.591158
    ],
    [
      41.868963,
      12.5906
    ],
    [
      41.868792,
      12.589392
    ],
    [
      41.872145,
      12.5886
    ]
  ],
  "distance1000": [
    [
      41.876084,
      12.5886
    ],
    [
      41.876367,
      12.5876
    ],
    [
      41.875302,
      12.586298
    ],
    [
      41.875,
      12.584395
    ],
    [
      41.87467,
      12.58627
    ],
    [
      41.874,
      12.586363
    ],
    [
      41.873222,
      12.5856
    ],
    [
      41.873196,
      12.583796
    ],
    [
      41.873583,
      12.5836
    ],
    [
      41.872794,
      12.5816
    ],
    [
      41.8733,
      12.5796
    ],
    [
      41.872,
      12.576557
    ],
    [
      41.870415,
      12.577015
    ],
    [
      41.869978,
      12.577578
    ],
    [
      41.869891,
      12.579491
    ],
    [
      41.868796,
      12.5796
    ],
    [
      41.869025,
      12.5806
    ],
    [
      41.869564,
      12.581036
    ],
    [
      41.86965,
      12.5826
    ],
    [
      41.868398,
      12.583998
    ],
    [
      41.86758,
      12.58402
    ],
    [
      41.866251,
      12.5826
    ],
    [
      41.867598,
      12.5806
    ],
    [
      41.867264,
      12.579336
    ],
    [
      41.865206,
      12.579394
    ],
    [
      41.861991,
      12.5826
    ],
    [
      41.86169,
      12.58529
    ],
    [
      41.859912,
      12.5856
    ],
    [
      41.861664,
      12.585936
    ],
    [
      41.861778,
      12.587378
    ],
    [
      41.860872,
      12.5876
    ],
    [
      41.862,
      12.589241
    ],
    [
      41.864,
      12.589206
    ],
    [
      41.864661,
      12.589939
    ],
    [
      41.864728,
      12.591328
    ],
    [
      41.863922,
      12.591522
    ],
    [
      41.863387,
      12.594213
    ],
    [
      41.865233,
      12.596367
    ],
    [
      41.866,
      12.597964
    ],
    [
      41.86868,
      12.5966
    ],
    [
      41.871,
      12.594103
    ],
    [
      41.871666,
      12.592266
    ],
    [
      41.872389,
      12.592211
    ],
    [
      41.873,
      12.593185
    ],
    [
      41.874,
      12.593122
    ],
    [
      41.874066,
      12.5916
    ],
    [
      41.873263,
      12.591337
    ],
    [
      41.873457,
      12.589057
    ],
    [
      41.874052,
      12.588652
    ],
    [
      41.874201,
      12.587801
    ],
    [
      41.875883,
      12.587717
    ],
    [
      41.876084,
      12.5886
    ]
  ],
  "distance1600": [
    [
      41.881073,
      12.5916
    ],
    [
      41.880231,
      12.591369
    ],
    [
      41.88,
      12.590221
    ],
    [
      41.879,
      12.590068
    ],
    [
      41.877348,
      12.5886
    ],
    [
      41.877522,
      12.586122
    ],
    [
      41.878786,
      12.585814
    ],
    [
      41.879136,
      12.586736
    ],
    [
      41.88,
      12.585713
    ],
    [
      41.880309,
      12.5836
    ],
    [
      41.878,
      12.582059
    ],
    [
      41.877234,
      12.582834
    ],
    [
      41.876692,
      12.5826
    ],
    [
      41.877,
      12.581996
    ],
    [
      41.877457,
      12.582057
    ],
    [
      41.877996,
      12.5796
    ],
    [
      41.878742,
      12.5786
    ],
    [
      41.877271,
      12.578329
    ],
    [
      41.876926,
      12.576526
    ],
    [
      41.877316,
      12.5756
    ],
    [
      41.875747,
      12.5736
    ],
    [
      41.874,
      12.569759
    ],
    [
      41.873448,
      12.571048
    ],
    [
      41.869,
      12.570701
    ],
    [
      41.868261,
      12.571861
    ],
    [
      41.866624,
      12.5726
    ],
    [
      41.866625,
      12.5746
    ],
    [
      41.86478,
      12.57638
    ],
    [
      41.864398,
      12.578998
    ],
    [
      41.863,
      12.5792
    ],
    [
      41.861,
      12.581316
    ],
    [
      41.859263,
      12.5816
    ],
    [
      41.859541,
      12.584141
    ],
    [
      41.858228,
      12.584372
    ],
    [
      41.858,
      12.583085
    ],
    [
      41.857421,
      12.584021
    ],
    [
      41.855626,
      12.584226
    ],
    [
      41.854857,
      12.586457
    ],
    [
      41.85568,
      12.5876
    ],
    [
      41.856,
      12.589205
    ],
    [
      41.857,
      12.589328
    ],
    [
      41.858128,
      12.5906
    ],
    [
      41.857723,
      12.5916
    ],
    [
      41.858,
      12.592308
    ],
    [
      41.859812,
      12.592788
    ],
    [
      41.859956,
      12.594556
    ],
    [
      41.85835,
      12.5966
    ],
    [
      41.859,
      12.597397
    ],
    [
      41.859131,
      12.596731
    ],
    [
      41.860691,
      12.596909
    ],
    [
      41.861301,
      12.5976
    ],
    [
      41.860897,
      12.5986
    ],
    [
      41.861822,
      12.5996
    ],
    [
      41.863588,
      12.600012
    ],
    [
      41.863779,
      12.601379
    ],
    [
      41.863437,
      12.6016
    ],
    [
      41.863469,
      12.6026
    ],
    [
      41.864244,
      12.6036
    ],
    [
      41.86414,
      12.60446
    ],
    [
      41.864821,
      12.604779
    ],
    [
      41.865318,
      12.603918
    ],
    [
      41.865202,
      12.6016
    ],
    [
      41.865497,
      12.601097
    ],
    [
      41.866756,
      12.600844
    ],
    [
      41.867,
      12.602123
    ],
    [
      41.868,
      12.602189
    ],
    [
      41.869,
      12.601638
    ],
    [
      41.868715,
      12.6006
    ],
    [
      41.869,
      12.600311
    ],
    [
      41.87009,
      12.60069
    ],
    [
      41.872,
      12.600203
    ],
    [
      41.874,
      12.598414
    ],
    [
      41.875,
      12.600033
    ],
    [
      41.875451,
      12.5996
    ],
    [
      41.875071,
      12.599529
    ],
    [
      41.875307,
      12.597907
    ],
    [
      41.876077,
      12.597677
    ],
    [
      41.876175,
      12.596775
    ],
    [
      41.876957,
      12.5966
    ],
    [
      41.875414,
      12.596186
    ],
    [
      41.875323,
      12.5936
    ],
    [
      41.874575,
      12.593025
    ],
    [
      41.874401,
      12.5916
    ],
    [
      41.873454,
      12.5906
    ],
    [
      41.873646,
      12.589246
    ],
    [
      41.87462,
      12.58822
    ],
    [
      41.875396,
      12.588204
    ],
    [
      41.875782,
      12.589818
    ],
    [
      41.876818,
      12.590782
    ],
    [
      41.879722,
      12.590878
    ],
    [
      41.88,
      12.592768
    ],
    [
      41.881073,
      12.5916
    ]
  ]
}