{
  "distance500": [
    [
      41.86936,
      12.58646
    ],
    [
      41.86938,
      12.58641
    ],
    [
      41.87095,
      12.58585
    ],
    [
      41.87075,
      12.58557
    ],
    [
      41.8708,
      12.58528
    ],
    [
      41.87164,
      12.58444
    ],
    [
      41.8711,
      12.58422
    ],
    [
      41.87105,
      12.5842
    ],
    [
      41.87072,
      12.58404
    ],
    [
      41.87095,
      12.58197
    ],
    [
      41.87078,
      12.58135
    ],
    [
      41.87067,
      12.581
    ],
    [
      41.86918,
      12.58186
    ],
    [
      41.86862,
      12.58265
    ],
    [
      41.86823,
      12.5824
    ],
    [
      41.86807,
      12.58473
    ],
    [
      41.86789,
      12.58464
    ],
    [
      41.86707,
      12.58413
    ],
    [
      41.86704,
      12.58411
    ],
    [
      41.86777,
      12.58553
    ],
    [
      41.86774,
      12.5857
    ],
    [
      41.86875,
      12.58645
    ],
    [
      41.86874,
      12.58647
    ],
    [
      41.86873,
      12.5865
    ],
    [
      41.86872,
      12.58651
    ],
    [
      41.86872,
      12.58653
    ],
    [
      41.86871,
      12.58655
    ],
    [
      41.8687,
      12.58657
    ],
    [
      41.86869,
      12.5866
    ],
    [
      41.86867,
      12.58663
    ],
    [
      41.86808,
      12.58708
    ],
    [
      41.86818,
      12.58708
    ],
    [
      41.86831,
      12.58713
    ],
    [
      41.86839,
      12.58719
    ],
    [
      41.86824,
      12.58768
    ],
    [
      41.86854,
      12.58743
    ],
    [
      41.8686,
      12.58755
    ],
    [
      41.86889,
      12.58769
    ],
    [
      41.86902,
      12.58772
    ],
    [
      41.8693,
      12.58858
    ],
    [
      41.8695,
      12.58863
    ],
    [
      41.86952,
      12.58777
    ],
    [
      41.87061,
      12.58885
    ],
    [
      41.87069,
      12.58877
    ],
    [
      41.87076,
      12.58801
    ],
    [
      41.87109,
      12.58782
    ],
    [
      41.86927,
      12.58674
    ],
    [
      41.86929,
      12.58668
    ],
    [
      41.86932,
      12.58658
    ],
    [
      41.86934,
      12.58653
    ]
  ],
  "distance1000": [
    [
      41.87494,
      12.5862
    ],
    [
      41.87315,
      12.58571
    ],
    [
      41.87297,
      12.585
    ],
    [
      41.87284,
      12.58448
    ],
    [
      41.87273,
      12.58404
    ],
    [
      41.87271,
      12.58393
    ],
    [
      41.8713,
      12.58431
    ],
    [
      41.87439,
      12.57969
    ],
    [
      41.87409,
      12.57946
    ],
    [
      41.87321,
      12.57803
    ],
    [
      41.87243,
      12.57653
    ],
    [
      41.87216,
      12.57574
    ],
    [
      41.87002,
      12.57653
    ],
    [
      41.86812,
      12.58127
    ],
    [
      41.86714,
      12.57961
    ],
    [
      41.867,
      12.57981
    ],
    [
      41.86561,
      12.57991
    ],
    [
      41.86533,
      12.58027
    ],
    [
      41.86523,
      12.58185
    ],
    [
      41.86539,
      12.58349
    ],
    [
      41.86538,
      12.58409
    ],
    [
      41.86364,
      12.58389
    ],
    [
      41.86529,
      12.58531
    ],
    [
      41.8643,
      12.58553
    ],
    [
      41.86364,
      12.58612
    ],
    [
      41.86443,
      12.58701
    ],
    [
      41.86444,
      12.5871
    ],
    [
      41.86573,
      12.58742
    ],
    [
      41.86615,
      12.5879
    ],
    [
      41.86608,
      12.58826
    ],
    [
      41.86602,
      12.58862
    ],
    [
      41.86565,
      12.58931
    ],
    [
      41.86636,
      12.5892
    ],
    [
      41.86677,
      12.58973
    ],
    [
      41.86663,
      12.59092
    ],
    [
      41.86661,
      12.59258
    ],
    [
      41.86707,
      12.59342
    ],
    [
      41.86736,
      12.59315
    ],
    [
      41.86902,
      12.58772
    ],
    [
      41.8693,
      12.58858
    ],
    [
      41.8695,
      12.58863
    ],
    [
      41.86952,
      12.58777
    ],
    [
      41.87057,
      12.58917
    ],
    [
      41.87331,
      12.59166
    ],
    [
      41.87312,
      12.58999
    ],
    [
      41.87323,
      12.58913
    ],
    [
      41.87325,
      12.58896
    ],
    [
      41.87334,
      12.58828
    ],
    [
      41.87516,
      12.58765
    ],
    [
      41.87432,
      12.58703
    ]
  ],
  "distance1600": [
    [
      41.8771,
      12.58561
    ],
    [
      41.8789,
      12.58416
    ],
    [
      41.87737,
      12.58384
    ],
    [
      41.87448,
      12.58365
    ],
    [
      41.87826,
      12.58083
    ],
    [
      41.87872,
      12.58003
    ],
    [
      41.87962,
      12.57777
    ],
    [
      41.87763,
      12.57528
    ],
    [
      41.87731,
      12.57513
    ],
    [
      41.87528,
      12.57315
    ],
    [
      41.87463,
      12.57043
    ],
    [
      41.87421,
      12.56907
    ],
    [
      41.86949,
      12.57001
    ],
    [
      41.86797,
      12.57176
    ],
    [
      41.86686,
      12.57384
    ],
    [
      41.8659,
      12.57549
    ],
    [
      41.86487,
      12.57812
    ],
    [
      41.86433,
      12.5795
    ],
    [
      41.8631,
      12.58002
    ],
    [
      41.86248,
      12.58097
    ],
    [
      41.86171,
      12.58215
    ],
    [
      41.86184,
      12.58283
    ],
    [
      41.86312,
      12.58431
    ],
    [
      41.86031,
      12.58522
    ],
    [
      41.85828,
      12.58577
    ],
    [
      41.85984,
      12.58725
    ],
    [
      41.85964,
      12.58807
    ],
    [
      41.86161,
      12.58845
    ],
    [
      41.8614,
      12.58981
    ],
    [
      41.86104,
      12.5906
    ],
    [
      41.86186,
      12.59163
    ],
    [
      41.86388,
      12.59167
    ],
    [
      41.86322,
      12.59329
    ],
    [
      41.86374,
      12.59433
    ],
    [
      41.86397,
      12.59738
    ],
    [
      41.86456,
      12.59871
    ],
    [
      41.86539,
      12.60016
    ],
    [
      41.86551,
      12.59994
    ],
    [
      41.86934,
      12.59584
    ],
    [
      41.87089,
      12.59645
    ],
    [
      41.87156,
      12.5955
    ],
    [
      41.87518,
      12.59823
    ],
    [
      41.87565,
      12.59714
    ],
    [
      41.87445,
      12.59365
    ],
    [
      41.87312,
      12.58999
    ],
    [
      41.87323,
      12.58913
    ],
    [
      41.87981,
      12.59125
    ],
    [
      41.87884,
      12.58955
    ],
    [
      41.87725,
      12.58771
    ],
    [
      41.87709,
      12.58741
    ]
  ]
}