{
  "distance500": [
    [
      41.9044,
      12.43852
    ],
    [
      41.90504,
      12.43813
    ],
    [
      41.90608,
      12.4377
    ],
    [
      41.90312,
      12.43849
    ],
    [
      41.9031,
      12.43844
    ],
    [
      41.90309,
      12.43838
    ],
    [
      41.90306,
      12.43827
    ],
    [
      41.90303,
      12.43815
    ],
    [
      41.90302,
      12.43809
    ],
    [
      41.90297,
      12.4381
    ],
    [
      41.90283,
      12.43812
    ],
    [
      41.90276,
      12.43813
    ],
    [
      41.9027,
      12.43814
    ],
    [
      41.90253,
      12.43819
    ],
    [
      41.90248,
      12.43824
    ],
    [
      41.90256,
      12.43874
    ],
    [
      41.90256,
      12.43874
    ],
    [
      41.90256,
      12.43874
    ],
    [
      41.90256,
      12.43874
    ],
    [
      41.90256,
      12.43874
    ],
    [
      41.90256,
      12.43874
    ],
    [
      41.90256,
      12.43874
    ],
    [
      41.90256,
      12.43874
    ],
    [
      41.90256,
      12.43874
    ],
    [
      41.90256,
      12.43874
    ],
    [
      41.90256,
      12.43874
    ],
    [
      41.90256,
      12.43874
    ],
    [
      41.90256,
      12.43874
    ],
    [
      41.90256,
      12.43874
    ],
    [
      41.90256,
      12.43874
    ],
    [
      41.90256,
      12.43874
    ],
    [
      41.90256,
      12.43874
    ],
    [
      41.90256,
      12.43874
    ],
    [
      41.90256,
      12.43874
    ],
    [
      41.90256,
      12.43874
    ],
    [
      41.90256,
      12.43874
    ],
    [
      41.90256,
      12.43874
    ],
    [
      41.90269,
      12.44186
    ],
    [
      41.90303,
      12.44209
    ],
    [
      41.90319,
      12.44226
    ],
    [
      41.90346,
      12.44194
    ],
    [
      41.90297,
      12.43951
    ],
    [
      41.90299,
      12.4395
    ],
    [
      41.90318,
      12.43933
    ],
    [
      41.90325,
      12.43926
    ],
    [
      41.90333,
      12.43919
    ],
    [
      41.9035,
      12.43912
    ],
    [
      41.90372,
      12.43905
    ],
    [
      41.90402,
      12.43895
    ],
    [
      41.9042,
      12.43877
    ]
  ],
  "distance1000": [
    [
      41.90939,
      12.4379
    ],
    [
      41.90978,
      12.437
    ],
    [
      41.90975,
      12.43627
    ],
    [
      41.91014,
      12.43519
    ],
    [
      41.90949,
      12.43476
    ],
    [
      41.9066,
      12.43576
    ],
    [
      41.90657,
      12.43541
    ],
    [
      41.9057,
      12.43531
    ],
    [
      41.90411,
      12.43647
    ],
    [
      41.90494,
      12.43461
    ],
    [
      41.90421,
      12.43408
    ],
    [
      41.90414,
      12.434
    ],
    [
      41.90318,
      12.43531
    ],
    [
      41.90231,
      12.43705
    ],
    [
      41.90229,
      12.43724
    ],
    [
      41.90214,
      12.43712
    ],
    [
      41.90205,
      12.43769
    ],
    [
      41.90188,
      12.43759
    ],
    [
      41.90183,
      12.43786
    ],
    [
      41.90256,
      12.43874
    ],
    [
      41.90256,
      12.43874
    ],
    [
      41.90256,
      12.43874
    ],
    [
      41.90256,
      12.43874
    ],
    [
      41.90256,
      12.43874
    ],
    [
      41.90256,
      12.43874
    ],
    [
      41.90256,
      12.43874
    ],
    [
      41.90108,
      12.43895
    ],
    [
      41.90086,
      12.4393
    ],
    [
      41.90068,
      12.43958
    ],
    [
      41.90043,
      12.44003
    ],
    [
      41.89756,
      12.44264
    ],
    [
      41.89815,
      12.44267
    ],
    [
      41.89899,
      12.4426
    ],
    [
      41.8998,
      12.4425
    ],
    [
      41.90028,
      12.44237
    ],
    [
      41.90109,
      12.44201
    ],
    [
      41.9015,
      12.44184
    ],
    [
      41.90269,
      12.44186
    ],
    [
      41.90303,
      12.44209
    ],
    [
      41.90319,
      12.44226
    ],
    [
      41.90346,
      12.44194
    ],
    [
      41.90297,
      12.43951
    ],
    [
      41.90299,
      12.4395
    ],
    [
      41.90318,
      12.43933
    ],
    [
      41.90325,
      12.43926
    ],
    [
      41.90333,
      12.43919
    ],
    [
      41.9035,
      12.43912
    ],
    [
      41.90372,
      12.43905
    ],
    [
      41.90402,
      12.43895
    ],
    [
      41.9042,
      12.43877
    ]
  ],
  "distance1600": [
    [
      41.91127,
      12.43814
    ],
    [
      41.91032,
      12.43703
    ],
    [
      41.90967,
      12.43608
    ],
    [
      41.91419,
      12.4328
    ],
    [
      41.91387,
      12.43289
    ],
    [
      41.90992,
      12.43327
    ],
    [
      41.9099,
      12.4327
    ],
    [
      41.90634,
      12.43454
    ],
    [
      41.90549,
      12.43459
    ],
    [
      41.90524,
      12.4346
    ],
    [
      41.90421,
      12.43408
    ],
    [
      41.90473,
      12.4312
    ],
    [
      41.90379,
      12.42746
    ],
    [
      41.90219,
      12.43586
    ],
    [
      41.90201,
      12.43594
    ],
    [
      41.90173,
      12.43612
    ],
    [
      41.90077,
      12.43528
    ],
    [
      41.89886,
      12.43277
    ],
    [
      41.89921,
      12.43454
    ],
    [
      41.8998,
      12.43641
    ],
    [
      41.90034,
      12.43737
    ],
    [
      41.90067,
      12.43769
    ],
    [
      41.89625,
      12.43666
    ],
    [
      41.89425,
      12.43719
    ],
    [
      41.89494,
      12.43779
    ],
    [
      41.89572,
      12.43874
    ],
    [
      41.89663,
      12.43987
    ],
    [
      41.89689,
      12.44021
    ],
    [
      41.89731,
      12.44138
    ],
    [
      41.89736,
      12.4418
    ],
    [
      41.89756,
      12.44264
    ],
    [
      41.89815,
      12.44267
    ],
    [
      41.89899,
      12.4426
    ],
    [
      41.8998,
      12.4425
    ],
    [
      41.90028,
      12.44237
    ],
    [
      41.90109,
      12.44201
    ],
    [
      41.9015,
      12.44184
    ],
    [
      41.90262,
      12.44261
    ],
    [
      41.9033,
      12.44391
    ],
    [
      41.9036,
      12.44458
    ],
    [
      41.90346,
      12.44194
    ],
    [
      41.90297,
      12.43951
    ],
    [
      41.90299,
      12.4395
    ],
    [
      41.90318,
      12.43933
    ],
    [
      41.90325,
      12.43926
    ],
    [
      41.90333,
      12.43919
    ],
    [
      41.9035,
      12.43912
    ],
    [
      41.90372,
      12.43905
    ],
    [
      41.90402,
      12.43895
    ],
    [
      41.9042,
      12.43877
    ]
  ]
}