{
  "distance500": [
    [
      41.906831,
      12.437617
    ],
    [
      41.905385,
      12.434617
    ],
    [
      41.903934,
      12.434511
    ],
    [
      41.903828,
      12.433634
    ],
    [
      41.903527,
      12.435316
    ],
    [
      41.900642,
      12.435431
    ],
    [
      41.899704,
      12.436493
    ],
    [
      41.899783,
      12.437662
    ],
    [
      41.900428,
      12.438617
    ],
    [
      41.899696,
      12.439617
    ],
    [
      41.899828,
      12.440674
    ],
    [
      41.901828,
      12.440941
    ],
    [
      41.902828,
      12.442785
    ],
    [
      41.903963,
      12.443752
    ],
    [
      41.904919,
      12.442617
    ],
    [
      41.904368,
      12.441617
    ],
    [
      41.90321,
      12.441235
    ],
    [
      41.903073,
      12.440617
    ],
    [
      41.904946,
      12.438735
    ],
    [
      41.905179,
      12.437968
    ],
    [
      41.906831,
      12.437617
    ]
  ],
  "distance1000": [
    [
      41.911001,
      12.434617
    ],
    [
      41.90723,
      12.434215
    ],
    [
      41.906938,
      12.432507
    ],
    [
      41.906156,
      12.432289
    ],
    [
      41.905828,
      12.429176
    ],
    [
      41.904828,
      12.4279
    ],
    [
      41.903499,
      12.429617
    ],
    [
      41.903139,
      12.434928
    ],
    [
      41.901391,
      12.435054
    ],
    [
      41.900828,
      12.433484
    ],
    [
      41.899859,
      12.432586
    ],
    [
      41.898828,
      12.430617
    ],
    [
      41.898161,
      12.432617
    ],
    [
      41.897235,
      12.433617
    ],
    [
      41.896683,
      12.435617
    ],
    [
      41.897828,
      12.437094
    ],
    [
      41.897942,
      12.436731
    ],
    [
      41.899278,
      12.437167
    ],
    [
      41.899524,
      12.438313
    ],
    [
      41.898552,
      12.439341
    ],
    [
      41.898325,
      12.440617
    ],
    [
      41.89906,
      12.441849
    ],
    [
      41.897828,
      12.441732
    ],
    [
      41.897429,
      12.442617
    ],
    [
      41.899828,
      12.443231
    ],
    [
      41.901828,
      12.442542
    ],
    [
      41.903724,
      12.447617
    ],
    [
      41.907591,
      12.44738
    ],
    [
      41.908445,
      12.444617
    ],
    [
      41.908016,
      12.444429
    ],
    [
      41.907979,
      12.443466
    ],
    [
      41.906103,
      12.440342
    ],
    [
      41.904632,
      12.440421
    ],
    [
      41.903828,
      12.441206
    ],
    [
      41.90328,
      12.440617
    ],
    [
      41.905828,
      12.438007
    ],
    [
      41.909949,
      12.437739
    ],
    [
      41.90997,
      12.434759
    ],
    [
      41.911001,
      12.434617
    ]
  ],
  "distance1600": [
    [
      41.9149,
      12.435617
    ],
    [
      41.914951,
      12.434617
    ],
    [
      41.914077,
      12.434368
    ],
    [
      41.914006,
      12.433617
    ],
    [
      41.913955,
      12.431744
    ],
    [
      41.914651,
      12.431617
    ],
    [
      41.913337,
      12.431617
    ],
    [
      41.912544,
      12.432617
    ],
    [
      41.911828,
      12.432784
    ],
    [
      41.910828,
      12.434245
    ],
    [
      41.910165,
      12.433617
    ],
    [
      41.910453,
      12.432617
    ],
    [
      41.909828,
      12.432149
    ],
    [
      41.909377,
      12.432617
    ],
    [
      41.909404,
      12.433617
    ],
    [
      41.908828,
      12.434115
    ],
    [
      41.907576,
      12.433869
    ],
    [
      41.90746,
      12.432617
    ],
    [
      41.906828,
      12.432182
    ],
    [
      41.90639,
      12.432179
    ],
    [
      41.906192,
      12.432981
    ],
    [
      41.905358,
      12.433147
    ],
    [
      41.905158,
      12.433947
    ],
    [
      41.904517,
      12.433928
    ],
    [
      41.904496,
      12.433285
    ],
    [
      41.906268,
      12.432057
    ],
    [
      41.906399,
      12.430188
    ],
    [
      41.908438,
      12.429617
    ],
    [
      41.909389,
      12.427178
    ],
    [
      41.909196,
      12.425617
    ],
    [
      41.907828,
      12.424565
    ],
    [
      41.907591,
      12.42538
    ],
    [
      41.906175,
      12.42527
    ],
    [
      41.904828,
      12.423262
    ],
    [
      41.902119,
      12.423909
    ],
    [
      41.900828,
      12.425183
    ],
    [
      41.898019,
      12.423809
    ],
    [
      41.895759,
      12.427549
    ],
    [
      41.894478,
      12.428617
    ],
    [
      41.894377,
      12.429617
    ],
    [
      41.894884,
      12.430617
    ],
    [
      41.894137,
      12.431617
    ],
    [
      41.893616,
      12.434405
    ],
    [
      41.893118,
      12.434617
    ],
    [
      41.893052,
      12.436842
    ],
    [
      41.892289,
      12.437617
    ],
    [
      41.89473,
      12.439715
    ],
    [
      41.894828,
      12.440817
    ],
    [
      41.895828,
      12.441339
    ],
    [
      41.894922,
      12.443711
    ],
    [
      41.894165,
      12.444617
    ],
    [
      41.894828,
      12.446661
    ],
    [
      41.895828,
      12.447184
    ],
    [
      41.897343,
      12.444132
    ],
    [
      41.898335,
      12.444111
    ],
    [
      41.898738,
      12.445527
    ],
    [
      41.897784,
      12.445661
    ],
    [
      41.89898,
      12.446465
    ],
    [
      41.900828,
      12.44661
    ],
    [
      41.901068,
      12.447377
    ],
    [
      41.903383,
      12.448062
    ],
    [
      41.903717,
      12.448728
    ],
    [
      41.904575,
      12.44887
    ],
    [
      41.904782,
      12.449663
    ],
    [
      41.905747,
      12.449698
    ],
    [
      41.905789,
      12.450656
    ],
    [
      41.906617,
      12.450829
    ],
    [
      41.906828,
      12.453509
    ],
    [
      41.908828,
      12.454031
    ],
    [
      41.911828,
      12.451671
    ],
    [
      41.911738,
      12.450617
    ],
    [
      41.912695,
      12.449617
    ],
    [
      41.912788,
      12.448617
    ],
    [
      41.912104,
      12.448341
    ],
    [
      41.911923,
      12.447617
    ],
    [
      41.912203,
      12.443992
    ],
    [
      41.912702,
      12.443617
    ],
    [
      41.911828,
      12.442791
    ],
    [
      41.911334,
      12.443111
    ],
    [
      41.911687,
      12.442617
    ],
    [
      41.911019,
      12.441617
    ],
    [
      41.913631,
      12.438617
    ],
    [
      41.913291,
      12.436154
    ],
    [
      41.911828,
      12.436119
    ],
    [
      41.911442,
      12.437232
    ],
    [
      41.910828,
      12.437362
    ],
    [
      41.910253,
      12.436617
    ],
    [
      41.911261,
      12.436051
    ],
    [
      41.912828,
      12.433879
    ],
    [
      41.913452,
      12.433993
    ],
    [
      41.913703,
      12.434617
    ],
    [
      41.913723,
      12.435512
    ],
    [
      41.913123,
      12.435617
    ],
    [
      41.913354,
      12.436091
    ],
    [
      41.9149,
      12.435617
    ]
  ]
}