{
  "distance500": [
    [
      41.851331,
      12.457201
    ],
    [
      41.851025,
      12.456653
    ],
    [
      41.849716,
      12.45651
    ],
    [
      41.849758,
      12.455934
    ],
    [
      41.850433,
      12.455609
    ],
    [
      41.851198,
      12.454201
    ],
    [
      41.850025,
      12.452907
    ],
    [
      41.849025,
      12.45265
    ],
    [
      41.848557,
      12.453733
    ],
    [
      41.847395,
      12.453831
    ],
    [
      41.847025,
      12.452655
    ],
    [
      41.846025,
      12.452164
    ],
    [
      41.845739,
      12.454914
    ],
    [
      41.843973,
      12.455149
    ],
    [
      41.844794,
      12.456201
    ],
    [
      41.846025,
      12.460419
    ],
    [
      41.847955,
      12.46013
    ],
    [
      41.851331,
      12.457201
    ]
  ],
  "distance1000": [
    [
      41.855474,
      12.458201
    ],
    [
      41.855563,
      12.457201
    ],
    [
      41.855139,
      12.456201
    ],
    [
      41.854025,
      12.455994
    ],
    [
      41.853233,
      12.454993
    ],
    [
      41.853136,
      12.451201
    ],
    [
      41.851804,
      12.45098
    ],
    [
      41.851025,
      12.45145
    ],
    [
      41.85045,
      12.449776
    ],
    [
      41.849416,
      12.448811
    ],
    [
      41.848025,
      12.448979
    ],
    [
      41.847655,
      12.449831
    ],
    [
      41.846903,
      12.450079
    ],
    [
      41.845134,
      12.452201
    ],
    [
      41.845426,
      12.454602
    ],
    [
      41.844584,
      12.454642
    ],
    [
      41.84322,
      12.453201
    ],
    [
      41.843249,
      12.452425
    ],
    [
      41.844369,
      12.452201
    ],
    [
      41.844078,
      12.452148
    ],
    [
      41.844025,
      12.450814
    ],
    [
      41.843005,
      12.45118
    ],
    [
      41.84256,
      12.453736
    ],
    [
      41.840516,
      12.454201
    ],
    [
      41.841622,
      12.455604
    ],
    [
      41.843499,
      12.455727
    ],
    [
      41.843605,
      12.45678
    ],
    [
      41.842752,
      12.457927
    ],
    [
      41.842438,
      12.460201
    ],
    [
      41.843798,
      12.461428
    ],
    [
      41.843935,
      12.462291
    ],
    [
      41.8447,
      12.462526
    ],
    [
      41.844894,
      12.464201
    ],
    [
      41.845779,
      12.464448
    ],
    [
      41.846025,
      12.465259
    ],
    [
      41.847346,
      12.465201
    ],
    [
      41.849345,
      12.464201
    ],
    [
      41.849665,
      12.463201
    ],
    [
      41.851025,
      12.462868
    ],
    [
      41.851242,
      12.461418
    ],
    [
      41.85171,
      12.461201
    ],
    [
      41.851757,
      12.460201
    ],
    [
      41.852322,
      12.459497
    ],
    [
      41.85419,
      12.459201
    ],
    [
      41.855474,
      12.458201
    ]
  ],
  "distance1600": [
    [
      41.860201,
      12.461201
    ],
    [
      41.859961,
      12.459201
    ],
    [
      41.859272,
      12.457954
    ],
    [
      41.858025,
      12.458016
    ],
    [
      41.857803,
      12.457201
    ],
    [
      41.856563,
      12.456663
    ],
    [
      41.856543,
      12.454683
    ],
    [
      41.856025,
      12.454319
    ],
    [
      41.855025,
      12.455203
    ],
    [
      41.853592,
      12.454635
    ],
    [
      41.853437,
      12.454201
    ],
    [
      41.854025,
      12.453446
    ],
    [
      41.855186,
      12.45304
    ],
    [
      41.856331,
      12.453507
    ],
    [
      41.858025,
      12.451254
    ],
    [
      41.858074,
      12.450201
    ],
    [
      41.856386,
      12.44984
    ],
    [
      41.856054,
      12.447201
    ],
    [
      41.855025,
      12.446347
    ],
    [
      41.853898,
      12.446328
    ],
    [
      41.853447,
      12.445201
    ],
    [
      41.852906,
      12.445082
    ],
    [
      41.852025,
      12.44582
    ],
    [
      41.851358,
      12.444868
    ],
    [
      41.849025,
      12.444109
    ],
    [
      41.847699,
      12.444875
    ],
    [
      41.847072,
      12.446248
    ],
    [
      41.846368,
      12.446543
    ],
    [
      41.846072,
      12.448154
    ],
    [
      41.847637,
      12.448589
    ],
    [
      41.847599,
      12.449201
    ],
    [
      41.845025,
      12.451695
    ],
    [
      41.844561,
      12.451201
    ],
    [
      41.844579,
      12.450201
    ],
    [
      41.843574,
      12.449201
    ],
    [
      41.843334,
      12.447892
    ],
    [
      41.842514,
      12.44869
    ],
    [
      41.8415,
      12.448726
    ],
    [
      41.841025,
      12.445747
    ],
    [
      41.840344,
      12.44752
    ],
    [
      41.839281,
      12.448201
    ],
    [
      41.840656,
      12.448571
    ],
    [
      41.840624,
      12.4508
    ],
    [
      41.839795,
      12.450971
    ],
    [
      41.839025,
      12.451834
    ],
    [
      41.838575,
      12.451652
    ],
    [
      41.838404,
      12.45058
    ],
    [
      41.839139,
      12.450315
    ],
    [
      41.839025,
      12.448735
    ],
    [
      41.838353,
      12.449529
    ],
    [
      41.836241,
      12.450201
    ],
    [
      41.836357,
      12.451201
    ],
    [
      41.837677,
      12.45155
    ],
    [
      41.837808,
      12.452201
    ],
    [
      41.837677,
      12.452852
    ],
    [
      41.836568,
      12.453201
    ],
    [
      41.836475,
      12.454201
    ],
    [
      41.837978,
      12.455248
    ],
    [
      41.838111,
      12.456201
    ],
    [
      41.838838,
      12.456388
    ],
    [
      41.838717,
      12.457892
    ],
    [
      41.837611,
      12.459201
    ],
    [
      41.838025,
      12.459949
    ],
    [
      41.839105,
      12.460281
    ],
    [
      41.840025,
      12.458926
    ],
    [
      41.841025,
      12.459477
    ],
    [
      41.844397,
      12.462829
    ],
    [
      41.844739,
      12.464487
    ],
    [
      41.845413,
      12.464813
    ],
    [
      41.846025,
      12.466036
    ],
    [
      41.848491,
      12.465735
    ],
    [
      41.848605,
      12.46678
    ],
    [
      41.84647,
      12.467201
    ],
    [
      41.846893,
      12.467333
    ],
    [
      41.847025,
      12.468207
    ],
    [
      41.84719,
      12.467366
    ],
    [
      41.848649,
      12.467577
    ],
    [
      41.849025,
      12.468354
    ],
    [
      41.850255,
      12.467201
    ],
    [
      41.850347,
      12.465201
    ],
    [
      41.851163,
      12.464338
    ],
    [
      41.851422,
      12.462201
    ],
    [
      41.852369,
      12.461201
    ],
    [
      41.852633,
      12.459809
    ],
    [
      41.855025,
      12.459514
    ],
    [
      41.856025,
      12.460389
    ],
    [
      41.858711,
      12.460515
    ],
    [
      41.859025,
      12.461286
    ],
    [
      41.859951,
      12.461275
    ],
    [
      41.860025,
      12.461914
    ],
    [
      41.860201,
      12.461201
    ]
  ]
}