{
  "distance500": [
    [
      41.8941,
      12.49325
    ],
    [
      41.8941,
      12.49325
    ],
    [
      41.8941,
      12.49325
    ],
    [
      41.8941,
      12.49325
    ],
    [
      41.8941,
      12.49325
    ],
    [
      41.8941,
      12.49325
    ],
    [
      41.8941,
      12.49325
    ],
    [
      41.8941,
      12.49325
    ],
    [
      41.8941,
      12.49325
    ],
    [
      41.8941,
      12.49325
    ],
    [
      41.8941,
      12.49325
    ],
    [
      41.8941,
      12.49325
    ],
    [
      41.8941,
      12.49325
    ],
    [
      41.8941,
      12.49325
    ],
    [
      41.8941,
      12.49325
    ],
    [
      41.8941,
      12.49325
    ],
    [
      41.8941,
      12.49325
    ],
    [
      41.8941,
      12.49325
    ],
    [
      41.8941,
      12.49325
    ],
    [
      41.8941,
      12.49325
    ],
    [
      41.8941,
      12.49325
    ],
    [
      41.8941,
      12.49325
    ],
    [
      41.8941,
      12.49325
    ],
    [
      41.8941,
      12.49325
    ],
    [
      41.8941,
      12.49325
    ],
    [
      41.8941,
      12.49325
    ],
    [
      41.8941,
      12.49325
    ],
    [
      41.8941,
      12.49325
    ],
    [
      41.8941,
      12.49325
    ],
    [
      41.8941,
      12.49325
    ],
    [
      41.8941,
      12.49325
    ],
    [
      41.8941,
      12.49325
    ],
    [
      41.89307,
      12.49443
    ],
    [
      41.89318,
      12.49448
    ],
    [
      41.89328,
      12.49452
    ],
    [
      41.89286,
      12.49638
    ],
    [
      41.89278,
      12.49828
    ],
    [
      41.89391,
      12.49866
    ],
    [
      41.89416,
      12.49379
    ],
    [
      41.89412,
      12.49337
    ],
    [
      41.8941,
      12.49325
    ],
    [
      41.8941,
      12.49325
    ],
    [
      41.8941,
      12.49325
    ],
    [
      41.8941,
      12.49325
    ],
    [
      41.8941,
      12.49325
    ],
    [
      41.8941,
      12.49325
    ],
    [
      41.8941,
      12.49325
    ],
    [
      41.8941,
      12.49325
    ],
    [
      41.8941,
      12.49325
    ],
    [
      41.8941,
      12.49325
    ]
  ],
  "distance1000": [
    [
      41.8941,
      12.49325
    ],
    [
      41.8941,
      12.49325
    ],
    [
      41.8941,
      12.49325
    ],
    [
      41.8941,
      12.49325
    ],
    [
      41.8941,
      12.49325
    ],
    [
      41.8941,
      12.49325
    ],
    [
      41.8941,
      12.49325
    ],
    [
      41.8941,
      12.49325
    ],
    [
      41.8941,
      12.49325
    ],
    [
      41.8941,
      12.49325
    ],
    [
      41.8941,
      12.49325
    ],
    [
      41.8941,
      12.49325
    ],
    [
      41.8941,
      12.49325
    ],
    [
      41.8941,
      12.49325
    ],
    [
      41.8941,
      12.49325
    ],
    [
      41.89378,
      12.49243
    ],
    [
      41.89352,
      12.49209
    ],
    [
      41.89333,
      12.49202
    ],
    [
      41.89343,
      12.4924
    ],
    [
      41.89339,
      12.49266
    ],
    [
      41.89212,
      12.49203
    ],
    [
      41.89204,
      12.49229
    ],
    [
      41.89201,
      12.49241
    ],
    [
      41.89188,
      12.49283
    ],
    [
      41.89245,
      12.49322
    ],
    [
      41.89231,
      12.49346
    ],
    [
      41.89225,
      12.49367
    ],
    [
      41.89217,
      12.49395
    ],
    [
      41.89211,
      12.49424
    ],
    [
      41.89209,
      12.49452
    ],
    [
      41.8921,
      12.49482
    ],
    [
      41.89215,
      12.49511
    ],
    [
      41.89052,
      12.49803
    ],
    [
      41.88999,
      12.49944
    ],
    [
      41.89037,
      12.50074
    ],
    [
      41.89135,
      12.50027
    ],
    [
      41.89241,
      12.49989
    ],
    [
      41.89398,
      12.50391
    ],
    [
      41.89537,
      12.50291
    ],
    [
      41.89574,
      12.50218
    ],
    [
      41.89623,
      12.5013
    ],
    [
      41.89706,
      12.49977
    ],
    [
      41.8977,
      12.49946
    ],
    [
      41.8941,
      12.49325
    ],
    [
      41.8941,
      12.49325
    ],
    [
      41.8941,
      12.49325
    ],
    [
      41.8941,
      12.49325
    ],
    [
      41.8941,
      12.49325
    ],
    [
      41.8941,
      12.49325
    ],
    [
      41.8941,
      12.49325
    ]
  ],
  "distance1600": [
    [
      41.8947,
      12.49323
    ],
    [
      41.89464,
      12.49314
    ],
    [
      41.89463,
      12.49308
    ],
    [
      41.89461,
      12.49302
    ],
    [
      41.8946,
      12.49297
    ],
    [
      41.89458,
      12.49291
    ],
    [
      41.89456,
      12.49283
    ],
    [
      41.89453,
      12.49271
    ],
    [
      41.89452,
      12.49265
    ],
    [
      41.89447,
      12.49248
    ],
    [
      41.89445,
      12.49237
    ],
    [
      41.89439,
      12.49216
    ],
    [
      41.89409,
      12.49103
    ],
    [
      41.89332,
      12.48783
    ],
    [
      41.89323,
      12.48878
    ],
    [
      41.89294,
      12.48913
    ],
    [
      41.8931,
      12.49141
    ],
    [
      41.89284,
      12.49151
    ],
    [
      41.89245,
      12.49166
    ],
    [
      41.89215,
      12.49178
    ],
    [
      41.89201,
      12.49183
    ],
    [
      41.8916,
      12.49201
    ],
    [
      41.89201,
      12.49241
    ],
    [
      41.89186,
      12.49291
    ],
    [
      41.89178,
      12.49318
    ],
    [
      41.8893,
      12.4938
    ],
    [
      41.88953,
      12.49394
    ],
    [
      41.88709,
      12.49576
    ],
    [
      41.88752,
      12.49615
    ],
    [
      41.88735,
      12.49702
    ],
    [
      41.88826,
      12.49779
    ],
    [
      41.88874,
      12.49795
    ],
    [
      41.88795,
      12.50125
    ],
    [
      41.88689,
      12.50434
    ],
    [
      41.88705,
      12.50506
    ],
    [
      41.8897,
      12.50453
    ],
    [
      41.88933,
      12.50717
    ],
    [
      41.89271,
      12.50926
    ],
    [
      41.89537,
      12.50291
    ],
    [
      41.89576,
      12.50215
    ],
    [
      41.89725,
      12.5011
    ],
    [
      41.89748,
      12.50072
    ],
    [
      41.8993,
      12.50095
    ],
    [
      41.90083,
      12.49985
    ],
    [
      41.90097,
      12.49963
    ],
    [
      41.90072,
      12.49716
    ],
    [
      41.90094,
      12.49689
    ],
    [
      41.90151,
      12.49557
    ],
    [
      41.90199,
      12.49524
    ],
    [
      41.89694,
      12.49357
    ]
  ]
}