{
  "distance500": [
    [
      41.897934,
      12.496272
    ],
    [
      41.896775,
      12.492272
    ],
    [
      41.897362,
      12.490272
    ],
    [
      41.895017,
      12.488291
    ],
    [
      41.893036,
      12.487762
    ],
    [
      41.892465,
      12.488272
    ],
    [
      41.892351,
      12.489587
    ],
    [
      41.890687,
      12.491272
    ],
    [
      41.890486,
      12.494272
    ],
    [
      41.89203,
      12.496265
    ],
    [
      41.892478,
      12.498272
    ],
    [
      41.894644,
      12.498879
    ],
    [
      41.896655,
      12.496891
    ],
    [
      41.897934,
      12.496272
    ]
  ],
  "distance1000": [
    [
      41.901111,
      12.500272
    ],
    [
      41.901527,
      12.496272
    ],
    [
      41.90077,
      12.493272
    ],
    [
      41.901058,
      12.488249
    ],
    [
      41.900621,
      12.487272
    ],
    [
      41.897796,
      12.485512
    ],
    [
      41.896036,
      12.483028
    ],
    [
      41.892767,
      12.483272
    ],
    [
      41.890617,
      12.484852
    ],
    [
      41.890405,
      12.487272
    ],
    [
      41.889141,
      12.488272
    ],
    [
      41.889541,
      12.489272
    ],
    [
      41.888041,
      12.490272
    ],
    [
      41.887582,
      12.491272
    ],
    [
      41.888411,
      12.491897
    ],
    [
      41.88871,
      12.493272
    ],
    [
      41.888036,
      12.494174
    ],
    [
      41.88731,
      12.494272
    ],
    [
      41.888036,
      12.497657
    ],
    [
      41.890232,
      12.502272
    ],
    [
      41.891036,
      12.502751
    ],
    [
      41.893036,
      12.502617
    ],
    [
      41.893755,
      12.503553
    ],
    [
      41.895036,
      12.504022
    ],
    [
      41.896036,
      12.5037
    ],
    [
      41.898009,
      12.500245
    ],
    [
      41.899036,
      12.500646
    ],
    [
      41.901111,
      12.500272
    ]
  ],
  "distance1600": [
    [
      41.905564,
      12.498272
    ],
    [
      41.905824,
      12.493272
    ],
    [
      41.905324,
      12.492272
    ],
    [
      41.905291,
      12.491017
    ],
    [
      41.904226,
      12.489272
    ],
    [
      41.904712,
      12.488272
    ],
    [
      41.904498,
      12.487272
    ],
    [
      41.905265,
      12.486272
    ],
    [
      41.905076,
      12.483232
    ],
    [
      41.901036,
      12.48174
    ],
    [
      41.9,
      12.480272
    ],
    [
      41.895036,
      12.476758
    ],
    [
      41.892803,
      12.478505
    ],
    [
      41.891036,
      12.477746
    ],
    [
      41.889633,
      12.478868
    ],
    [
      41.886806,
      12.482272
    ],
    [
      41.887036,
      12.484972
    ],
    [
      41.888558,
      12.485272
    ],
    [
      41.888036,
      12.486024
    ],
    [
      41.885397,
      12.487272
    ],
    [
      41.884036,
      12.487406
    ],
    [
      41.883419,
      12.488272
    ],
    [
      41.883594,
      12.489272
    ],
    [
      41.8831,
      12.490272
    ],
    [
      41.883401,
      12.491272
    ],
    [
      41.883799,
      12.492272
    ],
    [
      41.88532,
      12.492987
    ],
    [
      41.885371,
      12.494272
    ],
    [
      41.884036,
      12.494832
    ],
    [
      41.882903,
      12.496138
    ],
    [
      41.882938,
      12.49737
    ],
    [
      41.886036,
      12.499218
    ],
    [
      41.886491,
      12.497726
    ],
    [
      41.887465,
      12.497843
    ],
    [
      41.887674,
      12.498272
    ],
    [
      41.887065,
      12.500301
    ],
    [
      41.885862,
      12.502272
    ],
    [
      41.886067,
      12.505241
    ],
    [
      41.887036,
      12.506376
    ],
    [
      41.890036,
      12.507938
    ],
    [
      41.893036,
      12.507963
    ],
    [
      41.893036,
      12.509287
    ],
    [
      41.894257,
      12.509493
    ],
    [
      41.896036,
      12.50861
    ],
    [
      41.896337,
      12.507573
    ],
    [
      41.897175,
      12.50741
    ],
    [
      41.897422,
      12.506657
    ],
    [
      41.898888,
      12.50642
    ],
    [
      41.899036,
      12.507336
    ],
    [
      41.90018,
      12.505416
    ],
    [
      41.903085,
      12.50532
    ],
    [
      41.903914,
      12.503272
    ],
    [
      41.903908,
      12.501143
    ],
    [
      41.904938,
      12.500173
    ],
    [
      41.904941,
      12.499272
    ],
    [
      41.90345,
      12.498858
    ],
    [
      41.903255,
      12.498272
    ],
    [
      41.904036,
      12.497424
    ],
    [
      41.904829,
      12.497479
    ],
    [
      41.905036,
      12.49906
    ],
    [
      41.905564,
      12.498272
    ]
  ]
}