{
  "distance500": [
    [
      41.874999,
      12.579701
    ],
    [
      41.874004,
      12.577701
    ],
    [
      41.874932,
      12.576701
    ],
    [
      41.874071,
      12.575701
    ],
    [
      41.873349,
      12.572963
    ],
    [
      41.872349,
      12.572482
    ],
    [
      41.868144,
      12.574496
    ],
    [
      41.867824,
      12.575701
    ],
    [
      41.868636,
      12.578701
    ],
    [
      41.86792,
      12.580701
    ],
    [
      41.869349,
      12.580895
    ],
    [
      41.870146,
      12.581701
    ],
    [
      41.870054,
      12.582406
    ],
    [
      41.869265,
      12.582701
    ],
    [
      41.869349,
      12.584483
    ],
    [
      41.870349,
      12.584371
    ],
    [
      41.871349,
      12.583185
    ],
    [
      41.872349,
      12.583175
    ],
    [
      41.872559,
      12.581911
    ],
    [
      41.873877,
      12.581229
    ],
    [
      41.874999,
      12.579701
    ]
  ],
  "distance1000": [
    [
      41.879018,
      12.578701
    ],
    [
      41.879119,
      12.577931
    ],
    [
      41.878101,
      12.575949
    ],
    [
      41.878573,
      12.574925
    ],
    [
      41.878366,
      12.573701
    ],
    [
      41.876131,
      12.570919
    ],
    [
      41.87532,
      12.56873
    ],
    [
      41.874349,
      12.567419
    ],
    [
      41.871729,
      12.569081
    ],
    [
      41.869349,
      12.568418
    ],
    [
      41.868349,
      12.569915
    ],
    [
      41.867342,
      12.569694
    ],
    [
      41.867049,
      12.571401
    ],
    [
      41.86528,
      12.571632
    ],
    [
      41.864769,
      12.572701
    ],
    [
      41.865305,
      12.574657
    ],
    [
      41.865292,
      12.576701
    ],
    [
      41.864637,
      12.578701
    ],
    [
      41.865007,
      12.580701
    ],
    [
      41.865857,
      12.582193
    ],
    [
      41.866349,
      12.582604
    ],
    [
      41.866681,
      12.581033
    ],
    [
      41.869349,
      12.581126
    ],
    [
      41.869919,
      12.581701
    ],
    [
      41.869101,
      12.582453
    ],
    [
      41.868988,
      12.583701
    ],
    [
      41.868349,
      12.58444
    ],
    [
      41.867743,
      12.584307
    ],
    [
      41.867449,
      12.583601
    ],
    [
      41.866556,
      12.583494
    ],
    [
      41.866349,
      12.582776
    ],
    [
      41.865331,
      12.583701
    ],
    [
      41.866193,
      12.585701
    ],
    [
      41.865943,
      12.586701
    ],
    [
      41.867349,
      12.589928
    ],
    [
      41.867869,
      12.589221
    ],
    [
      41.870379,
      12.588701
    ],
    [
      41.871044,
      12.587701
    ],
    [
      41.870498,
      12.587552
    ],
    [
      41.870717,
      12.586069
    ],
    [
      41.87203,
      12.58602
    ],
    [
      41.872349,
      12.58763
    ],
    [
      41.873349,
      12.588827
    ],
    [
      41.873497,
      12.587849
    ],
    [
      41.874994,
      12.587346
    ],
    [
      41.874828,
      12.586222
    ],
    [
      41.874138,
      12.585912
    ],
    [
      41.874349,
      12.585067
    ],
    [
      41.875308,
      12.585701
    ],
    [
      41.875117,
      12.585933
    ],
    [
      41.876349,
      12.585256
    ],
    [
      41.876736,
      12.584088
    ],
    [
      41.87731,
      12.583701
    ],
    [
      41.876932,
      12.582701
    ],
    [
      41.878061,
      12.581701
    ],
    [
      41.878155,
      12.579701
    ],
    [
      41.879018,
      12.578701
    ]
  ],
  "distance1600": [
    [
      41.88465,
      12.576701
    ],
    [
      41.883349,
      12.575248
    ],
    [
      41.883289,
      12.575641
    ],
    [
      41.881677,
      12.575373
    ],
    [
      41.881714,
      12.574066
    ],
    [
      41.883349,
      12.574079
    ],
    [
      41.883349,
      12.572701
    ],
    [
      41.882276,
      12.571774
    ],
    [
      41.881349,
      12.569835
    ],
    [
      41.880258,
      12.570701
    ],
    [
      41.879556,
      12.566701
    ],
    [
      41.878255,
      12.564701
    ],
    [
      41.878218,
      12.563701
    ],
    [
      41.876519,
      12.561531
    ],
    [
      41.874349,
      12.560357
    ],
    [
      41.872199,
      12.562551
    ],
    [
      41.871937,
      12.563701
    ],
    [
      41.873026,
      12.564024
    ],
    [
      41.87298,
      12.565332
    ],
    [
      41.871403,
      12.565647
    ],
    [
      41.871349,
      12.564815
    ],
    [
      41.871325,
      12.565677
    ],
    [
      41.868349,
      12.565609
    ],
    [
      41.868228,
      12.565701
    ],
    [
      41.868768,
      12.566701
    ],
    [
      41.864773,
      12.567701
    ],
    [
      41.864641,
      12.569701
    ],
    [
      41.863926,
      12.570278
    ],
    [
      41.863536,
      12.571888
    ],
    [
      41.860915,
      12.574701
    ],
    [
      41.861523,
      12.576701
    ],
    [
      41.862086,
      12.576964
    ],
    [
      41.862266,
      12.577784
    ],
    [
      41.863049,
      12.578001
    ],
    [
      41.86323,
      12.578701
    ],
    [
      41.862321,
      12.579701
    ],
    [
      41.862056,
      12.581408
    ],
    [
      41.860938,
      12.581701
    ],
    [
      41.861638,
      12.58399
    ],
    [
      41.861232,
      12.585584
    ],
    [
      41.860702,
      12.585701
    ],
    [
      41.861665,
      12.586701
    ],
    [
      41.861717,
      12.587701
    ],
    [
      41.862987,
      12.589063
    ],
    [
      41.863349,
      12.58909
    ],
    [
      41.863672,
      12.588024
    ],
    [
      41.864349,
      12.587884
    ],
    [
      41.86511,
      12.588701
    ],
    [
      41.865067,
      12.590419
    ],
    [
      41.864038,
      12.590701
    ],
    [
      41.864408,
      12.592642
    ],
    [
      41.864037,
      12.593701
    ],
    [
      41.866349,
      12.597059
    ],
    [
      41.870501,
      12.593852
    ],
    [
      41.870349,
      12.592577
    ],
    [
      41.872517,
      12.592533
    ],
    [
      41.872349,
      12.594714
    ],
    [
      41.874349,
      12.595398
    ],
    [
      41.874513,
      12.592701
    ],
    [
      41.873613,
      12.591701
    ],
    [
      41.873942,
      12.588294
    ],
    [
      41.875797,
      12.588253
    ],
    [
      41.876187,
      12.589863
    ],
    [
      41.878034,
      12.590016
    ],
    [
      41.878276,
      12.590774
    ],
    [
      41.879271,
      12.590779
    ],
    [
      41.879349,
      12.591189
    ],
    [
      41.879455,
      12.590701
    ],
    [
      41.878735,
      12.589701
    ],
    [
      41.877764,
      12.589286
    ],
    [
      41.877724,
      12.586076
    ],
    [
      41.879245,
      12.585805
    ],
    [
      41.879349,
      12.586296
    ],
    [
      41.881234,
      12.583701
    ],
    [
      41.879731,
      12.583319
    ],
    [
      41.879809,
      12.582161
    ],
    [
      41.881084,
      12.581966
    ],
    [
      41.881349,
      12.583481
    ],
    [
      41.88158,
      12.581932
    ],
    [
      41.88306,
      12.581701
    ],
    [
      41.883991,
      12.579701
