{
  "distance500": [
    [
      41.858968,
      12.478593
    ],
    [
      41.85919,
      12.477593
    ],
    [
      41.857834,
      12.475593
    ],
    [
      41.859326,
      12.474593
    ],
    [
      41.859043,
      12.473593
    ],
    [
      41.858072,
      12.472593
    ],
    [
      41.857851,
      12.471242
    ],
    [
      41.856851,
      12.470652
    ],
    [
      41.854851,
      12.47167
    ],
    [
      41.853851,
      12.470976
    ],
    [
      41.852618,
      12.472593
    ],
    [
      41.85195,
      12.474593
    ],
    [
      41.851916,
      12.476593
    ],
    [
      41.856708,
      12.480593
    ],
    [
      41.858968,
      12.478593
    ]
  ],
  "distance1000": [
    [
      41.862941,
      12.479593
    ],
    [
      41.863741,
      12.478593
    ],
    [
      41.860566,
      12.474879
    ],
    [
      41.860343,
      12.473102
    ],
    [
      41.859703,
      12.472593
    ],
    [
      41.860472,
      12.471593
    ],
    [
      41.861851,
      12.471095
    ],
    [
      41.86212,
      12.469593
    ],
    [
      41.85923,
      12.469215
    ],
    [
      41.859013,
      12.467755
    ],
    [
      41.859588,
      12.467593
    ],
    [
      41.858989,
      12.467455
    ],
    [
      41.858851,
      12.466593
    ],
    [
      41.856114,
      12.467857
    ],
    [
      41.853851,
      12.466678
    ],
    [
      41.852851,
      12.46668
    ],
    [
      41.850851,
      12.467757
    ],
    [
      41.850733,
      12.470476
    ],
    [
      41.849606,
      12.470593
    ],
    [
      41.847914,
      12.474593
    ],
    [
      41.849032,
      12.476593
    ],
    [
      41.84897,
      12.477712
    ],
    [
      41.848447,
      12.478593
    ],
    [
      41.849851,
      12.478931
    ],
    [
      41.850202,
      12.479593
    ],
    [
      41.849455,
      12.480593
    ],
    [
      41.849692,
      12.481753
    ],
    [
      41.851851,
      12.481284
    ],
    [
      41.853851,
      12.482398
    ],
    [
      41.854691,
      12.483593
    ],
    [
      41.854739,
      12.484593
    ],
    [
      41.855851,
      12.486001
    ],
    [
      41.857851,
      12.485087
    ],
    [
      41.858181,
      12.483923
    ],
    [
      41.859465,
      12.483593
    ],
    [
      41.859926,
      12.482668
    ],
    [
      41.861581,
      12.482323
    ],
    [
      41.862941,
      12.479593
    ]
  ],
  "distance1600": [
    [
      41.868995,
      12.479593
    ],
    [
      41.867124,
      12.478321
    ],
    [
      41.866851,
      12.477001
    ],
    [
      41.865851,
      12.477627
    ],
    [
      41.864355,
      12.476593
    ],
    [
      41.865409,
      12.475593
    ],
    [
      41.864776,
      12.474593
    ],
    [
      41.86498,
      12.472722
    ],
    [
      41.86573,
      12.472593
    ],
    [
      41.867314,
      12.468593
    ],
    [
      41.865245,
      12.4662
    ],
    [
      41.863556,
      12.465889
    ],
    [
      41.862851,
      12.463936
    ],
    [
      41.862002,
      12.463443
    ],
    [
      41.861851,
      12.462554
    ],
    [
      41.860638,
      12.462593
    ],
    [
      41.860567,
      12.466593
    ],
    [
      41.859851,
      12.467231
    ],
    [
      41.859226,
      12.466593
    ],
    [
      41.859068,
      12.465377
    ],
    [
      41.858162,
      12.464593
    ],
    [
      41.858415,
      12.462593
    ],
    [
      41.857025,
      12.46242
    ],
    [
      41.856851,
      12.461489
    ],
    [
      41.854851,
      12.46218
    ],
    [
      41.853839,
      12.461582
    ],
    [
      41.853755,
      12.462497
    ],
    [
      41.852776,
      12.462518
    ],
    [
      41.852413,
      12.464155
    ],
    [
      41.851751,
      12.464493
    ],
    [
      41.851504,
      12.466593
    ],
    [
      41.850608,
      12.467593
    ],
    [
      41.850463,
      12.469593
    ],
    [
      41.848643,
      12.470385
    ],
    [
      41.848481,
      12.472593
    ],
    [
      41.847851,
      12.473254
    ],
    [
      41.846058,
      12.471593
    ],
    [
      41.845887,
      12.469593
    ],
    [
      41.844851,
      12.469173
    ],
    [
      41.844247,
      12.469593
    ],
    [
      41.84471,
      12.469734
    ],
    [
      41.844691,
      12.470754
    ],
    [
      41.845406,
      12.471593
    ],
    [
      41.844205,
      12.474947
    ],
    [
      41.843496,
      12.475593
    ],
    [
      41.843851,
      12.477391
    ],
    [
      41.844539,
      12.477906
    ],
    [
      41.844632,
      12.478593
    ],
    [
      41.843371,
      12.480593
    ],
    [
      41.845851,
      12.481456
    ],
    [
      41.847451,
      12.482593
    ],
    [
      41.848889,
      12.484593
    ],
    [
      41.848389,
      12.485593
    ],
    [
      41.848669,
      12.486593
    ],
    [
      41.850897,
      12.487548
    ],
    [
      41.851268,
      12.489593
    ],
    [
      41.852851,
      12.489956
    ],
    [
      41.853851,
      12.491535
    ],
    [
      41.856851,
      12.491518
    ],
    [
      41.858851,
      12.490811
    ],
    [
      41.859851,
      12.488927
    ],
    [
      41.860851,
      12.488952
    ],
    [
      41.863851,
      12.487275
    ],
    [
      41.866403,
      12.484593
    ],
    [
      41.866807,
      12.483593
    ],
    [
      41.866151,
      12.482593
    ],
    [
      41.867851,
      12.480898
    ],
    [
      41.868029,
      12.479772
    ],
    [
      41.868995,
      12.479593
    ]
  ]
}