{
  "distance500": [
    [
      41.910318,
      12.414382
    ],
    [
      41.910495,
      12.412382
    ],
    [
      41.907521,
      12.411989
    ],
    [
      41.907374,
      12.410628
    ],
    [
      41.908328,
      12.410382
    ],
    [
      41.907542,
      12.409382
    ],
    [
      41.906128,
      12.410013
    ],
    [
      41.905128,
      12.408828
    ],
    [
      41.905025,
      12.409279
    ],
    [
      41.903864,
      12.409382
    ],
    [
      41.903535,
      12.410382
    ],
    [
      41.904128,
      12.412076
    ],
    [
      41.904407,
      12.411661
    ],
    [
      41.905128,
      12.411808
    ],
    [
      41.905565,
      12.412382
    ],
    [
      41.905362,
      12.413616
    ],
    [
      41.904496,
      12.414382
    ],
    [
      41.905407,
      12.415382
    ],
    [
      41.903724,
      12.416978
    ],
    [
      41.903224,
      12.418382
    ],
    [
      41.904128,
      12.419247
    ],
    [
      41.90535,
      12.41816
    ],
    [
      41.907128,
      12.42007
    ],
    [
      41.907403,
      12.418657
    ],
    [
      41.909906,
      12.418382
    ],
    [
      41.909209,
      12.418301
    ],
    [
      41.909232,
      12.417278
    ],
    [
      41.908691,
      12.416819
    ],
    [
      41.908299,
      12.415382
    ],
    [
      41.909128,
      12.414727
    ],
    [
      41.910128,
      12.415025
    ],
    [
      41.910318,
      12.414382
    ]
  ],
  "distance1000": [
    [
      41.914319,
      12.418382
    ],
    [
      41.91337,
      12.417382
    ],
    [
      41.913641,
      12.415895
    ],
    [
      41.91467,
      12.414382
    ],
    [
      41.914535,
      12.413975
    ],
    [
      41.913438,
      12.412072
    ],
    [
      41.912296,
      12.411382
    ],
    [
      41.912526,
      12.410382
    ],
    [
      41.911388,
      12.410122
    ],
    [
      41.911274,
      12.409236
    ],
    [
      41.910128,
      12.409203
    ],
    [
      41.908532,
      12.407978
    ],
    [
      41.908312,
      12.406566
    ],
    [
      41.908962,
      12.406382
    ],
    [
      41.908475,
      12.405382
    ],
    [
      41.907128,
      12.405195
    ],
    [
      41.906671,
      12.407925
    ],
    [
      41.905128,
      12.408072
    ],
    [
      41.904128,
      12.409022
    ],
    [
      41.902597,
      12.408913
    ],
    [
      41.902128,
      12.40726
    ],
    [
      41.900203,
      12.407382
    ],
    [
      41.901128,
      12.408673
    ],
    [
      41.901528,
      12.410982
    ],
    [
      41.901504,
      12.412382
    ],
    [
      41.900548,
      12.413382
    ],
    [
      41.900498,
      12.416382
    ],
    [
      41.901128,
      12.417279
    ],
    [
      41.901308,
      12.416562
    ],
    [
      41.902128,
      12.416555
    ],
    [
      41.902826,
      12.417382
    ],
    [
      41.901403,
      12.418382
    ],
    [
      41.901218,
      12.419292
    ],
    [
      41.901687,
      12.421382
    ],
    [
      41.901419,
      12.422382
    ],
    [
      41.902263,
      12.424247
    ],
    [
      41.905128,
      12.424354
    ],
    [
      41.905254,
      12.423508
    ],
    [
      41.907035,
      12.423475
    ],
    [
      41.907128,
      12.423977
    ],
    [
      41.907229,
      12.423483
    ],
    [
      41.90892,
      12.42359
    ],
    [
      41.909128,
      12.424562
    ],
    [
      41.90983,
      12.423084
    ],
    [
      41.911062,
      12.422382
    ],
    [
      41.911588,
      12.420382
    ],
    [
      41.913128,
      12.420273
    ],
    [
      41.914319,
      12.418382
    ]
  ],