{
  "distance500": [
    [
      41.916693,
      12.520239
    ],
    [
      41.916587,
      12.519163
    ],
    [
      41.917498,
      12.518239
    ],
    [
      41.915921,
      12.51398
    ],
    [
      41.914674,
      12.513227
    ],
    [
      41.913663,
      12.514004
    ],
    [
      41.911663,
      12.513832
    ],
    [
      41.91083,
      12.514406
    ],
    [
      41.910208,
      12.516239
    ],
    [
      41.910308,
      12.517239
    ],
    [
      41.909657,
      12.518244
    ],
    [
      41.911663,
      12.522288
    ],
    [
      41.914663,
      12.522889
    ],
    [
      41.915663,
      12.522162
    ],
    [
      41.916693,
      12.520239
    ]
  ],
  "distance1000": [
    [
      41.920901,
      12.520239
    ],
    [
      41.921149,
      12.519239
    ],
    [
      41.920637,
      12.518239
    ],
    [
      41.920954,
      12.517239
    ],
    [
      41.920154,
      12.515239
    ],
    [
      41.920701,
      12.514239
    ],
    [
      41.920214,
      12.512239
    ],
    [
      41.917852,
      12.509239
    ],
    [
      41.915663,
      12.508432
    ],
    [
      41.912663,
      12.509171
    ],
    [
      41.910663,
      12.508346
    ],
    [
      41.910088,
      12.508664
    ],
    [
      41.907695,
      12.512239
    ],
    [
      41.907798,
      12.513239
    ],
    [
      41.907188,
      12.515239
    ],
    [
      41.905935,
      12.517239
    ],
    [
      41.90761,
      12.520239
    ],
    [
      41.907462,
      12.521038
    ],
    [
      41.906445,
      12.521239
    ],
    [
      41.907417,
      12.522239
    ],
    [
      41.909093,
      12.526808
    ],
    [
      41.909663,
      12.527167
    ],
    [
      41.910663,
      12.526635
    ],
    [
      41.911663,
      12.52722
    ],
    [
      41.912663,
      12.526908
    ],
    [
      41.913411,
      12.528239
    ],
    [
      41.914931,
      12.528239
    ],
    [
      41.915664,
      12.52724
    ],
    [
      41.917829,
      12.527239
    ],
    [
      41.91843,
      12.524006
    ],
    [
      41.920901,
      12.520239
    ]
  ],
  "distance1600": [
    [
      41.925908,
      12.516239
    ],
    [
      41.924152,
      12.512749
    ],
    [
      41.923558,
      12.509343
    ],
    [
      41.923663,
      12.507186
    ],
    [
      41.922663,
      12.506866
    ],
    [
      41.921663,
      12.505754
    ],
    [
      41.919375,
      12.505526
    ],
    [
      41.918491,
      12.504239
    ],
    [
      41.915663,
      12.502847
    ],
    [
      41.910868,
      12.503444
    ],
    [
      41.910553,
      12.504239
    ],
    [
      41.909663,
      12.504695
    ],
    [
      41.909155,
      12.504239
    ],
    [
      41.908663,
      12.502549
    ],
    [
      41.907663,
      12.502569
    ],
    [
      41.906298,
      12.505239
    ],
    [
      41.908263,
      12.505638
    ],
    [
      41.908365,
      12.507239
    ],
    [
      41.906419,
      12.508995
    ],
    [
      41.905177,
      12.509239
    ],
    [
      41.904663,
      12.510182
    ],
    [
      41.903568,
      12.510144
    ],
    [
      41.903215,
      12.511239
    ],
    [
      41.903461,
      12.512239
    ],
    [
      41.90245,
      12.513239
    ],
    [
      41.901813,
      12.516239
    ],
    [
      41.902736,
      12.518239
    ],
    [
      41.902121,
      12.518697
    ],
    [
      41.901832,
      12.520239
    ],
    [
      41.905877,
      12.524025
    ],
    [
      41.905922,
      12.526239
    ],
    [
      41.906489,
      12.527413
    ],
    [
      41.907663,
      12.528388
    ],
    [
      41.908663,
      12.532798
    ],
    [
      41.908947,
      12.531523
    ],
    [
      41.910452,
      12.531449
    ],
    [
      41.911732,
      12.532239
    ],
    [
      41.911926,
      12.529239
    ],
    [
      41.912663,
      12.52858
    ],
    [
      41.915663,
      12.528667
    ],
    [
      41.916663,
      12.527631
    ],
    [
      41.919663,
      12.527659
    ],
    [
      41.920545,
      12.528239
    ],
    [
      41.920663,
      12.52885
    ],
    [
      41.921663,
      12.529003
    ],
    [
      41.922006,
      12.526582
    ],
    [
      41.923148,
      12.526239
    ],
    [
      41.922653,
      12.525239
    ],
    [
      41.923982,
      12.523239
    ],
    [
      41.923595,
      12.522171
    ],
    [
      41.924663,
      12.52214
    ],
    [
      41.925228,
      12.521239
    ],
    [
      41.923912,
      12.520989
    ],
    [
      41.923951,
      12.518527
    ],
    [
      41.92468,
      12.518256
    ],
    [
      41.924693,
      12.517269
    ],
    [
      41.925908,
      12.516239
    ]
  ]
}