{
  "distance500": [
    [
      41.865504,
      12.680883
    ],
    [
      41.865373,
      12.679644
    ],
    [
      41.864347,
      12.678883
    ],
    [
      41.864261,
      12.675756
    ],
    [
      41.863134,
      12.676123
    ],
    [
      41.862869,
      12.678148
    ],
    [
      41.863242,
      12.680883
    ],
    [
      41.862697,
      12.681883
    ],
    [
      41.863134,
      12.683716
    ],
    [
      41.863745,
      12.682494
    ],
    [
      41.865504,
      12.680883
    ]
  ],
  "distance1000": [
    [
      41.867463,
      12.675883
    ],
    [
      41.868094,
      12.674883
    ],
    [
      41.865134,
      12.67016
    ],
    [
      41.864134,
      12.669742
    ],
    [
      41.863134,
      12.670709
    ],
    [
      41.863134,
      12.672947
    ],
    [
      41.862134,
      12.672326
    ],
    [
      41.86064,
      12.672883
    ],
    [
      41.859681,
      12.683883
    ],
    [
      41.860023,
      12.685883
    ],
    [
      41.860916,
      12.686883
    ],
    [
      41.860847,
      12.68817
    ],
    [
      41.863134,
      12.68966
    ],
    [
      41.863447,
      12.689196
    ],
    [
      41.863991,
      12.687883
    ],
    [
      41.863838,
      12.686587
    ],
    [
      41.865134,
      12.684718
    ],
    [
      41.865282,
      12.683031
    ],
    [
      41.866134,
      12.682412
    ],
    [
      41.865931,
      12.679883
    ],
    [
      41.864776,
      12.679241
    ],
    [
      41.864685,
      12.678434
    ],
    [
      41.865134,
      12.677883
    ],
    [
      41.866219,
      12.677883
    ],
    [
      41.867463,
      12.675883
    ]
  ],
  "distance1600": [
    [
      41.873171,
      12.671883
    ],
    [
      41.86977,
      12.669247
    ],
    [
      41.868155,
      12.665862
    ],
    [
      41.867837,
      12.667586
    ],
    [
      41.864644,
      12.667373
    ],
    [
      41.864313,
      12.666883
    ],
    [
      41.864134,
      12.66391
    ],
    [
      41.863493,
      12.664883
    ],
    [
      41.86399,
      12.665027
    ],
    [
      41.863749,
      12.666498
    ],
    [
      41.862523,
      12.666494
    ],
    [
      41.862276,
      12.665025
    ],
    [
      41.86277,
      12.664883
    ],
    [
      41.862134,
      12.663838
    ],
    [
      41.860134,
      12.666883
    ],
    [
      41.857229,
      12.667883
    ],
    [
      41.85662,
      12.670883
    ],
    [
      41.856594,
      12.675883
    ],
    [
      41.858476,
      12.677883
    ],
    [
      41.858134,
      12.678363
    ],
    [
      41.857232,
      12.677785
    ],
    [
      41.856134,
      12.677612
    ],
    [
      41.856186,
      12.677935
    ],
    [
      41.857121,
      12.677896
    ],
    [
      41.85695,
      12.679883
    ],
    [
      41.856728,
      12.680477
    ],
    [
      41.855065,
      12.680883
    ],
    [
      41.854923,
      12.682094
    ],
    [
      41.855622,
      12.682883
    ],
    [
      41.855574,
      12.683883
    ],
    [
      41.854654,
      12.684883
    ],
    [
      41.855546,
      12.685471
    ],
    [
      41.856134,
      12.686573
    ],
    [
      41.857155,
      12.685883
    ],
    [
      41.857204,
      12.686953
    ],
    [
      41.856134,
      12.687132
    ],
    [
      41.855188,
      12.688883
    ],
    [
      41.856366,
      12.689883
    ],
    [
      41.855999,
      12.690748
    ],
    [
      41.85616,
      12.691857
    ],
    [
      41.861134,
      12.694039
    ],
    [
      41.864134,
      12.696742
    ],
    [
      41.864948,
      12.695883
    ],
    [
      41.866134,
      12.692244
    ],
    [
      41.868239,
      12.689988
    ],
    [
      41.868893,
      12.689883
    ],
    [
      41.868792,
      12.688883
    ],
    [
      41.867929,
      12.687883
    ],
    [
      41.867836,
      12.684883
    ],
    [
      41.866217,
      12.683883
    ],
    [
      41.867067,
      12.683816
    ],
    [
      41.867134,
      12.6812
    ],
    [
      41.868134,
      12.68103
    ],
    [
      41.870036,
      12.678883
    ],
    [
      41.870988,
      12.678737
    ],
    [
      41.871412,
      12.678161
    ],
    [
      41.873171,
      12.671883
    ]
  ]
}