{
  "distance500": [
    [
      41.867969,
      12.6693
    ],
    [
      41.867751,
      12.668344
    ],
    [
      41.868422,
      12.6673
    ],
    [
      41.868096,
      12.666911
    ],
    [
      41.867707,
      12.666653
    ],
    [
      41.867556,
      12.667149
    ],
    [
      41.866707,
      12.667175
    ],
    [
      41.866361,
      12.667954
    ],
    [
      41.865707,
      12.668065
    ],
    [
      41.863707,
      12.666186
    ],
    [
      41.862258,
      12.666851
    ],
    [
      41.861327,
      12.6703
    ],
    [
      41.86258,
      12.672427
    ],
    [
      41.864707,
      12.673678
    ],
    [
      41.866165,
      12.6723
    ],
    [
      41.867969,
      12.6693
    ]
  ],
  "distance1000": [
    [
      41.871178,
      12.6713
    ],
    [
      41.870733,
      12.6693
    ],
    [
      41.870069,
      12.668938
    ],
    [
      41.869887,
      12.6673
    ],
    [
      41.868896,
      12.666111
    ],
    [
      41.867499,
      12.666092
    ],
    [
      41.865707,
      12.667853
    ],
    [
      41.864238,
      12.6663
    ],
    [
      41.864906,
      12.665499
    ],
    [
      41.865088,
      12.6643
    ],
    [
      41.865078,
      12.6613
    ],
    [
      41.864707,
      12.660758
    ],
    [
      41.863707,
      12.661618
    ],
    [
      41.861707,
      12.660751
    ],
    [
      41.860964,
      12.661557
    ],
    [
      41.860437,
      12.66503
    ],
    [
      41.859251,
      12.665844
    ],
    [
      41.858707,
      12.66774
    ],
    [
      41.857896,
      12.668489
    ],
    [
      41.857746,
      12.6693
    ],
    [
      41.859341,
      12.669666
    ],
    [
      41.859496,
      12.6703
    ],
    [
      41.859295,
      12.670888
    ],
    [
      41.857657,
      12.67125
    ],
    [
      41.857622,
      12.6743
    ],
    [
      41.860707,
      12.674511
    ],
    [
      41.861317,
      12.6773
    ],
    [
      41.861748,
      12.677341
    ],
    [
      41.861926,
      12.676519
    ],
    [
      41.863345,
      12.676662
    ],
    [
      41.863553,
      12.678146
    ],
    [
      41.862707,
      12.678396
    ],
    [
      41.863707,
      12.679179
    ],
    [
      41.864278,
      12.6773
    ],
    [
      41.86396,
      12.677047
    ],
    [
      41.864177,
      12.67577
    ],
    [
      41.865362,
      12.675645
    ],
    [
      41.865707,
      12.677023
    ],
    [
      41.866707,
      12.676164
    ],
    [
      41.868707,
      12.676822
    ],
    [
      41.870388,
      12.6743
    ],
    [
      41.870222,
      12.6723
    ],
    [
      41.871178,
      12.6713
    ]
  ],
  "distance1600": [
    [
      41.875734,
      12.6723
    ],
    [
      41.875414,
      12.671593
    ],
    [
      41.873932,
      12.671075
    ],
    [
      41.87382,
      12.668413
    ],
    [
      41.874646,
      12.668361
    ],
    [
      41.874707,
      12.667916
    ],
    [
      41.873707,
      12.667861
    ],
    [
      41.873436,
      12.669029
    ],
    [
      41.871707,
      12.670041
    ],
    [
      41.870332,
      12.668675
    ],
    [
      41.870007,
      12.667
    ],
    [
      41.868707,
      12.665801
    ],
    [
      41.867365,
      12.665958
    ],
    [
      41.865995,
      12.667588
    ],
    [
      41.865443,
      12.667564
    ],
    [
      41.864833,
      12.6663
    ],
    [
      41.865304,
      12.664897
    ],
    [
      41.865707,
      12.664409
    ],
    [
      41.866821,
      12.664414
    ],
    [
      41.867405,
      12.659998
    ],
    [
      41.869228,
      12.6583
    ],
    [
      41.868738,
      12.656269
    ],
    [
      41.865707,
      12.656411
    ],
    [
      41.864849,
      12.654158
    ],
    [
      41.863707,
      12.653971
    ],
    [
      41.863332,
      12.656925
    ],
    [
      41.862553,
      12.657147
    ],
    [
      41.86047,
      12.6593
    ],
    [
      41.861167,
      12.65984
    ],
    [
      41.861125,
      12.660718
    ],
    [
      41.859393,
      12.6613
    ],
    [
      41.859435,
      12.663572
    ],
    [
      41.860132,
      12.663875
    ],
    [
      41.860099,
      12.664692
    ],
    [
      41.859272,
      12.664735
    ],
    [
      41.859013,
      12.663994
    ],
    [
      41.858231,
      12.663776
    ],
    [
      41.857804,
      12.6613
    ],
    [
      41.856762,
      12.661245
    ],
    [
      41.856707,
      12.6603
    ],
    [
      41.856439,
      12.663032
    ],
    [
      41.854275,
      12.6633
    ],
    [
      41.854078,
      12.6643
    ],
    [
      41.854523,
      12.664484
    ],
    [
      41.854666,
      12.666259
    ],
    [
      41.854336,
      12.6663
    ],
    [
      41.854257,
      12.6673
    ],
    [
      41.855341,
      12.667666
    ],
    [
      41.855498,
      12.6683
    ],
    [
      41.85531,
      12.668903
    ],
    [
      41.85386,
      12.6693
    ],
    [
      41.853983,
      12.6713
    ],
    [
      41.85325,
      12.6743
    ],
    [
      41.85341,
      12.677597
    ],
    [
      41.853909,
      12.678098
    ],
    [
      41.856484,
      12.678523
    ],
    [
      41.856707,
      12.679827
    ],
    [
      41.857236,
      12.6803
    ],
    [
      41.857057,
      12.6813
    ],
    [
      41.858226,
      12.681781
    ],
    [
      41.858707,
      12.682528
    ],
    [
      41.859615,
      12.6823
    ],
    [
      41.859545,
      12.6813
    ],
    [
      41.859974,
      12.6813
    ],
    [
      41.859885,
      12.684122
    ],
    [
      41.861997,
      12.68501
    ],
    [
      41.862707,
      12.68644
    ],
    [
      41.86292,
      12.685513
    ],
    [
      41.863774,
      12.6853
    ],
    [
      41.864506,
      12.6833
    ],
    [
      41.865707,
      12.682339
    ],
    [
      41.866467,
      12.68254
    ],
    [
      41.866707,
      12.683562
    ],
    [
      41.867707,
      12.683896
    ],
    [
      41.86929,
      12.681883
    ],
    [
      41.870707,
      12.680906
    ],
    [
      41.871707,
      12.681349
    ],
    [
      41.872267,
      12.68086
    ],
    [
      41.873899,
      12.676492
    ],
    [
      41.873829,
      12.674178
    ],
    [
      41.873108,
      12.673899
    ],
    [
      41.873166,
      12.672759
    ],
    [
      41.8745,
      12.672507
    ],
    [
      41.874737,
      12.6733
    ],
    [
      41.875734,
      12.6723
    ]
  ]
}