{
  "distance500": [
    [
      41.88636,
      12.50902
    ],
    [
      41.8865,
      12.50888
    ],
    [
      41.88656,
      12.50882
    ],
    [
      41.88573,
      12.50907
    ],
    [
      41.88573,
      12.50907
    ],
    [
      41.88573,
      12.50907
    ],
    [
      41.88573,
      12.50907
    ],
    [
      41.88573,
      12.50907
    ],
    [
      41.88573,
      12.50907
    ],
    [
      41.88573,
      12.50907
    ],
    [
      41.88573,
      12.50907
    ],
    [
      41.88573,
      12.50907
    ],
    [
      41.88573,
      12.50907
    ],
    [
      41.88573,
      12.50907
    ],
    [
      41.88573,
      12.50907
    ],
    [
      41.88573,
      12.50907
    ],
    [
      41.88573,
      12.50907
    ],
    [
      41.88573,
      12.50907
    ],
    [
      41.88573,
      12.50907
    ],
    [
      41.8847,
      12.5083
    ],
    [
      41.88216,
      12.50683
    ],
    [
      41.88238,
      12.50716
    ],
    [
      41.88247,
      12.50787
    ],
    [
      41.88155,
      12.50814
    ],
    [
      41.88325,
      12.5088
    ],
    [
      41.88396,
      12.50921
    ],
    [
      41.88388,
      12.50931
    ],
    [
      41.884,
      12.50952
    ],
    [
      41.88412,
      12.50971
    ],
    [
      41.88253,
      12.51093
    ],
    [
      41.88278,
      12.51117
    ],
    [
      41.88309,
      12.51161
    ],
    [
      41.88246,
      12.51315
    ],
    [
      41.88286,
      12.51315
    ],
    [
      41.88378,
      12.51278
    ],
    [
      41.88438,
      12.51209
    ],
    [
      41.88469,
      12.51263
    ],
    [
      41.88485,
      12.51344
    ],
    [
      41.88582,
      12.50968
    ],
    [
      41.88595,
      12.50993
    ],
    [
      41.8862,
      12.51077
    ],
    [
      41.88591,
      12.50946
    ],
    [
      41.88594,
      12.50944
    ],
    [
      41.8861,
      12.50943
    ],
    [
      41.88619,
      12.50944
    ],
    [
      41.88628,
      12.50941
    ],
    [
      41.88641,
      12.50936
    ],
    [
      41.88668,
      12.50945
    ],
    [
      41.88625,
      12.50915
    ],
    [
      41.88631,
      12.50907
    ]
  ],
  "distance1000": [
    [
      41.88858,
      12.50878
    ],
    [
      41.88853,
      12.50869
    ],
    [
      41.89019,
      12.50748
    ],
    [
      41.89057,
      12.50708
    ],
    [
      41.89068,
      12.50648
    ],
    [
      41.88648,
      12.50853
    ],
    [
      41.88646,
      12.50833
    ],
    [
      41.88645,
      12.50815
    ],
    [
      41.88644,
      12.50811
    ],
    [
      41.88825,
      12.50405
    ],
    [
      41.88761,
      12.50442
    ],
    [
      41.88728,
      12.5031
    ],
    [
      41.88618,
      12.5037
    ],
    [
      41.88573,
      12.50907
    ],
    [
      41.88438,
      12.50306
    ],
    [
      41.88412,
      12.50275
    ],
    [
      41.88272,
      12.50332
    ],
    [
      41.88123,
      12.50288
    ],
    [
      41.88117,
      12.50318
    ],
    [
      41.87956,
      12.5043
    ],
    [
      41.87961,
      12.50455
    ],
    [
      41.87933,
      12.50601
    ],
    [
      41.87802,
      12.50622
    ],
    [
      41.87773,
      12.5077
    ],
    [
      41.87708,
      12.50818
    ],
    [
      41.8772,
      12.50915
    ],
    [
      41.88108,
      12.50967
    ],
    [
      41.88064,
      12.51093
    ],
    [
      41.8799,
      12.51198
    ],
    [
      41.87958,
      12.51226
    ],
    [
      41.88004,
      12.51337
    ],
    [
      41.87966,
      12.51499
    ],
    [
      41.8795,
      12.51673
    ],
    [
      41.88002,
      12.51677
    ],
    [
      41.88175,
      12.5177
    ],
    [
      41.88159,
      12.51866
    ],
    [
      41.88281,
      12.51813
    ],
    [
      41.88354,
      12.51921
    ],
    [
      41.88662,
      12.51719
    ],
    [
      41.88717,
      12.51617
    ],
    [
      41.88724,
      12.51498
    ],
    [
      41.88854,
      12.51474
    ],
    [
      41.88821,
      12.51248
    ],
    [
      41.88884,
      12.51259
    ],
    [
      41.88827,
      12.51136
    ],
    [
      41.88811,
      12.51079
    ],
    [
      41.88793,
      12.51014
    ],
    [
      41.88786,
      12.5099
    ],
    [
      41.88777,
      12.50956
    ],
    [
      41.88774,
      12.50913
    ]
  ],
  "distance1600": [
    [
      41.89356,
      12.50853
    ],
    [
      41.8939,
      12.50737
    ],
    [
      41.89436,
      12.50634
    ],
    [
      41.89486,
      12.50543
    ],
    [
      41.89407,
      12.50375
    ],
    [
      41.89482,
      12.50232
    ],
    [
      41.89393,
      12.50187
    ],
    [
      41.89267,
      12.50154
    ],
    [
      41.89169,
      12.50027
    ],
    [
      41.88977,
      12.50131
    ],
    [
      41.88974,
      12.49837
    ],
    [
      41.889,
      12.49665
    ],
    [
      41.88844,
      12.49686
    ],
    [
      41.88492,
      12.49752
    ],
    [
      41.88397,
      12.49919
    ],
    [
      41.88092,
      12.49704
    ],
    [
      41.88066,
      12.49955
    ],
    [
      41.87993,
      12.50022
    ],
    [
      41.87904,
      12.50111
    ],
    [
      41.87766,
      12.50286
    ],
    [
      41.87654,
      12.50265
    ],
    [
      41.87552,
      12.50449
    ],
    [
      41.87249,
      12.50462
    ],
    [
      41.87405,
      12.50618
    ],
    [
      41.8768,
      12.50811
    ],
    [
      41.87577,
      12.51002
    ],
    [
      41.87371,
      12.51175
    ],
    [
      41.87875,
      12.51099
    ],
    [
      41.87793,
      12.51301
    ],
    [
      41.87673,
      12.51451
    ],
    [
      41.87519,
      12.51672
    ],
    [
      41.87688,
      12.51741
    ],
    [
      41.87564,
      12.52176
    ],
    [
      41.87846,
      12.52003
    ],
    [
      41.87928,
      12.52205
    ],
    [
      41.88134,
      12.52149
    ],
    [
      41.88204,
      12.52114
    ],
    [
      41.88494,
      12.52211
    ],
    [
      41.88748,
      12.52164
    ],
    [
      41.88897,
      12.52285
    ],
    [
      41.8909,
      12.52084
    ],
    [
      41.89097,
      12.5207
    ],
    [
      41.89144,
      12.51833
    ],
    [
      41.89305,
      12.51616
    ],
    [
      41.89227,
      12.51502
    ],
    [
      41.89077,
      12.51269
    ],
    [
      41.89229,
      12.51238
    ],
    [
      41.89248,
      12.5118
    ],
    [
      41.89441,
      12.51058
    ],
    [
      41.89476,
      12.51
    ]
  ]
}