{
  "distance500": [
    [
      41.854006,
      12.571463
    ],
    [
      41.854068,
      12.570463
    ],
    [
      41.853655,
      12.57034
    ],
    [
      41.853597,
      12.569463
    ],
    [
      41.853869,
      12.568463
    ],
    [
      41.853532,
      12.567843
    ],
    [
      41.851019,
      12.567951
    ],
    [
      41.850525,
      12.568456
    ],
    [
      41.851372,
      12.568624
    ],
    [
      41.851386,
      12.569463
    ],
    [
      41.849199,
      12.571463
    ],
    [
      41.850306,
      12.572463
    ],
    [
      41.850212,
      12.573143
    ],
    [
      41.848944,
      12.573463
    ],
    [
      41.848696,
      12.574463
    ],
    [
      41.849532,
      12.574699
    ],
    [
      41.851031,
      12.573463
    ],
    [
      41.851438,
      12.572369
    ],
    [
      41.852532,
      12.571618
    ],
    [
      41.854006,
      12.571463
    ]
  ],
  "distance1000": [
    [
      41.858549,
      12.570463
    ],
    [
      41.857168,
      12.569463
    ],
    [
      41.857459,
      12.569391
    ],
    [
      41.857356,
      12.567463
    ],
    [
      41.856532,
      12.563413
    ],
    [
      41.855532,
      12.563051
    ],
    [
      41.851532,
      12.563828
    ],
    [
      41.848532,
      12.563378
    ],
    [
      41.848111,
      12.564463
    ],
    [
      41.849288,
      12.564707
    ],
    [
      41.849264,
      12.567463
    ],
    [
      41.851131,
      12.569463
    ],
    [
      41.849032,
      12.571463
    ],
    [
      41.85009,
      12.572463
    ],
    [
      41.849532,
      12.573071
    ],
    [
      41.846532,
      12.573361
    ],
    [
      41.845719,
      12.573277
    ],
    [
      41.845532,
      12.572432
    ],
    [
      41.845372,
      12.573303
    ],
    [
      41.844445,
      12.574463
    ],
    [
      41.846532,
      12.574662
    ],
    [
      41.847272,
      12.575463
    ],
    [
      41.847124,
      12.577055
    ],
    [
      41.846347,
      12.577463
    ],
    [
      41.846257,
      12.579463
    ],
    [
      41.846532,
      12.579534
    ],
    [
      41.846811,
      12.577742
    ],
    [
      41.848532,
      12.577594
    ],
    [
      41.849195,
      12.5778
    ],
    [
      41.849532,
      12.579913
    ],
    [
      41.850532,
      12.579854
    ],
    [
      41.850746,
      12.578463
    ],
    [
      41.849972,
      12.578023
    ],
    [
      41.849846,
      12.577463
    ],
    [
      41.850083,
      12.576014
    ],
    [
      41.85126,
      12.575735
    ],
    [
      41.851532,
      12.576275
    ],
    [
      41.852532,
      12.575438
    ],
    [
      41.853532,
      12.576083
    ],
    [
      41.85618,
      12.575111
    ],
    [
      41.858549,
      12.570463
    ]
  ],
  "distance1600": [
    [
      41.863585,
      12.569463
    ],
    [
      41.863503,
      12.568463
    ],
    [
      41.862704,
      12.568291
    ],
    [
      41.862532,
      12.567305
    ],
    [
      41.861407,
      12.566463
    ],
    [
      41.860532,
      12.562813
    ],
    [
      41.859732,
      12.562463
    ],
    [
      41.860099,
      12.560463
    ],
    [
      41.859532,
      12.557419
    ],
    [
      41.852532,
      12.558342
    ],
    [
      41.850532,
      12.558324
    ],
    [
      41.849532,
      12.557699
    ],
    [
      41.847532,
      12.558557
    ],
    [
      41.84738,
      12.559311
    ],
    [
      41.845122,
      12.559873
    ],
    [
      41.844524,
      12.559463
    ],
    [
      41.844528,
      12.560463
    ],
    [
      41.845323,
      12.560672
    ],
    [
      41.845335,
      12.561463
    ],
    [
      41.845145,
      12.562076
    ],
    [
      41.844448,
      12.56238
    ],
    [
      41.84434,
      12.563271
    ],
    [
      41.843529,
      12.563463
    ],
    [
      41.843407,
      12.566338
    ],
    [
      41.843532,
      12.566698
    ],
    [
      41.845532,
      12.566596
    ],
    [
      41.847054,
      12.564985
    ],
    [
      41.847943,
      12.565053
    ],
    [
      41.848898,
      12.566098
    ],
    [
      41.849205,
      12.567791
    ],
    [
      41.850972,
      12.569463
    ],
    [
      41.848917,
      12.571463
    ],
    [
      41.849796,
      12.572199
    ],
    [
      41.849822,
      12.572753
    ],
    [
      41.847532,
      12.573031
    ],
    [
      41.846892,
      12.573824
    ],
    [
      41.846152,
      12.573843
    ],
    [
      41.845874,
      12.571463
    ],
    [
      41.844532,
      12.569823
    ],
    [
      41.844143,
      12.571463
    ],
    [
      41.845156,
      12.572463
    ],
    [
      41.843965,
      12.573896
    ],
    [
      41.842532,
      12.574173
    ],
    [
      41.841532,
      12.57334
    ],
    [
      41.841155,
      12.574086
    ],
    [
      41.83892,
      12.574463
    ],
    [
      41.839647,
      12.575463
    ],
    [
      41.841234,
      12.575762
    ],
    [
      41.841532,
      12.576961
    ],
    [
      41.842262,
      12.577463
    ],
    [
      41.842084,
      12.578463
    ],
    [
      41.843216,
      12.57878
    ],
    [
      41.843386,
      12.57961
    ],
    [
      41.844234,
      12.580463
    ],
    [
      41.842951,
      12.581463
    ],
    [
      41.842836,
      12.582768
    ],
    [
      41.841977,
      12.583463
    ],
    [
      41.842532,
      12.584952
    ],
    [
      41.843532,
      12.585178
    ],
    [
      41.844532,
      12.584442
    ],
    [
      41.844802,
      12.581463
    ],
    [
      41.845532,
      12.580789
    ],
    [
      41.846532,
      12.580783
    ],
    [
      41.847265,
      12.581463
    ],
    [
      41.847373,
      12.582463
    ],
    [
      41.847286,
      12.583217
    ],
    [
      41.846506,
      12.583463
    ],
    [
      41.846533,
      12.584462
    ],
    [
      41.849532,
      12.584195
    ],
    [
      41.849702,
      12.583634
    ],
    [
      41.851156,
      12.583839
    ],
    [
      41.852325,
      12.585463
    ],
    [
      41.85243,
      12.586361
    ],
    [
      41.8521,
      12.586463
    ],
    [
      41.852532,
      12.586618
    ],
    [
      41.853263,
      12.585194
    ],
    [
      41.85498,
      12.583463
    ],
    [
      41.854716,
      12.582463
    ],
    [
      41.853619,
      12.582376
    ],
    [
      41.853798,
      12.580729
    ],
    [
      41.85716,
      12.580463
    ],
    [
      41.857317,
      12.579463
    ],
    [
      41.859947,
      12.577878
    ],
    [
      41.860532,
      12.577335
    ],
    [
      41.860629,
      12.57656
    ],
    [
      41.862242,
      12.575463
    ],
    [
      41.861799,
      12.573463
    ],
    [
      41.862541,
      12.572463
    ],
    [
      41.862711,
      12.570642
    ],
    [
      41.863585,
      12.569463
    ]
  ]
}