{
  "distance500": [
    [
      41.910999,
      12.448896
    ],
    [
      41.911673,
      12.447896
    ],
    [
      41.910981,
      12.444645
    ],
    [
      41.909202,
      12.444425
    ],
    [
      41.907731,
      12.44271
    ],
    [
      41.90379,
      12.442896
    ],
    [
      41.904244,
      12.443896
    ],
    [
      41.904515,
      12.447896
    ],
    [
      41.905731,
      12.449283
    ],
    [
      41.907731,
      12.450409
    ],
    [
      41.910999,
      12.448896
    ]
  ],
  "distance1000": [
    [
      41.915584,
      12.450896
    ],
    [
      41.915574,
      12.449896
    ],
    [
      41.914828,
      12.448896
    ],
    [
      41.912304,
      12.447896
    ],
    [
      41.91262,
      12.444785
    ],
    [
      41.913731,
      12.444833
    ],
    [
      41.91481,
      12.443896
    ],
    [
      41.913731,
      12.440781
    ],
    [
      41.911131,
      12.440896
    ],
    [
      41.910982,
      12.442896
    ],
    [
      41.909731,
      12.444161
    ],
    [
      41.908173,
      12.442454
    ],
    [
      41.905581,
      12.442046
    ],
    [
      41.904569,
      12.440896
    ],
    [
      41.903122,
      12.440504
    ],
    [
      41.902859,
      12.439024
    ],
    [
      41.903808,
      12.438819
    ],
    [
      41.902731,
      12.438218
    ],
    [
      41.901283,
      12.438896
    ],
    [
      41.901791,
      12.440956
    ],
    [
      41.899883,
      12.441896
    ],
    [
      41.900345,
      12.442896
    ],
    [
      41.901731,
      12.44241
    ],
    [
      41.902156,
      12.442896
    ],
    [
      41.902316,
      12.443896
    ],
    [
      41.901436,
      12.445896
    ],
    [
      41.902519,
      12.447108
    ],
    [
      41.902673,
      12.447954
    ],
    [
      41.906323,
      12.450303
    ],
    [
      41.906731,
      12.455039
    ],
    [
      41.908731,
      12.456092
    ],
    [
      41.909731,
      12.455049
    ],
    [
      41.911531,
      12.454896
    ],
    [
      41.913393,
      12.452558
    ],
    [
      41.915584,
      12.450896
    ]
  ],
  "distance1600": [
    [
      41.919883,
      12.452896
    ],
    [
      41.919731,
      12.448231
    ],
    [
      41.919563,
      12.448728
    ],
    [
      41.918731,
      12.448741
    ],
    [
      41.917731,
      12.447834
    ],
    [
      41.916731,
      12.448257
    ],
    [
      41.914847,
      12.44778
    ],
    [
      41.914426,
      12.445896
    ],
    [
      41.916731,
      12.445056
    ],
    [
      41.918183,
      12.445348
    ],
    [
      41.918653,
      12.444818
    ],
    [
      41.918731,
      12.443346
    ],
    [
      41.919921,
      12.442896
    ],
    [
      41.919571,
      12.441056
    ],
    [
      41.918513,
      12.439896
    ],
    [
      41.91885,
      12.438777
    ],
    [
      41.916021,
      12.435896
    ],
    [
      41.913731,
      12.434955
    ],
    [
      41.913541,
      12.435705
    ],
    [
      41.911731,
      12.435819
    ],
    [
      41.911468,
      12.436633
    ],
    [
      41.909892,
      12.436896
    ],
    [
      41.908031,
      12.438196
    ],
    [
      41.907446,
      12.439611
    ],
    [
      41.905731,
      12.439633
    ],
    [
      41.904731,
      12.440543
    ],
    [
      41.904129,
      12.439896
    ],
    [
      41.904283,
      12.438448
    ],
    [
      41.907503,
      12.437896
    ],
    [
      41.907606,
      12.436896
    ],
    [
      41.906045,
      12.436582
    ],
    [
      41.905846,
      12.435011
    ],
    [
      41.906432,
      12.434896
    ],
    [
      41.905004,
      12.434622
    ],
    [
      41.904731,
      12.433176
    ],
    [
      41.903731,
      12.432823
    ],
    [
      41.90361,
      12.433896
    ],
    [
      41.904507,
      12.43412
    ],
    [
      41.904323,
      12.435488
    ],
    [
      41.901731,
      12.435678
    ],
    [
      41.901161,
      12.435466
    ],
    [
      41.899808,
      12.432819
    ],
    [
      41.898731,
      12.43236
    ],
    [
      41.897617,
      12.434896
    ],
    [
      41.897681,
      12.435946
    ],
    [
      41.899158,
      12.438323
    ],
    [
      41.898865,
      12.438762
    ],
    [
      41.899731,
      12.438532
    ],
    [
      41.899995,
      12.439159
    ],
    [
      41.899669,
      12.439957
    ],
    [
      41.898731,
      12.438963
    ],
    [
      41.897731,
      12.439835
    ],
    [
      41.896353,
      12.439518
    ],
    [
      41.89549,
      12.444137
    ],
    [
      41.895739,
      12.444896
    ],
    [
      41.897555,
      12.445072
    ],
    [
      41.897873,
      12.446896
    ],
    [
      41.897273,
      12.447896
    ],
    [
      41.897731,
      12.448963
    ],
    [
      41.898874,
      12.448896
    ],
    [
      41.899356,
      12.449896
    ],
    [
      41.899216,
      12.450896
    ],
    [
      41.899731,
      12.451387
    ],
    [
      41.900731,
      12.451356
    ],
    [
      41.901013,
      12.447896
    ],
    [
      41.901731,
      12.447225
    ],
    [
      41.903444,
      12.449183
    ],
    [
      41.904731,
      12.449351
    ],
    [
      41.906068,
      12.450559
    ],
    [
      41.906026,
      12.455191
    ],
    [
      41.905053,
      12.455896
    ],
    [
      41.904731,
      12.457336
    ],
    [
      41.903567,
      12.457896
    ],
    [
      41.904731,
      12.460161
    ],
    [
      41.906731,
      12.460527
    ],
    [
      41.910731,
      12.462885
    ],
    [
      41.912485,
      12.46165
    ],
    [
      41.913731,
      12.459328
    ],
    [
      41.915708,
      12.458873
    ],
    [
      41.916731,
      12.457516
    ],
    [
      41.918462,
      12.456896
    ],
    [
      41.918863,
      12.455896
    ],
    [
      41.918366,
      12.453531
    ],
    [
      41.918715,
      12.45288
    ],
    [
      41.919883,
      12.452896
    ]
  ]
}