{
  "distance500": [
    [
      41.886676,
      12.485212
    ],
    [
      41.887345,
      12.482251
    ],
    [
      41.885746,
      12.48185
    ],
    [
      41.885384,
      12.481138
    ],
    [
      41.884384,
      12.481181
    ],
    [
      41.883384,
      12.480322
    ],
    [
      41.880384,
      12.48059
    ],
    [
      41.879156,
      12.483212
    ],
    [
      41.879253,
      12.485212
    ],
    [
      41.880384,
      12.485754
    ],
    [
      41.881456,
      12.487212
    ],
    [
      41.88299,
      12.487605
    ],
    [
      41.883384,
      12.489714
    ],
    [
      41.885421,
      12.48925
    ],
    [
      41.885197,
      12.488212
    ],
    [
      41.886676,
      12.485212
    ]
  ],
  "distance1000": [
    [
      41.891391,
      12.480212
    ],
    [
      41.889384,
      12.477896
    ],
    [
      41.888614,
      12.478442
    ],
    [
      41.888674,
      12.479212
    ],
    [
      41.887384,
      12.47953
    ],
    [
      41.883384,
      12.476864
    ],
    [
      41.879512,
      12.47734
    ],
    [
      41.878135,
      12.476963
    ],
    [
      41.876276,
      12.479212
    ],
    [
      41.875376,
      12.481205
    ],
    [
      41.876056,
      12.485212
    ],
    [
      41.875912,
      12.487212
    ],
    [
      41.877403,
      12.489232
    ],
    [
      41.879384,
      12.488952
    ],
    [
      41.879848,
      12.487676
    ],
    [
      41.880384,
      12.487514
    ],
    [
      41.88277,
      12.487826
    ],
    [
      41.88298,
      12.488212
    ],
    [
      41.882384,
      12.488958
    ],
    [
      41.879995,
      12.489212
    ],
    [
      41.87918,
      12.490008
    ],
    [
      41.880279,
      12.492212
    ],
    [
      41.880441,
      12.494154
    ],
    [
      41.881114,
      12.494482
    ],
    [
      41.882384,
      12.494058
    ],
    [
      41.883384,
      12.492595
    ],
    [
      41.886184,
      12.493012
    ],
    [
      41.888228,
      12.492212
    ],
    [
      41.889287,
      12.491115
    ],
    [
      41.889541,
      12.490212
    ],
    [
      41.887384,
      12.487951
    ],
    [
      41.88711,
      12.486212
    ],
    [
      41.888384,
      12.484658
    ],
    [
      41.891245,
      12.484212
    ],
    [
      41.890362,
      12.483212
    ],
    [
      41.891148,
      12.482212
    ],
    [
      41.891391,
      12.480212
    ]
  ],
  "distance1600": [
    [
      41.89563,
      12.482212
    ],
    [
      41.895116,
      12.479212
    ],
    [
      41.895529,
      12.478212
    ],
    [
      41.894384,
      12.476893
    ],
    [
      41.893004,
      12.476212
    ],
    [
      41.892966,
      12.474212
    ],
    [
      41.89177,
      12.473212
    ],
    [
      41.891384,
      12.471385
    ],
    [
      41.889384,
      12.470869
    ],
    [
      41.888471,
      12.472299
    ],
    [
      41.887384,
      12.472047
    ],
    [
      41.886384,
      12.472707
    ],
    [
      41.885384,
      12.474598
    ],
    [
      41.883935,
      12.473661
    ],
    [
      41.882384,
      12.47367
    ],
    [
      41.88045,
      12.472146
    ],
    [
      41.877336,
      12.471212
    ],
    [
      41.877127,
      12.472212
    ],
    [
      41.876061,
      12.47289
    ],
    [
      41.875771,
      12.4736
    ],
    [
      41.874384,
      12.473691
    ],
    [
      41.873325,
      12.475154
    ],
    [
      41.873097,
      12.477212
    ],
    [
      41.871506,
      12.478335
    ],
    [
      41.870133,
      12.480212
    ],
    [
      41.872457,
      12.483139
    ],
    [
      41.87144,
      12.484212
    ],
    [
      41.872917,
      12.489212
    ],
    [
      41.872991,
      12.490212
    ],
    [
      41.872526,
      12.491212
    ],
    [
      41.872826,
      12.492212
    ],
    [
      41.873384,
      12.493357
    ],
    [
      41.874596,
      12.492425
    ],
    [
      41.876126,
      12.49247
    ],
    [
      41.876286,
      12.494115
    ],
    [
      41.875394,
      12.494212
    ],
    [
      41.875789,
      12.494807
    ],
    [
      41.875773,
      12.496212
    ],
    [
      41.876947,
      12.497212
    ],
    [
      41.877384,
      12.499831
    ],
    [
      41.877447,
      12.499275
    ],
    [
      41.878452,
      12.49928
    ],
    [
      41.878661,
      12.49849
    ],
    [
      41.880384,
      12.497929
    ],
    [
      41.881384,
      12.499119
    ],
    [
      41.882503,
      12.499331
    ],
    [
      41.882953,
      12.498781
    ],
    [
      41.883232,
      12.497061
    ],
    [
      41.88405,
      12.498546
    ],
    [
      41.886384,
      12.499461
    ],
    [
      41.886606,
      12.497434
    ],
    [
      41.888209,
      12.497387
    ],
    [
      41.888384,
      12.498444
    ],
    [
      41.891384,
      12.496726
    ],
    [
      41.893291,
      12.491212
    ],
    [
      41.893083,
      12.488912
    ],
    [
      41.893832,
      12.487212
    ],
    [
      41.894044,
      12.485212
    ],
    [
      41.894737,
      12.484212
    ],
    [
      41.894685,
      12.483212
    ],
    [
      41.89563,
      12.482212
    ]
  ]
}