{
  "distance500": [
    [
      42.351447,
      12.452998
    ],
    [
      42.349638,
      12.452833
    ],
    [
      42.348638,
      12.453654
    ],
    [
      42.345638,
      12.453414
    ],
    [
      42.343594,
      12.454043
    ],
    [
      42.342638,
      12.453652
    ],
    [
      42.342222,
      12.453998
    ],
    [
      42.342112,
      12.454998
    ],
    [
      42.344307,
      12.455329
    ],
    [
      42.344638,
      12.455933
    ],
    [
      42.345376,
      12.454735
    ],
    [
      42.349638,
      12.45416
    ],
    [
      42.349883,
      12.453242
    ],
    [
      42.351447,
      12.452998
    ]
  ],
  "distance1000": [
    [
      42.355746,
      12.451998
    ],
    [
      42.354638,
      12.451881
    ],
    [
      42.354392,
      12.452752
    ],
    [
      42.353638,
      12.452805
    ],
    [
      42.348961,
      12.452321
    ],
    [
      42.348638,
      12.453092
    ],
    [
      42.345638,
      12.452826
    ],
    [
      42.343638,
      12.453668
    ],
    [
      42.342941,
      12.452998
    ],
    [
      42.344021,
      12.451381
    ],
    [
      42.344727,
      12.451087
    ],
    [
      42.34482,
      12.449817
    ],
    [
      42.344638,
      12.449069
    ],
    [
      42.344439,
      12.449799
    ],
    [
      42.34283,
      12.449807
    ],
    [
      42.342561,
      12.448998
    ],
    [
      42.34257,
      12.450929
    ],
    [
      42.341848,
      12.451207
    ],
    [
      42.342336,
      12.452998
    ],
    [
      42.342091,
      12.453451
    ],
    [
      42.340638,
      12.453421
    ],
    [
      42.340209,
      12.454568
    ],
    [
      42.338566,
      12.454926
    ],
    [
      42.338543,
      12.455903
    ],
    [
      42.338025,
      12.455998
    ],
    [
      42.338671,
      12.456031
    ],
    [
      42.338842,
      12.455201
    ],
    [
      42.343638,
      12.455407
    ],
    [
      42.344638,
      12.456323
    ],
    [
      42.346137,
      12.4565
    ],
    [
      42.346614,
      12.459022
    ],
    [
      42.346808,
      12.458168
    ],
    [
      42.34856,
      12.458077
    ],
    [
      42.348638,
      12.458708
    ],
    [
      42.348663,
      12.457973
    ],
    [
      42.34788,
      12.457757
    ],
    [
      42.347686,
      12.45595
    ],
    [
      42.347028,
      12.455609
    ],
    [
      42.346846,
      12.454998
    ],
    [
      42.347253,
      12.454612
    ],
    [
      42.349638,
      12.454407
    ],
    [
      42.350638,
      12.453368
    ],
    [
      42.351439,
      12.453998
    ],
    [
      42.351504,
      12.454998
    ],
    [
      42.351498,
      12.455858
    ],
    [
      42.350638,
      12.456327
    ],
    [
      42.35152,
      12.456116
    ],
    [
      42.352012,
      12.454372
    ],
    [
      42.35374,
      12.4541
    ],
    [
      42.353978,
      12.453338
    ],
    [
      42.355406,
      12.452998
    ],
    [
      42.355746,
      12.451998
    ]
  ],
  "distance1600": [
    [
      42.360479,
      12.450998
    ],
    [
      42.357624,
      12.449984
    ],
    [
      42.356955,
      12.451315
    ],
    [
      42.354638,
      12.451183
    ],
    [
      42.353638,
      12.452542
    ],
    [
      42.352696,
      12.451998
    ],
    [
      42.352638,
      12.450992
    ],
    [
      42.352516,
      12.451876
    ],
    [
      42.348638,
      12.451669
    ],
    [
      42.347638,
      12.452614
    ],
    [
      42.345638,
      12.452551
    ],
    [
      42.344936,
      12.453296
    ],
    [
      42.343638,
      12.453476
    ],
    [
      42.343147,
      12.452998
    ],
    [
      42.3433,
      12.452659
    ],
    [
      42.345886,
      12.450246
    ],
    [
      42.346196,
      12.448555
    ],
    [
      42.347766,
      12.447125
    ],
    [
      42.347982,
      12.446342
    ],
    [
      42.349382,
      12.445998
    ],
    [
      42.348793,
      12.445844
    ],
    [
      42.348638,
      12.444476
    ],
    [
      42.348443,
      12.445803
    ],
    [
      42.347511,
      12.445871
    ],
    [
      42.34722,
      12.44658
    ],
    [
      42.345416,
      12.447776
    ],
    [
      42.345046,
      12.449406
    ],
    [
      42.343638,
      12.44958
    ],
    [
      42.342206,
      12.448431
    ],
    [
      42.341929,
      12.446998
    ],
    [
      42.342766,
      12.446126
    ],
    [
      42.342871,
      12.44523
    ],
    [
      42.343703,
      12.445063
    ],
    [
      42.343638,
      12.443713
    ],
    [
      42.343457,
      12.444817
    ],
    [
      42.340827,
      12.444809
    ],
    [
      42.340578,
      12.443998
    ],
    [
      42.339921,
      12.444998
    ],
    [
      42.340462,
      12.445175
    ],
    [
      42.340343,
      12.447998
    ],
    [
      42.340705,
      12.448998
    ],
    [
      42.342051,
      12.449585
    ],
    [
      42.34225,
      12.450998
    ],
    [
      42.341638,
      12.451642
    ],
    [
      42.340434,
      12.451794
    ],
    [
      42.339638,
      12.452765
    ],
    [
      42.337589,
      12.452949
    ],
    [
      42.337638,
      12.453745
    ],
    [
      42.337791,
      12.453151
    ],
    [
      42.339638,
      12.453231
    ],
    [
      42.340157,
      12.453998
    ],
    [
      42.339638,
      12.454548
    ],
    [
      42.338298,
      12.454657
    ],
    [
      42.338044,
      12.455404
    ],
    [
      42.336438,
      12.456798
    ],
    [
      42.336172,
      12.458532
    ],
    [
      42.3355,
      12.45886
    ],
    [
      42.335389,
      12.459749
    ],
    [
      42.334566,
      12.459925
    ],
    [
      42.334433,
      12.460998
    ],
    [
      42.334667,
      12.460969
    ],
    [
      42.334837,
      12.460197
    ],
    [
      42.336777,
      12.459136
    ],
    [
      42.337178,
      12.457537
    ],
    [
      42.339252,
      12.455612
    ],
    [
      42.343638,
      12.455562
    ],
    [
      42.346001,
      12.457635
    ],
    [
      42.346379,
      12.459258
    ],
    [
      42.347638,
      12.458426
    ],
    [
      42.348638,
      12.459367
    ],
    [
      42.350101,
      12.459535
    ],
    [
      42.350307,
      12.461667
    ],
    [
      42.348629,
      12.461988
    ],
    [
      42.348638,
      12.462534
    ],
    [
      42.34867,
      12.46203
    ],
    [
      42.352519,
      12.462117
    ],
    [
      42.352638,
      12.462728
    ],
    [
      42.352638,
      12.461631
    ],
    [
      42.350984,
      12.461652
    ],
    [
      42.350864,
      12.460998
    ],
    [
      42.350999,
      12.456998
    ],
    [
      42.351907,
      12.456266
    ],
    [
      42.352273,
      12.454633
    ],
    [
      42.353931,
      12.45429
    ],
    [
      42.354264,
      12.453624
    ],
    [
      42.355878,
      12.453238
    ],
    [
      42.356638,
      12.452308
    ],
    [
      42.358754,
      12.452114
    ],
    [
      42.358898,
      12.451258
    ],
    [
      42.360479,
      12.450998
    ]
  ]
}