{
  "distance500": [
    [
      41.872214,
      12.527875
    ],
    [
      41.872407,
      12.526238
    ],
    [
      41.870866,
      12.523875
    ],
    [
      41.870771,
      12.522678
    ],
    [
      41.868771,
      12.522379
    ],
    [
      41.866987,
      12.523875
    ],
    [
      41.866469,
      12.525875
    ],
    [
      41.866741,
      12.529905
    ],
    [
      41.867771,
      12.529513
    ],
    [
      41.869771,
      12.530186
    ],
    [
      41.870771,
      12.529064
    ],
    [
      41.871708,
      12.528813
    ],
    [
      41.872214,
      12.527875
    ]
  ],
  "distance1000": [
    [
      41.875867,
      12.523875
    ],
    [
      41.875867,
      12.521875
    ],
    [
      41.874394,
      12.521252
    ],
    [
      41.874045,
      12.518601
    ],
    [
      41.871771,
      12.518161
    ],
    [
      41.869771,
      12.518494
    ],
    [
      41.868771,
      12.517364
    ],
    [
      41.867771,
      12.517884
    ],
    [
      41.864457,
      12.521875
    ],
    [
      41.864329,
      12.523875
    ],
    [
      41.864797,
      12.524848
    ],
    [
      41.864606,
      12.53071
    ],
    [
      41.863731,
      12.530835
    ],
    [
      41.863771,
      12.531625
    ],
    [
      41.865509,
      12.532137
    ],
    [
      41.867771,
      12.534308
    ],
    [
      41.872182,
      12.534287
    ],
    [
      41.874029,
      12.531875
    ],
    [
      41.874063,
      12.530167
    ],
    [
      41.875489,
      12.529875
    ],
    [
      41.875867,
      12.523875
    ]
  ],
  "distance1600": [
    [
      41.879804,
      12.523875
    ],
    [
      41.879531,
      12.521875
    ],
    [
      41.879771,
      12.51685
    ],
    [
      41.876005,
      12.51564
    ],
    [
      41.873771,
      12.512059
    ],
    [
      41.873111,
      12.513216
    ],
    [
      41.872356,
      12.513289
    ],
    [
      41.869771,
      12.511354
    ],
    [
      41.868771,
      12.512404
    ],
    [
      41.866771,
      12.512989
    ],
    [
      41.866256,
      12.516875
    ],
    [
      41.86547,
      12.517574
    ],
    [
      41.865192,
      12.519297
    ],
    [
      41.863771,
      12.519593
    ],
    [
      41.862929,
      12.518875
    ],
    [
      41.862896,
      12.517875
    ],
    [
      41.86122,
      12.517875
    ],
    [
      41.861659,
      12.517987
    ],
    [
      41.861634,
      12.518875
    ],
    [
      41.861101,
      12.520544
    ],
    [
      41.86183,
      12.520875
    ],
    [
      41.861286,
      12.52139
    ],
    [
      41.861703,
      12.522875
    ],
    [
      41.861551,
      12.523655
    ],
    [
      41.860901,
      12.523875
    ],
    [
      41.861111,
      12.525215
    ],
    [
      41.860673,
      12.526875
    ],
    [
      41.862771,
      12.527069
    ],
    [
      41.863771,
      12.526119
    ],
    [
      41.864305,
      12.526875
    ],
    [
      41.864333,
      12.529875
    ],
    [
      41.86224,
      12.532344
    ],
    [
      41.860771,
      12.532944
    ],
    [
      41.85896,
      12.532875
    ],
    [
      41.859653,
      12.532992
    ],
    [
      41.859621,
      12.534726
    ],
    [
      41.859002,
      12.534875
    ],
    [
      41.860771,
      12.536193
    ],
    [
      41.863974,
      12.534078
    ],
    [
      41.865234,
      12.534412
    ],
    [
      41.86528,
      12.535385
    ],
    [
      41.864611,
      12.535715
    ],
    [
      41.864484,
      12.536589
    ],
    [
      41.863726,
      12.53692
    ],
    [
      41.863756,
      12.537889
    ],
    [
      41.864648,
      12.538998
    ],
    [
      41.864789,
      12.539875
    ],
    [
      41.869771,
      12.539565
    ],
    [
      41.872089,
      12.538193
    ],
    [
      41.872771,
      12.536834
    ],
    [
      41.874412,
      12.537234
    ],
    [
      41.874774,
      12.537878
    ],
    [
      41.875159,
      12.537263
    ],
    [
      41.876397,
      12.536875
    ],
    [
      41.877209,
      12.535313
    ],
    [
      41.878951,
      12.534875
    ],
    [
      41.879111,
      12.532875
    ],
    [
      41.879616,
      12.531875
    ],
    [
      41.878428,
      12.530875
    ],
    [
      41.879105,
      12.53021
    ],
    [
      41.879254,
      12.528392
    ],
    [
      41.878963,
      12.527875
    ],
    [
      41.879518,
      12.527622
    ],
    [
      41.87976,
      12.525875
    ],
    [
      41.878985,
      12.52566
    ],
    [
      41.879019,
      12.524123
    ],
    [
      41.879804,
      12.523875
    ]
  ]
}