{
  "distance500": [
    [
      41.892769,
      12.491955
    ],
    [
      41.892382,
      12.491076
    ],
    [
      41.892368,
      12.489955
    ],
    [
      41.892857,
      12.488955
    ],
    [
      41.892569,
      12.487889
    ],
    [
      41.891503,
      12.488499
    ],
    [
      41.890353,
      12.487955
    ],
    [
      41.889979,
      12.489431
    ],
    [
      41.888211,
      12.489955
    ],
    [
      41.889393,
      12.492065
    ],
    [
      41.889603,
      12.493855
    ],
    [
      41.890503,
      12.494727
    ],
    [
      41.891971,
      12.493423
    ],
    [
      41.892769,
      12.491955
    ]
  ],
  "distance1000": [
    [
      41.896762,
      12.490955
    ],
    [
      41.897154,
      12.489955
    ],
    [
      41.896179,
      12.488955
    ],
    [
      41.894781,
      12.488677
    ],
    [
      41.894594,
      12.487046
    ],
    [
      41.894935,
      12.486955
    ],
    [
      41.893576,
      12.485882
    ],
    [
      41.892083,
      12.486535
    ],
    [
      41.891581,
      12.488033
    ],
    [
      41.891256,
      12.487202
    ],
    [
      41.886503,
      12.48674
    ],
    [
      41.883917,
      12.488955
    ],
    [
      41.884097,
      12.490361
    ],
    [
      41.886503,
      12.492831
    ],
    [
      41.886749,
      12.492201
    ],
    [
      41.8889,
      12.492558
    ],
    [
      41.888901,
      12.493353
    ],
    [
      41.887369,
      12.493821
    ],
    [
      41.886717,
      12.494955
    ],
    [
      41.888215,
      12.499244
    ],
    [
      41.889503,
      12.50049
    ],
    [
      41.892129,
      12.499581
    ],
    [
      41.892503,
      12.498546
    ],
    [
      41.893802,
      12.497955
    ],
    [
      41.894048,
      12.4955
    ],
    [
      41.894503,
      12.494713
    ],
    [
      41.895683,
      12.494135
    ],
    [
      41.896762,
      12.490955
    ]
  ],
  "distance1600": [
    [
      41.900862,
      12.493955
    ],
    [
      41.901382,
      12.491955
    ],
    [
      41.901446,
      12.487955
    ],
    [
      41.899859,
      12.487599
    ],
    [
      41.899738,
      12.48572
    ],
    [
      41.898503,
      12.484688
    ],
    [
      41.897239,
      12.482219
    ],
    [
      41.895503,
      12.480417
    ],
    [
      41.894503,
      12.480546
    ],
    [
      41.893503,
      12.482141
    ],
    [
      41.892503,
      12.481223
    ],
    [
      41.890456,
      12.480908
    ],
    [
      41.889503,
      12.483448
    ],
    [
      41.888503,
      12.482329
    ],
    [
      41.886503,
      12.482634
    ],
    [
      41.885503,
      12.482049
    ],
    [
      41.885108,
      12.482955
    ],
    [
      41.885364,
      12.483955
    ],
    [
      41.885126,
      12.484578
    ],
    [
      41.884503,
      12.484751
    ],
    [
      41.883812,
      12.484646
    ],
    [
      41.883285,
      12.483173
    ],
    [
      41.882503,
      12.482624
    ],
    [
      41.880503,
      12.483344
    ],
    [
      41.88,
      12.483955
    ],
    [
      41.879503,
      12.486955
    ],
    [
      41.881503,
      12.487135
    ],
    [
      41.882223,
      12.487955
    ],
    [
      41.882113,
      12.488565
    ],
    [
      41.881503,
      12.489148
    ],
    [
      41.879387,
      12.488839
    ],
    [
      41.878851,
      12.489955
    ],
    [
      41.879859,
      12.490955
    ],
    [
      41.880289,
      12.495169
    ],
    [
      41.881503,
      12.495294
    ],
    [
      41.882503,
      12.494389
    ],
    [
      41.883063,
      12.494955
    ],
    [
      41.882916,
      12.496368
    ],
    [
      41.882222,
      12.496955
    ],
    [
      41.882447,
      12.498011
    ],
    [
      41.883503,
      12.498079
    ],
    [
      41.885024,
      12.499434
    ],
    [
      41.886503,
      12.499888
    ],
    [
      41.885443,
      12.502955
    ],
    [
      41.885764,
      12.504955
    ],
    [
      41.886503,
      12.506042
    ],
    [
      41.887503,
      12.506476
    ],
    [
      41.888503,
      12.505938
    ],
    [
      41.890503,
      12.507257
    ],
    [
      41.891557,
      12.507009
    ],
    [
      41.892296,
      12.505748
    ],
    [
      41.894503,
      12.504291
    ],
    [
      41.8962,
      12.503652
    ],
    [
      41.896213,
      12.500955
    ],
    [
      41.897072,
      12.499524
    ],
    [
      41.899503,
      12.498384
    ],
    [
      41.90021,
      12.496955
    ],
    [
      41.900036,
      12.494955
    ],
    [
      41.900862,
      12.493955
    ]
  ]
}