{
  "distance500": [
    [
      41.842393,
      12.465198
    ],
    [
      41.8417,
      12.465024
    ],
    [
      41.841632,
      12.464093
    ],
    [
      41.840898,
      12.463826
    ],
    [
      41.840787,
      12.460938
    ],
    [
      41.839671,
      12.459198
    ],
    [
      41.83964,
      12.457084
    ],
    [
      41.839353,
      12.458024
    ],
    [
      41.837099,
      12.45777
    ],
    [
      41.836587,
      12.458198
    ],
    [
      41.838293,
      12.461432
    ],
    [
      41.838959,
      12.461765
    ],
    [
      41.839355,
      12.46337
    ],
    [
      41.841261,
      12.464463
    ],
    [
      41.841478,
      12.465246
    ],
    [
      41.842393,
      12.465198
    ]
  ],
  "distance1000": [
    [
      41.845163,
      12.470198
    ],
    [
      41.845307,
      12.468198
    ],
    [
      41.844752,
      12.467972
    ],
    [
      41.844527,
      12.46646
    ],
    [
      41.843527,
      12.466307
    ],
    [
      41.842107,
      12.464617
    ],
    [
      41.841934,
      12.463198
    ],
    [
      41.840984,
      12.462198
    ],
    [
      41.840841,
      12.459883
    ],
    [
      41.839928,
      12.459198
    ],
    [
      41.840527,
      12.458421
    ],
    [
      41.841112,
      12.458613
    ],
    [
      41.84133,
      12.459394
    ],
    [
      41.842288,
      12.459436
    ],
    [
      41.842481,
      12.460244
    ],
    [
      41.843398,
      12.460198
    ],
    [
      41.843162,
      12.459198
    ],
    [
      41.841038,
      12.457198
    ],
    [
      41.841142,
      12.455813
    ],
    [
      41.842327,
      12.455198
    ],
    [
      41.842677,
      12.454198
    ],
    [
      41.840837,
      12.453888
    ],
    [
      41.840527,
      12.452858
    ],
    [
      41.838527,
      12.452764
    ],
    [
      41.838461,
      12.453263
    ],
    [
      41.839902,
      12.455198
    ],
    [
      41.839212,
      12.455512
    ],
    [
      41.838668,
      12.455056
    ],
    [
      41.837309,
      12.455198
    ],
    [
      41.838462,
      12.455263
    ],
    [
      41.838373,
      12.456351
    ],
    [
      41.839186,
      12.457198
    ],
    [
      41.838527,
      12.457812
    ],
    [
      41.837775,
      12.45695
    ],
    [
      41.836045,
      12.45668
    ],
    [
      41.83582,
      12.455491
    ],
    [
      41.836186,
      12.455198
    ],
    [
      41.834831,
      12.454893
    ],
    [
      41.834578,
      12.454146
    ],
    [
      41.833627,
      12.454098
    ],
    [
      41.833527,
      12.453679
    ],
    [
      41.833403,
      12.455198
    ],
    [
      41.833995,
      12.455729
    ],
    [
      41.834241,
      12.456912
    ],
    [
      41.833244,
      12.457198
    ],
    [
      41.833266,
      12.457937
    ],
    [
      41.834292,
      12.459198
    ],
    [
      41.834168,
      12.460198
    ],
    [
      41.834527,
      12.460879
    ],
    [
      41.835527,
      12.461231
    ],
    [
      41.836527,
      12.460252
    ],
    [
      41.836849,
      12.460876
    ],
    [
      41.837527,
      12.460881
    ],
    [
      41.83799,
      12.461735
    ],
    [
      41.838703,
      12.462021
    ],
    [
      41.839091,
      12.463633
    ],
    [
      41.84194,
      12.465785
    ],
    [
      41.842331,
      12.467394
    ],
    [
      41.844153,
      12.468571
    ],
    [
      41.844517,
      12.470207
    ],
    [
      41.845163,
      12.470198
    ]
  ],
  "distance1600": [
    [
      41.849274,
      12.474198
    ],
    [
      41.849361,
      12.473198
    ],
    [
      41.846997,
      12.472727
    ],
    [
      41.846747,
      12.471198
    ],
    [
      41.845898,
      12.470198
    ],
    [
      41.845915,
      12.468198
    ],
    [
      41.845127,
      12.467597
    ],
    [
      41.844762,
      12.465962
    ],
    [
      41.843527,
      12.465841
    ],
    [
      41.841242,
      12.463483
    ],
    [
      41.84102,
      12.459704
    ],
    [
      41.840085,
      12.459198
    ],
    [
      41.840886,
      12.458839
    ],
    [
      41.841036,
      12.459688
    ],
    [
      41.84191,
      12.459814
    ],
    [
      41.842942,
      12.460782
    ],
    [
      41.843325,
      12.4624
    ],
    [
      41.845115,
      12.463609
    ],
    [
      41.845415,
      12.464309
    ],
    [
      41.846322,
      12.464402
    ],
    [
      41.846501,
      12.465223
    ],
    [
      41.847312,
      12.464983
    ],
    [
      41.847208,
      12.463516
    ],
    [
      41.846495,
      12.463198
    ],
    [
      41.847334,
      12.463005
    ],
    [
      41.847869,
      12.462198
    ],
    [
      41.847454,
      12.461198
    ],
    [
      41.847826,
      12.460198
    ],
    [
      41.847096,
      12.458198
    ],
    [
      41.847445,
      12.457116
    ],
    [
      41.846274,
      12.455198
    ],
    [
      41.844049,
      12.454675
    ],
    [
      41.843527,
      12.450139
    ],
    [
      41.843137,
      12.450808
    ],
    [
      41.843134,
      12.452198
    ],
    [
      41.841527,
      12.453758
    ],
    [
      41.84092,
      12.453198
    ],
    [
      41.841181,
      12.451198
    ],
    [
      41.839713,
      12.450198
    ],
    [
      41.839954,
      12.449198
    ],
    [
      41.839637,
      12.446308
    ],
    [
      41.840277,
      12.446198
    ],
    [
      41.839513,
      12.446184
    ],
    [
      41.839135,
      12.448806
    ],
    [
      41.83756,
      12.449164
    ],
    [
      41.835577,
      12.448147
    ],
    [
      41.834477,
      12.448148
    ],
    [
      41.834962,
      12.452198
    ],
    [
      41.835397,
      12.452327
    ],
    [
      41.835424,
      12.4533
    ],
    [
      41.836207,
      12.453518
    ],
    [
      41.836139,
      12.455585
    ],
    [
      41.837927,
      12.455797
    ],
    [
      41.838999,
      12.457198
    ],
    [
      41.837527,
      12.457651
    ],
    [
      41.836191,
      12.456534
    ],
    [
      41.83596,
      12.455765
    ],
    [
      41.835165,
      12.455559
    ],
    [
      41.834868,
      12.453857
    ],
    [
      41.834115,
      12.453609
    ],
    [
      41.833907,
      12.452818
    ],
    [
      41.83284,
      12.451885
    ],
    [
      41.832033,
      12.451691
    ],
    [
      41.831682,
      12.450198
    ],
    [
      41.83079,
      12.449934
    ],
    [
      41.830527,
      12.449107
    ],
    [
      41.82963,
      12.449198
    ],
    [
      41.831354,
      12.452371
    ],
    [
      41.831994,
      12.45273
    ],
    [
      41.832325,
      12.454198
    ],
    [
      41.832171,
      12.454842
    ],
    [
      41.830527,
      12.455042
    ],
    [
      41.829782,
      12.454943
    ],
    [
      41.829527,
      12.454147
    ],
    [
      41.828397,
      12.454068
    ],
    [
      41.828341,
      12.454198
    ],
    [
      41.829418,
      12.454306
    ],
    [
      41.829412,
      12.456198
    ],
    [
      41.830168,
      12.456556
    ],
    [
      41.830365,
      12.457198
    ],
    [
      41.829761,
      12.459198
    ],
    [
      41.831039,
      12.459686
    ],
