{
  "distance500": [
    [
      41.832693,
      12.470374
    ],
    [
      41.831738,
      12.466946
    ],
    [
      41.830645,
      12.466374
    ],
    [
      41.831099,
      12.465735
    ],
    [
      41.830975,
      12.464137
    ],
    [
      41.829738,
      12.463098
    ],
    [
      41.825799,
      12.465374
    ],
    [
      41.826438,
      12.466374
    ],
    [
      41.824863,
      12.468374
    ],
    [
      41.82584,
      12.469272
    ],
    [
      41.826357,
      12.471374
    ],
    [
      41.827738,
      12.473018
    ],
    [
      41.828738,
      12.473167
    ],
    [
      41.829849,
      12.471485
    ],
    [
      41.830848,
      12.471484
    ],
    [
      41.832693,
      12.470374
    ]
  ],
  "distance1000": [
    [
      41.836747,
      12.472374
    ],
    [
      41.836084,
      12.470374
    ],
    [
      41.834591,
      12.468374
    ],
    [
      41.8349,
      12.467213
    ],
    [
      41.833731,
      12.461374
    ],
    [
      41.831738,
      12.458883
    ],
    [
      41.829114,
      12.458999
    ],
    [
      41.828738,
      12.458504
    ],
    [
      41.827932,
      12.459568
    ],
    [
      41.826289,
      12.460374
    ],
    [
      41.82587,
      12.461374
    ],
    [
      41.826503,
      12.46161
    ],
    [
      41.826285,
      12.462921
    ],
    [
      41.825112,
      12.463001
    ],
    [
      41.824859,
      12.461495
    ],
    [
      41.825489,
      12.461374
    ],
    [
      41.824738,
      12.460773
    ],
    [
      41.823717,
      12.461353
    ],
    [
      41.824358,
      12.461755
    ],
    [
      41.824164,
      12.4628
    ],
    [
      41.821738,
      12.464374
    ],
    [
      41.822319,
      12.467374
    ],
    [
      41.823289,
      12.468374
    ],
    [
      41.822444,
      12.469374
    ],
    [
      41.823207,
      12.471374
    ],
    [
      41.82404,
      12.472374
    ],
    [
      41.822972,
      12.473374
    ],
    [
      41.823477,
      12.473635
    ],
    [
      41.824442,
      12.47567
    ],
    [
      41.826738,
      12.47671
    ],
    [
      41.827738,
      12.477967
    ],
    [
      41.828738,
      12.478029
    ],
    [
      41.830463,
      12.476374
    ],
    [
      41.836747,
      12.472374
    ]
  ],
  "distance1600": [
    [
      41.841897,
      12.474374
    ],
    [
      41.841738,
      12.473363
    ],
    [
      41.841439,
      12.474075
    ],
    [
      41.840357,
      12.473755
    ],
    [
      41.83882,
      12.471374
    ],
    [
      41.838455,
      12.469374
    ],
    [
      41.837353,
      12.468374
    ],
    [
      41.838917,
      12.466374
    ],
    [
      41.83892,
      12.464374
    ],
    [
      41.837738,
      12.462
    ],
    [
      41.835707,
      12.462405
    ],
    [
      41.834857,
      12.458374
    ],
    [
      41.833738,
      12.457631
    ],
    [
      41.832738,
      12.458533
    ],
    [
      41.831015,
      12.457374
    ],
    [
      41.830766,
      12.456374
    ],
    [
      41.830688,
      12.456324
    ],
    [
      41.830298,
      12.456374
    ],
    [
      41.830715,
      12.456397
    ],
    [
      41.830249,
      12.457885
    ],
    [
      41.829286,
      12.457826
    ],
    [
      41.829186,
      12.456822
    ],
    [
      41.829701,
      12.456374
    ],
    [
      41.828467,
      12.455374
    ],
    [
      41.828627,
      12.453485
    ],
    [
      41.827815,
      12.453297
    ],
    [
      41.827738,
      12.452869
    ],
    [
      41.825037,
      12.455673
    ],
    [
      41.822738,
      12.45687
    ],
    [
      41.821701,
      12.456337
    ],
    [
      41.820823,
      12.457374
    ],
    [
      41.820517,
      12.459374
    ],
    [
      41.819738,
      12.460901
    ],
    [
      41.81852,
      12.461156
    ],
    [
      41.816975,
      12.462374
    ],
    [
      41.817465,
      12.465374
    ],
    [
      41.818271,
      12.465842
    ],
    [
      41.819561,
      12.468374
    ],
    [
      41.818738,
      12.470355
    ],
    [
      41.81888,
      12.471374
    ],
    [
      41.820284,
      12.473829
    ],
    [
      41.820923,
      12.477189
    ],
    [
      41.821738,
      12.477466
    ],
    [
      41.822174,
      12.478374
    ],
    [
      41.821869,
      12.480244
    ],
    [
      41.822964,
      12.4806
    ],
    [
      41.824885,
      12.480227
    ],
    [
      41.824999,
      12.480635
    ],
    [
      41.824249,
      12.481374
    ],
    [
      41.825211,
      12.482374
    ],
    [
      41.825433,
      12.48368
    ],
    [
      41.826738,
      12.48451
    ],
    [
      41.82712,
      12.483756
    ],
    [
      41.827989,
      12.483625
    ],
    [
      41.828738,
      12.482756
    ],
    [
      41.829738,
      12.483485
    ],
    [
      41.830389,
      12.481025
    ],
    [
      41.832738,
      12.48068
    ],
    [
      41.833206,
      12.477842
    ],
    [
      41.837124,
      12.477374
    ],
    [
      41.835366,
      12.476746
    ],
    [
      41.835421,
      12.476057
    ],
    [
      41.837738,
      12.475912
    ],
    [
      41.838738,
      12.476365
    ],
    [
      41.839046,
      12.475682
    ],
    [
      41.841491,
      12.475127
    ],
    [
      41.841897,
      12.474374
    ]
  ]
}