{
  "distance500": [
    [
      42.160256,
      12.648113
    ],
    [
      42.159611,
      12.647429
    ],
    [
      42.159469,
      12.647972
    ],
    [
      42.157125,
      12.647599
    ],
    [
      42.15705,
      12.646553
    ],
    [
      42.159051,
      12.646113
    ],
    [
      42.157755,
      12.645969
    ],
    [
      42.157699,
      12.645025
    ],
    [
      42.156924,
      12.6448
    ],
    [
      42.156635,
      12.643138
    ],
    [
      42.157611,
      12.643088
    ],
    [
      42.156527,
      12.643113
    ],
    [
      42.156298,
      12.644801
    ],
    [
      42.152611,
      12.644769
    ],
    [
      42.152394,
      12.645897
    ],
    [
      42.151353,
      12.646113
    ],
    [
      42.152367,
      12.646357
    ],
    [
      42.152611,
      12.649705
    ],
    [
      42.153683,
      12.649186
    ],
    [
      42.154611,
      12.648004
    ],
    [
      42.154954,
      12.64877
    ],
    [
      42.155611,
      12.648872
    ],
    [
      42.160256,
      12.648113
    ]
  ],
  "distance1000": [
    [
      42.163884,
      12.647113
    ],
    [
      42.162611,
      12.643845
    ],
    [
      42.161611,
      12.64388
    ],
    [
      42.160889,
      12.642835
    ],
    [
      42.158113,
      12.642611
    ],
    [
      42.157712,
      12.642113
    ],
    [
      42.157611,
      12.640508
    ],
    [
      42.156893,
      12.641396
    ],
    [
      42.152717,
      12.64122
    ],
    [
      42.152544,
      12.64218
    ],
    [
      42.153347,
      12.642377
    ],
    [
      42.153485,
      12.643988
    ],
    [
      42.151479,
      12.642982
    ],
    [
      42.151367,
      12.644357
    ],
    [
      42.152257,
      12.645113
    ],
    [
      42.151611,
      12.645768
    ],
    [
      42.149611,
      12.643958
    ],
    [
      42.147652,
      12.644072
    ],
    [
      42.147611,
      12.643397
    ],
    [
      42.147597,
      12.644127
    ],
    [
      42.149242,
      12.644482
    ],
    [
      42.150378,
      12.646346
    ],
    [
      42.151611,
      12.646537
    ],
    [
      42.152126,
      12.647113
    ],
    [
      42.151836,
      12.650113
    ],
    [
      42.151073,
      12.651113
    ],
    [
      42.151611,
      12.654005
    ],
    [
      42.152611,
      12.655113
    ],
    [
      42.156439,
      12.653113
    ],
    [
      42.156758,
      12.65126
    ],
    [
      42.157409,
      12.651113
    ],
    [
      42.157174,
      12.650113
    ],
    [
      42.158174,
      12.648676
    ],
    [
      42.159611,
      12.648479
    ],
    [
      42.161593,
      12.649131
    ],
    [
      42.161785,
      12.648288
    ],
    [
      42.163508,
      12.648113
    ],
    [
      42.163884,
      12.647113
    ]
  ],
  "distance1600": [
    [
      42.167693,
      12.650113
    ],
    [
      42.167721,
      12.649223
    ],
    [
      42.168218,
      12.649113
    ],
    [
      42.16794,
      12.648784
    ],
    [
      42.166611,
      12.64893
    ],
    [
      42.165889,
      12.648113
    ],
    [
      42.166012,
      12.646515
    ],
    [
      42.167361,
      12.646113
    ],
    [
      42.166957,
      12.645113
    ],
    [
      42.165611,
      12.644891
    ],
    [
      42.164905,
      12.644113
    ],
    [
      42.166111,
      12.642614
    ],
    [
      42.167527,
      12.642113
    ],
    [
      42.167116,
      12.641113
    ],
    [
      42.166583,
      12.641086
    ],
    [
      42.166409,
      12.641912
    ],
    [
      42.165514,
      12.642017
    ],
    [
      42.165217,
      12.64272
    ],
    [
      42.164454,
      12.642957
    ],
    [
      42.164069,
      12.644572
    ],
    [
      42.163611,
      12.644768
    ],
    [
      42.162994,
      12.644113
    ],
    [
      42.162923,
      12.642113
    ],
    [
      42.163832,
      12.641113
    ],
    [
      42.163875,
      12.639378
    ],
    [
      42.164664,
      12.639167
    ],
    [
      42.164669,
      12.638172
    ],
    [
      42.16498,
      12.638113
    ],
    [
      42.163611,
      12.638256
    ],
    [
      42.163093,
      12.639113
    ],
    [
      42.163391,
      12.639333
    ],
    [
      42.163147,
      12.64065
    ],
    [
      42.161611,
      12.641814
    ],
    [
      42.159094,
      12.63963
    ],
    [
      42.158611,
      12.637887
    ],
    [
      42.158067,
      12.63957
    ],
    [
      42.156378,
      12.63988
    ],
    [
      42.155611,
      12.640814
    ],
    [
      42.154761,
      12.640113
    ],
    [
      42.154417,
      12.638113
    ],
    [
      42.15446,
      12.640113
    ],
    [
      42.153611,
      12.640723
    ],
    [
      42.152954,
      12.640113
    ],
    [
      42.153031,
      12.638533
    ],
    [
      42.153494,
      12.638113
    ],
    [
      42.151896,
      12.636828
    ],
    [
      42.151688,
      12.635113
    ],
    [
      42.150715,
      12.635009
    ],
    [
      42.150611,
      12.634101
    ],
    [
      42.150575,
      12.635149
    ],
    [
      42.151447,
      12.635277
    ],
    [
      42.151219,
      12.638113
    ],
    [
      42.152303,
      12.639113
    ],
    [
      42.152188,
      12.642536
    ],
    [
      42.153182,
      12.643113
    ],
    [
      42.152611,
      12.643598
    ],
    [
      42.152048,
      12.642677
    ],
    [
      42.151305,
      12.642808
    ],
    [
      42.151134,
      12.64459
    ],
    [
      42.151938,
      12.644786
    ],
    [
      42.151918,
      12.645421
    ],
    [
      42.15128,
      12.645444
    ],
    [
      42.151087,
      12.644637
    ],
    [
      42.15025,
      12.644474
    ],
    [
      42.149904,
      12.64382
    ],
    [
      42.148206,
      12.643518
    ],
    [
      42.147611,
      12.642344
    ],
    [
      42.144847,
      12.641878
    ],
    [
      42.144611,
      12.641048
    ],
    [
      42.142456,
      12.642113
    ],
    [
      42.142294,
      12.643113
    ],
    [
      42.146075,
      12.643649
    ],
    [
      42.147176,
      12.644548
    ],
    [
      42.148778,
      12.644946
    ],
    [
      42.148958,
      12.645766
    ],
    [
      42.150128,
      12.646596
    ],
    [
      42.151911,
      12.646813
    ],
    [
      42.151611,
      12.647888
    ],
    [
      42.149718,
      12.648006
    ],
    [
      42.149611,
      12.64744
    ],
    [
      42.149326,
      12.648113
    ],
    [
      42.150003,
      12.648721
    ],
    [
      42.150512,
      12.654113
    ],
    [
      42.152294,
      12.656113
    ],
    [
      42.151633,
      12.657113
    ],
    [
      42.15176,
      12.658113
    ],
    [
      42.154504,
      12.65922
    ],
    [
      42.154611,
      12.660145
    ],
    [
      42.155033,
      12.657536
    ],
    [
      42.15623,
      12.657494
    ],
    [
      42.156611,
      12.659633
    ],
    [
      42.160524,
      12.657113
    ],
    [
      42.160487,
      12.656113
    ],
    [
      42.159824,
      12.6559
    ],
    [
      42.159872,
      12.651113
    ],
    [
      42.162233,
      12.648736
    ],
    [
      42.163588,
      12.649113
    ],
    [
      42.163444,
      12.65028
    ],
