{
  "distance500": [
    [
      41.79594,
      12.253582
    ],
    [
      41.795959,
      12.251485
    ],
    [
      41.794018,
      12.249426
    ],
    [
      41.792019,
      12.249425
    ],
    [
      41.791862,
      12.249016
    ],
    [
      41.790932,
      12.250582
    ],
    [
      41.791661,
      12.250783
    ],
    [
      41.791862,
      12.252387
    ],
    [
      41.793358,
      12.253086
    ],
    [
      41.792297,
      12.254582
    ],
    [
      41.793862,
      12.255903
    ],
    [
      41.794862,
      12.255767
    ],
    [
      41.794956,
      12.254677
    ],
    [
      41.795862,
      12.254355
    ],
    [
      41.79594,
      12.253582
    ]
  ],
  "distance1000": [
    [
      41.796076,
      12.254582
    ],
    [
      41.796122,
      12.251322
    ],
    [
      41.793862,
      12.249031
    ],
    [
      41.792514,
      12.24893
    ],
    [
      41.791862,
      12.247519
    ],
    [
      41.790061,
      12.247383
    ],
    [
      41.789862,
      12.246199
    ],
    [
      41.78947,
      12.248191
    ],
    [
      41.78794,
      12.248582
    ],
    [
      41.788673,
      12.248771
    ],
    [
      41.788635,
      12.251356
    ],
    [
      41.78714,
      12.251582
    ],
    [
      41.789446,
      12.251998
    ],
    [
      41.789563,
      12.253284
    ],
    [
      41.788795,
      12.253582
    ],
    [
      41.789593,
      12.253851
    ],
    [
      41.789733,
      12.255453
    ],
    [
      41.789008,
      12.255582
    ],
    [
      41.790862,
      12.25552
    ],
    [
      41.791298,
      12.256582
    ],
    [
      41.79032,
      12.257582
    ],
    [
      41.790584,
      12.25786
    ],
    [
      41.793938,
      12.257658
    ],
    [
      41.794198,
      12.256919
    ],
    [
      41.79497,
      12.25669
    ],
    [
      41.795337,
      12.255057
    ],
    [
      41.796076,
      12.254582
    ]
  ],
  "distance1600": [
    [
      41.79643,
      12.253582
    ],
    [
      41.796284,
      12.25116
    ],
    [
      41.794594,
      12.24985
    ],
    [
      41.793862,
      12.24863
    ],
    [
      41.792838,
      12.248606
    ],
    [
      41.793153,
      12.247582
    ],
    [
      41.792016,
      12.246582
    ],
    [
      41.792309,
      12.24503
    ],
    [
      41.794239,
      12.244959
    ],
    [
      41.794694,
      12.243582
    ],
    [
      41.793768,
      12.243489
    ],
    [
      41.793693,
      12.244414
    ],
    [
      41.792862,
      12.244403
    ],
    [
      41.792296,
      12.244148
    ],
    [
      41.792064,
      12.242784
    ],
    [
      41.792926,
      12.242518
    ],
    [
      41.791862,
      12.242489
    ],
    [
      41.791505,
      12.243225
    ],
    [
      41.789024,
      12.24342
    ],
    [
      41.788862,
      12.242664
    ],
    [
      41.788719,
      12.24544
    ],
    [
      41.788265,
      12.245582
    ],
    [
      41.788862,
      12.246329
    ],
    [
      41.788991,
      12.247582
    ],
    [
      41.786862,
      12.247986
    ],
    [
      41.786539,
      12.248582
    ],
    [
      41.786591,
      12.249853
    ],
    [
      41.787862,
      12.248954
    ],
    [
      41.788255,
      12.249189
    ],
    [
      41.788415,
      12.250582
    ],
    [
      41.787862,
      12.251174
    ],
    [
      41.786862,
      12.251221
    ],
    [
      41.785862,
      12.250364
    ],
    [
      41.785735,
      12.252455
    ],
    [
      41.785424,
      12.252582
    ],
    [
      41.785746,
      12.252698
    ],
    [
      41.785795,
      12.253649
    ],
    [
      41.786564,
      12.25388
    ],
    [
      41.786622,
      12.255582
    ],
    [
      41.787551,
      12.256582
    ],
    [
      41.786471,
      12.258192
    ],
    [
      41.785763,
      12.258484
    ],
    [
      41.785667,
      12.259387
    ],
    [
      41.784847,
      12.259567
    ],
    [
      41.784862,
      12.260358
    ],
    [
      41.786862,
      12.260449
    ],
    [
      41.788023,
      12.262582
    ],
    [
      41.788862,
      12.263297
    ],
    [
      41.789338,
      12.263059
    ],
    [
      41.790121,
      12.261841
    ],
    [
      41.790933,
      12.261654
    ],
    [
      41.791403,
      12.258124
    ],
    [
      41.794112,
      12.257833
    ],
    [
      41.795299,
      12.256582
    ],
    [
      41.795385,
      12.254582
    ],
    [
      41.79643,
      12.253582
    ]
  ]
}