{
  "distance500": [
    [
      41.890484,
      12.5617
    ],
    [
      41.89078,
      12.5607
    ],
    [
      41.889463,
      12.559537
    ],
    [
      41.8883,
      12.557675
    ],
    [
      41.886023,
      12.558977
    ],
    [
      41.8833,
      12.558704
    ],
    [
      41.881733,
      12.5607
    ],
    [
      41.882271,
      12.561729
    ],
    [
      41.8823,
      12.56372
    ],
    [
      41.8833,
      12.563902
    ],
    [
      41.8853,
      12.567164
    ],
    [
      41.8863,
      12.567468
    ],
    [
      41.8883,
      12.566314
    ],
    [
      41.890484,
      12.5617
    ]
  ],
  "distance1000": [
    [
      41.894494,
      12.5607
    ],
    [
      41.895032,
      12.5597
    ],
    [
      41.894902,
      12.5587
    ],
    [
      41.891692,
      12.556308
    ],
    [
      41.890588,
      12.5547
    ],
    [
      41.8903,
      12.553454
    ],
    [
      41.8893,
      12.552707
    ],
    [
      41.889085,
      12.553485
    ],
    [
      41.887275,
      12.5537
    ],
    [
      41.887388,
      12.5547
    ],
    [
      41.887972,
      12.555028
    ],
    [
      41.88806,
      12.5557
    ],
    [
      41.8873,
      12.556477
    ],
    [
      41.885723,
      12.556277
    ],
    [
      41.8843,
      12.553074
    ],
    [
      41.882181,
      12.553581
    ],
    [
      41.882294,
      12.554694
    ],
    [
      41.88195,
      12.55535
    ],
    [
      41.88113,
      12.55553
    ],
    [
      41.880076,
      12.557476
    ],
    [
      41.877947,
      12.558347
    ],
    [
      41.87746,
      12.5607
    ],
    [
      41.878621,
      12.561379
    ],
    [
      41.878033,
      12.5637
    ],
    [
      41.8793,
      12.565861
    ],
    [
      41.8833,
      12.570936
    ],
    [
      41.8853,
      12.572672
    ],
    [
      41.8873,
      12.57324
    ],
    [
      41.8893,
      12.572513
    ],
    [
      41.893134,
      12.5647
    ],
    [
      41.894494,
      12.5607
    ]
  ],
  "distance1600": [
    [
      41.899469,
      12.5597
    ],
    [
      41.900069,
      12.5577
    ],
    [
      41.8963,
      12.55384
    ],
    [
      41.8953,
      12.554767
    ],
    [
      41.894174,
      12.5507
    ],
    [
      41.892031,
      12.5487
    ],
    [
      41.890358,
      12.548642
    ],
    [
      41.8903,
      12.548144
    ],
    [
      41.889202,
      12.548798
    ],
    [
      41.8863,
      12.547293
    ],
    [
      41.886263,
      12.547663
    ],
    [
      41.8833,
      12.547236
    ],
    [
      41.883234,
      12.548766
    ],
    [
      41.883899,
      12.5497
    ],
    [
      41.883676,
      12.550076
    ],
    [
      41.882874,
      12.550126
    ],
    [
      41.8823,
      12.549364
    ],
    [
      41.879967,
      12.5497
    ],
    [
      41.8763,
      12.553494
    ],
    [
      41.876151,
      12.554551
    ],
    [
      41.874621,
      12.555021
    ],
    [
      41.874589,
      12.5567
    ],
    [
      41.874012,
      12.558412
    ],
    [
      41.87452,
      12.5617
    ],
    [
      41.873922,
      12.563322
    ],
    [
      41.8743,
      12.567379
    ],
    [
      41.8753,
      12.567213
    ],
    [
      41.875594,
      12.567994
    ],
    [
      41.875248,
      12.568752
    ],
    [
      41.8763,
      12.569245
    ],
    [
      41.879327,
      12.5737
    ],
    [
      41.881022,
      12.573978
    ],
    [
      41.8813,
      12.57586
    ],
    [
      41.884672,
      12.577328
    ],
    [
      41.8853,
      12.578689
    ],
    [
      41.8863,
      12.576881
    ],
    [
      41.8883,
      12.577873
    ],
    [
      41.8903,
      12.577979
    ],
    [
      41.893471,
      12.5747
    ],
    [
      41.893822,
      12.5737
    ],
    [
      41.893656,
      12.5727
    ],
    [
      41.894426,
      12.5717
    ],
    [
      41.892667,
      12.571333
    ],
    [
      41.892864,
      12.567265
    ],
    [
      41.893821,
      12.567179
    ],
    [
      41.89416,
      12.5677
    ],
    [
      41.8943,
      12.56965
    ],
    [
      41.8953,
      12.569154
    ],
    [
      41.897451,
      12.564851
    ],
    [
      41.898583,
      12.560983
    ],
    [
      41.899469,
      12.5597
    ]
  ]
}