{
  "distance500": [
    [
      41.860272,
      12.561031
    ],
    [
      41.860429,
      12.560031
    ],
    [
      41.859625,
      12.554959
    ],
    [
      41.855625,
      12.555648
    ],
    [
      41.85477,
      12.557176
    ],
    [
      41.85313,
      12.558031
    ],
    [
      41.853173,
      12.562031
    ],
    [
      41.853753,
      12.564902
    ],
    [
      41.855625,
      12.565171
    ],
    [
      41.858067,
      12.564473
    ],
    [
      41.858625,
      12.563905
    ],
    [
      41.85926,
      12.561666
    ],
    [
      41.860272,
      12.561031
    ]
  ],
  "distance1000": [
    [
      41.863987,
      12.563031
    ],
    [
      41.864276,
      12.562031
    ],
    [
      41.863764,
      12.561891
    ],
    [
      41.863759,
      12.559031
    ],
    [
      41.862837,
      12.553031
    ],
    [
      41.861625,
      12.550206
    ],
    [
      41.859625,
      12.550265
    ],
    [
      41.856625,
      12.55132
    ],
    [
      41.854625,
      12.551266
    ],
    [
      41.852625,
      12.552857
    ],
    [
      41.852125,
      12.554531
    ],
    [
      41.850625,
      12.554989
    ],
    [
      41.84993,
      12.556031
    ],
    [
      41.849892,
      12.560031
    ],
    [
      41.849526,
      12.56113
    ],
    [
      41.850315,
      12.567031
    ],
    [
      41.85061,
      12.568046
    ],
    [
      41.851388,
      12.568268
    ],
    [
      41.851625,
      12.569542
    ],
    [
      41.852625,
      12.56985
    ],
    [
      41.854625,
      12.569088
    ],
    [
      41.856625,
      12.569503
    ],
    [
      41.857625,
      12.567891
    ],
    [
      41.858625,
      12.569042
    ],
    [
      41.858803,
      12.568209
    ],
    [
      41.860625,
      12.568294
    ],
    [
      41.862135,
      12.567031
    ],
    [
      41.861782,
      12.565031
    ],
    [
      41.86298,
      12.563386
    ],
    [
      41.863987,
      12.563031
    ]
  ],
  "distance1600": [
    [
      41.868709,
      12.565031
    ],
    [
      41.868667,
      12.562989
    ],
    [
      41.867625,
      12.562454
    ],
    [
      41.865625,
      12.562727
    ],
    [
      41.864002,
      12.561031
    ],
    [
      41.864009,
      12.560031
    ],
    [
      41.864625,
      12.559345
    ],
    [
      41.866516,
      12.560139
    ],
    [
      41.866625,
      12.56063
    ],
    [
      41.866816,
      12.559223
    ],
    [
      41.867687,
      12.559031
    ],
    [
      41.866502,
      12.557031
    ],
    [
      41.867369,
      12.556031
    ],
    [
      41.867263,
      12.554393
    ],
    [
      41.866252,
      12.550031
    ],
    [
      41.865373,
      12.549031
    ],
    [
      41.865581,
      12.547031
    ],
    [
      41.864405,
      12.545031
    ],
    [
      41.862625,
      12.544339
    ],
    [
      41.862298,
      12.545704
    ],
    [
      41.860625,
      12.545735
    ],
    [
      41.860221,
      12.546627
    ],
    [
      41.859451,
      12.546857
    ],
    [
      41.858119,
      12.548525
    ],
    [
      41.856933,
      12.548723
    ],
    [
      41.856625,
      12.547109
    ],
    [
      41.854625,
      12.548695
    ],
    [
      41.853625,
      12.547765
    ],
    [
      41.853153,
      12.548559
    ],
    [
      41.850625,
      12.549962
    ],
    [
      41.851473,
      12.550183
    ],
    [
      41.851281,
      12.552687
    ],
    [
      41.850576,
      12.552982
    ],
    [
      41.848042,
      12.556031
    ],
    [
      41.848352,
      12.557031
    ],
    [
      41.847474,
      12.55788
    ],
    [
      41.847337,
      12.558743
    ],
    [
      41.845561,
      12.559031
    ],
    [
      41.845927,
      12.560031
    ],
    [
      41.845101,
      12.564031
    ],
    [
      41.845625,
      12.56582
    ],
    [
      41.845744,
      12.56515
    ],
    [
      41.846709,
      12.565115
    ],
    [
      41.846962,
      12.564369
    ],
    [
      41.84812,
      12.564536
    ],
    [
      41.849294,
      12.566031
    ],
    [
      41.849402,
      12.567254
    ],
    [
      41.851224,
      12.569031
    ],
    [
      41.850625,
      12.569815
    ],
    [
      41.849453,
      12.570031
    ],
    [
      41.850189,
      12.570467
    ],
    [
      41.850372,
      12.572031
    ],
    [
      41.850224,
      12.57263
    ],
    [
      41.84952,
      12.572926
    ],
    [
      41.849415,
      12.573821
    ],
    [
      41.848509,
      12.574031
    ],
    [
      41.848625,
      12.575067
    ],
    [
      41.849625,
      12.575301
    ],
    [
      41.850625,
      12.574758
    ],
    [
      41.851625,
      12.57517
    ],
    [
      41.854625,
      12.574454
    ],
    [
      41.855625,
      12.575904
    ],
    [
      41.856625,
      12.576273
    ],
    [
      41.858625,
      12.575022
    ],
    [
      41.860625,
      12.575657
    ],
    [
      41.861625,
      12.575152
    ],
    [
      41.863469,
      12.571875
    ],
    [
      41.864639,
      12.571045
    ],
    [
      41.864572,
      12.568978
    ],
    [
      41.865629,
      12.569035
    ],
    [
      41.865736,
      12.568142
    ],
    [
      41.86615,
      12.568031
    ],
    [
      41.86617,
      12.567031
    ],
    [
      41.864628,
      12.567027
    ],
    [
      41.864879,
      12.565285
    ],
    [
      41.866369,
      12.565287
    ],
    [
      41.867625,
      12.566963
    ],
    [
      41.868709,
      12.565031
    ]
  ]
}