{
  "distance500": [
    [
      41.866751,
      12.69702
    ],
    [
      41.866571,
      12.695901
    ],
    [
      41.866927,
      12.69502
    ],
    [
      41.86469,
      12.692576
    ],
    [
      41.862711,
      12.69702
    ],
    [
      41.86344,
      12.69727
    ],
    [
      41.863393,
      12.698723
    ],
    [
      41.861736,
      12.69902
    ],
    [
      41.863404,
      12.699306
    ],
    [
      41.863596,
      12.700114
    ],
    [
      41.86436,
      12.70035
    ],
    [
      41.86469,
      12.701971
    ],
    [
      41.86569,
      12.702672
    ],
    [
      41.866068,
      12.69802
    ],
    [
      41.866751,
      12.69702
    ]
  ],
  "distance1000": [
    [
      41.870066,
      12.69402
    ],
    [
      41.870151,
      12.692559
    ],
    [
      41.86969,
      12.69209
    ],
    [
      41.869519,
      12.692849
    ],
    [
      41.868037,
      12.692673
    ],
    [
      41.86782,
      12.68989
    ],
    [
      41.866069,
      12.688641
    ],
    [
      41.86569,
      12.687456
    ],
    [
      41.86469,
      12.686765
    ],
    [
      41.864497,
      12.687827
    ],
    [
      41.863011,
      12.68802
    ],
    [
      41.86244,
      12.68877
    ],
    [
      41.862392,
      12.69002
    ],
    [
      41.860801,
      12.69202
    ],
    [
      41.860533,
      12.69302
    ],
    [
      41.86085,
      12.69402
    ],
    [
      41.859506,
      12.69602
    ],
    [
      41.859766,
      12.69702
    ],
    [
      41.861434,
      12.69802
    ],
    [
      41.86069,
      12.698119
    ],
    [
      41.860229,
      12.699559
    ],
    [
      41.85969,
      12.699829
    ],
    [
      41.858851,
      12.699859
    ],
    [
      41.85856,
      12.69902
    ],
    [
      41.85769,
      12.70116
    ],
    [
      41.85969,
      12.702733
    ],
    [
      41.860101,
      12.700431
    ],
    [
      41.861178,
      12.700532
    ],
    [
      41.861487,
      12.703817
    ],
    [
      41.860623,
      12.703953
    ],
    [
      41.86069,
      12.704713
    ],
    [
      41.86169,
      12.704293
    ],
    [
      41.862035,
      12.703365
    ],
    [
      41.864184,
      12.703526
    ],
    [
      41.865194,
      12.704516
    ],
    [
      41.865307,
      12.705637
    ],
    [
      41.863297,
      12.70602
    ],
    [
      41.863317,
      12.70702
    ],
    [
      41.86469,
      12.7084
    ],
    [
      41.86569,
      12.708682
    ],
    [
      41.866755,
      12.707085
    ],
    [
      41.86769,
      12.706956
    ],
    [
      41.867707,
      12.706003
    ],
    [
      41.866055,
      12.705655
    ],
    [
      41.865925,
      12.70502
    ],
    [
      41.866794,
      12.704124
    ],
    [
      41.86687,
      12.7032
    ],
    [
      41.867738,
      12.70302
    ],
    [
      41.86669,
      12.701907
    ],
    [
      41.866085,
      12.70002
    ],
    [
      41.8665,
      12.69783
    ],
    [
      41.86883,
      12.69516
    ],
    [
      41.869045,
      12.694375
    ],
    [
      41.870066,
      12.69402
    ]
  ],
  "distance1600": [
    [
      41.874725,
      12.69402
    ],
    [
      41.873871,
      12.693839
    ],
    [
      41.873896,
      12.692226
    ],
    [
      41.875248,
      12.69202
    ],
    [
      41.875099,
      12.691611
    ],
    [
      41.873688,
      12.69002
    ],
    [
      41.872187,
      12.68602
    ],
    [
      41.86969,
      12.684701
    ],
    [
      41.869378,
      12.682332
    ],
    [
      41.86769,
      12.680992
    ],
    [
      41.864986,
      12.68102
    ],
    [
      41.86369,
      12.681816
    ],
    [
      41.86269,
      12.681297
    ],
    [
      41.86169,
      12.682248
    ],
    [
      41.86069,
      12.682042
    ],
    [
      41.860314,
      12.682644
    ],
    [
      41.860397,
      12.68402
    ],
    [
      41.859374,
      12.68502
    ],
    [
      41.858798,
      12.687128
    ],
    [
      41.857682,
      12.689012
    ],
    [
      41.856451,
      12.694781
    ],
    [
      41.854949,
      12.69502
    ],
    [
      41.854537,
      12.69602
    ],
    [
      41.85669,
      12.696221
    ],
    [
      41.857394,
      12.69702
    ],
    [
      41.85669,
      12.697783
    ],
    [
      41.855591,
      12.697921
    ],
    [
      41.855512,
      12.698842
    ],
    [
      41.854093,
      12.69902
    ],
    [
      41.85469,
      12.699487
    ],
    [
      41.855746,
      12.699076
    ],
    [
      41.856001,
      12.698331
    ],
    [
      41.85669,
      12.698257
    ],
    [
      41.857468,
      12.69902
    ],
    [
      41.857343,
      12.70002
    ],
    [
      41.854553,
      12.702883
    ],
    [
      41.854437,
      12.703767
    ],
    [
      41.853505,
      12.704205
    ],
    [
      41.854337,
      12.70502
    ],
    [
      41.854702,
      12.705032
    ],
    [
      41.854926,
      12.704257
    ],
    [
      41.856297,
      12.704413
    ],
    [
      41.856467,
      12.705797
    ],
    [
      41.855629,
      12.705959
    ],
    [
      41.855583,
      12.70702
    ],
    [
      41.856624,
      12.707086
    ],
    [
      41.85669,
      12.707481
    ],
    [
      41.856971,
      12.705301
    ],
    [
      41.857994,
      12.70502
    ],
    [
      41.857007,
      12.704703
    ],
    [
      41.857236,
      12.702566
    ],
    [
      41.858115,
      12.702595
    ],
    [
      41.85869,
      12.703875
    ],
    [
      41.860064,
      12.703394
    ],
    [
      41.860136,
      12.70102
    ],
    [
      41.861029,
      12.700681
    ],
    [
      41.861239,
      12.70302
    ],
    [
      41.858345,
      12.705675
    ],
    [
      41.858454,
      12.708784
    ],
    [
      41.857637,
      12.709073
    ],
    [
      41.86069,
      12.711924
    ],
    [
      41.86169,
      12.711156
    ],
    [
      41.86369,
      12.715464
    ],
    [
      41.863886,
      12.71302
    ],
    [
      41.86485,
      12.71218
    ],
    [
      41.865227,
      12.710557
    ],
    [
      41.866904,
      12.709234
    ],
    [
      41.867277,
      12.707607
    ],
    [
      41.86813,
      12.70758
    ],
    [
      41.86869,
      12.708321
    ],
    [
      41.86995,
      12.70828
    ],
    [
      41.868908,
      12.706802
    ],
    [
      41.86729,
      12.70642
    ],
    [
      41.866166,
      12.70502
    ],
    [
      41.86669,
      12.70446
    ],
    [
      41.867953,
      12.704283
    ],
    [
      41.868024,
      12.70102
    ],
    [
      41.869116,
      12.699446
    ],
    [
      41.869802,
      12.699132
    ],
    [
      41.869935,
      12.698265
    ],
    [
      41.870715,
      12.698045
    ],
    [
      41.87069,
      12.696667
    ],
    [
      41.870607,
      12.697937
    ],
    [
      41.869604,
      12.697934
    ],
    [
      41.869354,
      12.698684
    ],
    [
      41.868554,
      12.698884
    ],
    [
      41.86669,
      12.700676
    ],
    [
      41.866246,
      12.70002
    ],
    [
      41.86693,
      12.69926
    ],
    [
      41.867369,
      12.696699
    ],
    [
      41.86932,
      12.69465
    ],
    [
      41.87169,
