{
  "distance500": [
    [
      41.9502,
      12.521659
    ],
    [
      41.950293,
      12.520659
    ],
    [
      41.9499,
      12.520156
    ],
    [
      41.948868,
      12.520626
    ],
    [
      41.947212,
      12.520348
    ],
    [
      41.9469,
      12.51817
    ],
    [
      41.9459,
      12.518342
    ],
    [
      41.943606,
      12.521364
    ],
    [
      41.943121,
      12.522659
    ],
    [
      41.943405,
      12.524155
    ],
    [
      41.943901,
      12.524654
    ],
    [
      41.944901,
      12.524229
    ],
    [
      41.945159,
      12.524659
    ],
    [
      41.944066,
      12.525659
    ],
    [
      41.943901,
      12.528332
    ],
    [
      41.944901,
      12.528564
    ],
    [
      41.9459,
      12.529644
    ],
    [
      41.946589,
      12.528348
    ],
    [
      41.948086,
      12.527845
    ],
    [
      41.949358,
      12.525659
    ],
    [
      41.947695,
      12.524659
    ],
    [
      41.9502,
      12.521659
    ]
  ],
  "distance1000": [
    [
      41.95303,
      12.528659
    ],
    [
      41.952917,
      12.523659
    ],
    [
      41.952188,
      12.522659
    ],
    [
      41.951261,
      12.522299
    ],
    [
      41.951106,
      12.521659
    ],
    [
      41.952123,
      12.517882
    ],
    [
      41.952914,
      12.517659
    ],
    [
      41.95221,
      12.51735
    ],
    [
      41.9519,
      12.516321
    ],
    [
      41.94943,
      12.516189
    ],
    [
      41.948968,
      12.516659
    ],
    [
      41.950615,
      12.516945
    ],
    [
      41.950717,
      12.517659
    ],
    [
      41.950462,
      12.518221
    ],
    [
      41.94926,
      12.5183
    ],
    [
      41.948823,
      12.516736
    ],
    [
      41.949333,
      12.516092
    ],
    [
      41.948816,
      12.514575
    ],
    [
      41.94918,
      12.513659
    ],
    [
      41.947476,
      12.513659
    ],
    [
      41.94733,
      12.514659
    ],
    [
      41.9469,
      12.514967
    ],
    [
      41.946197,
      12.513362
    ],
    [
      41.9449,
      12.513108
    ],
    [
      41.942599,
      12.516358
    ],
    [
      41.9419,
      12.516533
    ],
    [
      41.94169,
      12.517449
    ],
    [
      41.940882,
      12.517641
    ],
    [
      41.940828,
      12.519587
    ],
    [
      41.940558,
      12.519659
    ],
    [
      41.941526,
      12.521034
    ],
    [
      41.941057,
      12.522816
    ],
    [
      41.94041,
      12.523659
    ],
    [
      41.940506,
      12.525659
    ],
    [
      41.939807,
      12.529659
    ],
    [
      41.9409,
      12.531419
    ],
    [
      41.9439,
      12.533445
    ],
    [
      41.944453,
      12.535107
    ],
    [
      41.9459,
      12.535007
    ],
    [
      41.949374,
      12.532133
    ],
    [
      41.95137,
      12.531129
    ],
    [
      41.951772,
      12.530659
    ],
    [
      41.950127,
      12.530433
    ],
    [
      41.950299,
      12.529058
    ],
    [
      41.951671,
      12.528888
    ],
    [
      41.9519,
      12.530459
    ],
    [
      41.95303,
      12.528659
    ]
  ],
  "distance1600": [
    [
      41.957908,
      12.526659
    ],
    [
      41.958185,
      12.523659
    ],
    [
      41.956475,
      12.523085
    ],
    [
      41.955659,
      12.520659
    ],
    [
      41.954376,
      12.519659
    ],
    [
      41.953895,
      12.517654
    ],
    [
      41.954037,
      12.516659
    ],
    [
      41.953561,
      12.515999
    ],
    [
      41.953886,
      12.513659
    ],
    [
      41.952901,
      12.512771
    ],
    [
      41.951901,
      12.51328
    ],
    [
      41.951354,
      12.512206
    ],
    [
      41.949987,
      12.511573
    ],
    [
      41.948901,
      12.512621
    ],
    [
      41.948581,
      12.511979
    ],
    [
      41.947901,
      12.511872
    ],
    [
      41.945901,
      12.512383
    ],
    [
      41.944454,
      12.512106
    ],
    [
      41.944132,
      12.509891
    ],
    [
      41.945038,
      12.508522
    ],
    [
      41.942453,
      12.507659
    ],
    [
      41.940627,
      12.508659
    ],
    [
      41.942471,
      12.510659
    ],
    [
      41.942377,
      12.515136
    ],
    [
      41.941297,
      12.517056
    ],
    [
      41.940645,
      12.517403
    ],
    [
      41.940319,
      12.519078
    ],
    [
      41.939505,
      12.519659
    ],
    [
      41.939348,
      12.521107
    ],
    [
      41.938429,
      12.522188
    ],
    [
      41.936638,
      12.522659
    ],
    [
      41.936579,
      12.523338
    ],
    [
      41.935814,
      12.523659
    ],
    [
      41.935666,
      12.524659
    ],
    [
      41.937372,
      12.526187
    ],
    [
      41.937554,
      12.527659
    ],
    [
      41.9375,
      12.528659
    ],
    [
      41.936582,
      12.529659
    ],
    [
      41.936418,
      12.531177
    ],
    [
      41.935568,
      12.532992
    ],
    [
      41.936848,
      12.534659
    ],
    [
      41.938374,
      12.535186
    ],
    [
      41.938831,
      12.536659
    ],
    [
      41.940466,
      12.538659
    ],
    [
      41.941726,
      12.538834
    ],
    [
      41.942363,
      12.540197
    ],
    [
      41.943714,
      12.540846
    ],
    [
      41.943901,
      12.542116
    ],
    [
      41.944531,
      12.54029
    ],
    [
      41.945901,
      12.539395
    ],
    [
      41.947901,
      12.539422
    ],
    [
      41.948262,
      12.537021
    ],
    [
      41.949713,
      12.536847
    ],
    [
      41.949901,
      12.538017
    ],
    [
      41.950805,
      12.537564
    ],
    [
      41.951096,
      12.536855
    ],
    [
      41.952033,
      12.536659
    ],
    [
      41.952707,
      12.535466
    ],
    [
      41.953901,
      12.535511
    ],
    [
      41.954421,
      12.534179
    ],
    [
      41.957083,
      12.533841
    ],
    [
      41.957033,
      12.527792
    ],
    [
      41.957908,
      12.526659
    ]
  ]
}