{
  "distance500": [
    [
      41.935366,
      12.51771
    ],
    [
      41.935735,
      12.51671
    ],
    [
      41.934455,
      12.51371
    ],
    [
      41.93279,
      12.511219
    ],
    [
      41.93079,
      12.511275
    ],
    [
      41.927741,
      12.51571
    ],
    [
      41.928255,
      12.51671
    ],
    [
      41.928553,
      12.518947
    ],
    [
      41.92979,
      12.52071
    ],
    [
      41.93079,
      12.520981
    ],
    [
      41.93179,
      12.520313
    ],
    [
      41.93379,
      12.520289
    ],
    [
      41.934471,
      12.518391
    ],
    [
      41.935366,
      12.51771
    ]
  ],
  "distance1000": [
    [
      41.938841,
      12.51671
    ],
    [
      41.938565,
      12.51571
    ],
    [
      41.93879,
      12.514427
    ],
    [
      41.937221,
      12.51171
    ],
    [
      41.937275,
      12.51071
    ],
    [
      41.936113,
      12.50871
    ],
    [
      41.93479,
      12.507812
    ],
    [
      41.93179,
      12.50847
    ],
    [
      41.92879,
      12.507002
    ],
    [
      41.92779,
      12.508247
    ],
    [
      41.925668,
      12.509588
    ],
    [
      41.925625,
      12.51271
    ],
    [
      41.924134,
      12.515054
    ],
    [
      41.92479,
      12.517071
    ],
    [
      41.924813,
      12.516733
    ],
    [
      41.926398,
      12.517102
    ],
    [
      41.926673,
      12.520593
    ],
    [
      41.925677,
      12.520823
    ],
    [
      41.926732,
      12.52271
    ],
    [
      41.93079,
      12.524967
    ],
    [
      41.93199,
      12.52491
    ],
    [
      41.93369,
      12.52371
    ],
    [
      41.93379,
      12.522637
    ],
    [
      41.93387,
      12.52371
    ],
    [
      41.934364,
      12.524135
    ],
    [
      41.93579,
      12.52412
    ],
    [
      41.935481,
      12.52171
    ],
    [
      41.936416,
      12.520336
    ],
    [
      41.937855,
      12.519775
    ],
    [
      41.938841,
      12.51671
    ]
  ],
  "distance1600": [
    [
      41.940974,
      12.51271
    ],
    [
      41.941251,
      12.51071
    ],
    [
      41.940748,
      12.50971
    ],
    [
      41.94162,
      12.50871
    ],
    [
      41.941206,
      12.50771
    ],
    [
      41.93879,
      12.50643
    ],
    [
      41.938036,
      12.505463
    ],
    [
      41.936221,
      12.505279
    ],
    [
      41.93579,
      12.502005
    ],
    [
      41.93479,
      12.503478
    ],
    [
      41.93379,
      12.503422
    ],
    [
      41.93279,
      12.504225
    ],
    [
      41.932282,
      12.50371
    ],
    [
      41.92979,
      12.503241
    ],
    [
      41.929326,
      12.504246
    ],
    [
      41.92879,
      12.504437
    ],
    [
      41.927838,
      12.50371
    ],
    [
      41.927972,
      12.50271
    ],
    [
      41.92579,
      12.503014
    ],
    [
      41.92479,
      12.502608
    ],
    [
      41.921404,
      12.505324
    ],
    [
      41.921521,
      12.51171
    ],
    [
      41.920004,
      12.51271
    ],
    [
      41.919585,
      12.514505
    ],
    [
      41.92049,
      12.51571
    ],
    [
      41.920547,
      12.516952
    ],
    [
      41.92124,
      12.51826
    ],
    [
      41.921196,
      12.51971
    ],
    [
      41.921912,
      12.52171
    ],
    [
      41.921734,
      12.52271
    ],
    [
      41.922398,
      12.52371
    ],
    [
      41.922172,
      12.526328
    ],
    [
      41.924712,
      12.526787
    ],
    [
      41.92579,
      12.528289
    ],
    [
      41.92979,
      12.528901
    ],
    [
      41.93079,
      12.528416
    ],
    [
      41.932552,
      12.528947
    ],
    [
      41.932869,
      12.529789
    ],
    [
      41.93579,
      12.529307
    ],
    [
      41.93679,
      12.526976
    ],
    [
      41.93779,
      12.529224
    ],
    [
      41.93979,
      12.528948
    ],
    [
      41.940367,
      12.528287
    ],
    [
      41.940148,
      12.525351
    ],
    [
      41.937486,
      12.525014
    ],
    [
      41.936477,
      12.524022
    ],
    [
      41.936128,
      12.52171
    ],
    [
      41.93679,
      12.52093
    ],
    [
      41.938871,
      12.520791
    ],
    [
      41.939556,
      12.516476
    ],
    [
      41.940974,
      12.51271
    ]
  ]
}