{
  "distance500": [
    [
      41.889783,
      12.519762
    ],
    [
      41.890022,
      12.518472
    ],
    [
      41.88826,
      12.516762
    ],
    [
      41.889068,
      12.513762
    ],
    [
      41.885732,
      12.511611
    ],
    [
      41.883283,
      12.514762
    ],
    [
      41.882458,
      12.516488
    ],
    [
      41.882732,
      12.518659
    ],
    [
      41.886142,
      12.523352
    ],
    [
      41.888969,
      12.522999
    ],
    [
      41.888958,
      12.520762
    ],
    [
      41.889783,
      12.519762
    ]
  ],
  "distance1000": [
    [
      41.893073,
      12.515762
    ],
    [
      41.89259,
      12.512904
    ],
    [
      41.891715,
      12.511779
    ],
    [
      41.89172,
      12.509774
    ],
    [
      41.889732,
      12.509698
    ],
    [
      41.889559,
      12.510589
    ],
    [
      41.888135,
      12.510359
    ],
    [
      41.887761,
      12.507762
    ],
    [
      41.886732,
      12.507184
    ],
    [
      41.883825,
      12.506855
    ],
    [
      41.88352,
      12.50755
    ],
    [
      41.882682,
      12.507762
    ],
    [
      41.881987,
      12.510017
    ],
    [
      41.879892,
      12.512922
    ],
    [
      41.879684,
      12.513714
    ],
    [
      41.880015,
      12.515045
    ],
    [
      41.879596,
      12.516762
    ],
    [
      41.880199,
      12.517762
    ],
    [
      41.87933,
      12.521762
    ],
    [
      41.881622,
      12.523872
    ],
    [
      41.881732,
      12.525257
    ],
    [
      41.883513,
      12.525981
    ],
    [
      41.883696,
      12.526798
    ],
    [
      41.884584,
      12.52691
    ],
    [
      41.885732,
      12.528122
    ],
    [
      41.887732,
      12.527203
    ],
    [
      41.889732,
      12.52713
    ],
    [
      41.890732,
      12.527849
    ],
    [
      41.891565,
      12.527595
    ],
    [
      41.891849,
      12.525879
    ],
    [
      41.891399,
      12.522762
    ],
    [
      41.891732,
      12.520029
    ],
    [
      41.890585,
      12.519762
    ],
    [
      41.891612,
      12.519642
    ],
    [
      41.892033,
      12.516063
    ],
    [
      41.893073,
      12.515762
    ]
  ],
  "distance1600": [
    [
      41.897285,
      12.519762
    ],
    [
      41.897354,
      12.516762
    ],
    [
      41.896536,
      12.515762
    ],
    [
      41.896923,
      12.512571
    ],
    [
      41.896732,
      12.511673
    ],
    [
      41.895597,
      12.510897
    ],
    [
      41.895971,
      12.509762
    ],
    [
      41.894801,
      12.504693
    ],
    [
      41.893732,
      12.503976
    ],
    [
      41.891732,
      12.504758
    ],
    [
      41.890992,
      12.504502
    ],
    [
      41.890106,
      12.502762
    ],
    [
      41.888585,
      12.501909
    ],
    [
      41.887732,
      12.500385
    ],
    [
      41.886732,
      12.500361
    ],
    [
      41.885732,
      12.501514
    ],
    [
      41.882248,
      12.500762
    ],
    [
      41.879732,
      12.504293
    ],
    [
      41.877995,
      12.505762
    ],
    [
      41.877847,
      12.507762
    ],
    [
      41.876894,
      12.508762
    ],
    [
      41.87838,
      12.509114
    ],
    [
      41.87828,
      12.51031
    ],
    [
      41.876963,
      12.510531
    ],
    [
      41.876732,
      12.508932
    ],
    [
      41.875708,
      12.509762
    ],
    [
      41.875773,
      12.510762
    ],
    [
      41.877732,
      12.510954
    ],
    [
      41.878443,
      12.511762
    ],
    [
      41.878204,
      12.514234
    ],
    [
      41.876132,
      12.514762
    ],
    [
      41.875845,
      12.516762
    ],
    [
      41.876174,
      12.518762
    ],
    [
      41.875671,
      12.519762
    ],
    [
      41.875527,
      12.522762
    ],
    [
      41.875679,
      12.526762
    ],
    [
      41.879732,
      12.527369
    ],
    [
      41.882241,
      12.526271
    ],
    [
      41.883129,
      12.526365
    ],
    [
      41.884374,
      12.527762
    ],
    [
      41.883246,
      12.529276
    ],
    [
      41.882236,
      12.529762
    ],
    [
      41.881466,
      12.532028
    ],
    [
      41.882732,
      12.53315
    ],
    [
      41.887732,
      12.534253
    ],
    [
      41.89013,
      12.533364
    ],
    [
      41.891732,
      12.534826
    ],
    [
      41.892732,
      12.534714
    ],
    [
      41.893177,
      12.530207
    ],
    [
      41.894575,
      12.529919
    ],
    [
      41.894732,
      12.530581
    ],
    [
      41.895732,
      12.530209
    ],
    [
      41.895821,
      12.528762
    ],
    [
      41.894182,
      12.528312
    ],
    [
      41.891196,
      12.524762
    ],
    [
      41.892074,
      12.523762
    ],
    [
      41.892135,
      12.517762
    ],
    [
      41.892732,
      12.517099
    ],
    [
      41.893732,
      12.517099
    ],
    [
      41.895326,
      12.518168
    ],
    [
      41.895732,
      12.520224
    ],
    [
      41.896732,
      12.520391
    ],
    [
      41.897285,
      12.519762
    ]
  ]
}