{
  "distance500": [
    [
      41.837562,
      12.433051
    ],
    [
      41.837498,
      12.431297
    ],
    [
      41.836759,
      12.43079
    ],
    [
      41.836784,
      12.429765
    ],
    [
      41.835756,
      12.429051
    ],
    [
      41.834498,
      12.424697
    ],
    [
      41.834232,
      12.429051
    ],
    [
      41.833279,
      12.430051
    ],
    [
      41.833394,
      12.431947
    ],
    [
      41.833131,
      12.432051
    ],
    [
      41.833257,
      12.434292
    ],
    [
      41.834168,
      12.437051
    ],
    [
      41.834498,
      12.437398
    ],
    [
      41.835542,
      12.437051
    ],
    [
      41.834651,
      12.435898
    ],
    [
      41.834668,
      12.435051
    ],
    [
      41.834886,
      12.434438
    ],
    [
      41.835598,
      12.434151
    ],
    [
      41.835782,
      12.433335
    ],
    [
      41.837562,
      12.433051
    ]
  ],
  "distance1000": [
    [
      41.839929,
      12.437051
    ],
    [
      41.838373,
      12.436051
    ],
    [
      41.840252,
      12.435051
    ],
    [
      41.840462,
      12.434051
    ],
    [
      41.83971,
      12.433839
    ],
    [
      41.839581,
      12.432051
    ],
    [
      41.838904,
      12.431645
    ],
    [
      41.838498,
      12.430299
    ],
    [
      41.837816,
      12.430051
    ],
    [
      41.838267,
      12.428051
    ],
    [
      41.837751,
      12.427051
    ],
    [
      41.83807,
      12.426051
    ],
    [
      41.837863,
      12.425051
    ],
    [
      41.837498,
      12.424729
    ],
    [
      41.837331,
      12.425884
    ],
    [
      41.83594,
      12.425609
    ],
    [
      41.834807,
      12.424051
    ],
    [
      41.83483,
      12.422719
    ],
    [
      41.834063,
      12.421486
    ],
    [
      41.832423,
      12.420976
    ],
    [
      41.832327,
      12.422051
    ],
    [
      41.833094,
      12.422456
    ],
    [
      41.833216,
      12.424051
    ],
    [
      41.833956,
      12.424593
    ],
    [
      41.834143,
      12.425406
    ],
    [
      41.834035,
      12.429051
    ],
    [
      41.83306,
      12.430051
    ],
    [
      41.833208,
      12.43176
    ],
    [
      41.832493,
      12.432051
    ],
    [
      41.832379,
      12.435932
    ],
    [
      41.831438,
      12.436111
    ],
    [
      41.831378,
      12.438051
    ],
    [
      41.832392,
      12.438157
    ],
    [
      41.832439,
      12.439992
    ],
    [
      41.831649,
      12.440051
    ],
    [
      41.831903,
      12.440646
    ],
    [
      41.832492,
      12.441057
    ],
    [
      41.832793,
      12.442051
    ],
    [
      41.833455,
      12.442094
    ],
    [
      41.833498,
      12.442764
    ],
    [
      41.83483,
      12.442051
    ],
    [
      41.833631,
      12.441918
    ],
    [
      41.833632,
      12.441051
    ],
    [
      41.833808,
      12.44036
    ],
    [
      41.834615,
      12.440167
    ],
    [
      41.834884,
      12.439436
    ],
    [
      41.835618,
      12.439051
    ],
    [
      41.83495,
      12.438599
    ],
    [
      41.835052,
      12.437604
    ],
    [
      41.839929,
      12.437051
    ]
  ],
  "distance1600": [
    [
      41.844648,
      12.438051
    ],
    [
      41.844469,
      12.437022
    ],
    [
      41.845234,
      12.436051
    ],
    [
      41.844508,
      12.435041
    ],
    [
      41.843316,
      12.435051
    ],
    [
      41.842498,
      12.433111
    ],
    [
      41.842293,
      12.433845
    ],
    [
      41.840104,
      12.433445
    ],
    [
      41.839907,
      12.432051
    ],
    [
      41.83897,
      12.431051
    ],
    [
      41.838846,
      12.428051
    ],
    [
      41.839732,
      12.427051
    ],
    [
      41.839797,
      12.425349
    ],
    [
      41.840493,
      12.425051
    ],
    [
      41.840897,
      12.423449
    ],
    [
      41.842086,
      12.422051
    ],
    [
      41.84106,
      12.421489
    ],
    [
      41.840498,
      12.420371
    ],
    [
      41.840182,
      12.421735
    ],
    [
      41.83892,
      12.421629
    ],
    [
      41.838565,
      12.419984
    ],
    [
      41.836742,
      12.419807
    ],
    [
      41.836498,
      12.418596
    ],
    [
      41.836427,
      12.41898
    ],
    [
      41.834477,
      12.41903
    ],
    [
      41.835301,
      12.419249
    ],
    [
      41.834971,
      12.420524
    ],
    [
      41.832218,
      12.42077
    ],
    [
      41.832052,
      12.422051
    ],
    [
      41.832857,
      12.422692
    ],
    [
      41.833,
      12.424051
    ],
    [
      41.833968,
      12.425051
    ],
    [
      41.833904,
      12.429051
    ],
    [
      41.832918,
      12.430051
    ],
    [
      41.833191,
      12.431051
    ],
    [
      41.83234,
      12.432051
    ],
    [
      41.83228,
      12.435051
    ],
    [
      41.831294,
      12.436051
    ],
    [
      41.831074,
      12.438051
    ],
    [
      41.832276,
      12.439051
    ],
    [
      41.832084,
      12.439637
    ],
    [
      41.831352,
      12.439905
    ],
    [
      41.831329,
      12.441051
    ],
    [
      41.833068,
      12.442481
    ],
    [
      41.833425,
      12.446124
    ],
    [
      41.836387,
      12.446051
    ],
    [
      41.835668,
      12.445881
    ],
    [
      41.835925,
      12.444477
    ],
    [
      41.836641,
      12.444193
    ],
    [
      41.836854,
      12.443406
    ],
    [
      41.838578,
      12.442971
    ],
    [
      41.838498,
      12.442158
    ],
    [
      41.838399,
      12.442951
    ],
    [
      41.836498,
      12.442873
    ],
    [
      41.835727,
      12.441822
    ],
    [
      41.834103,
      12.441446
    ],
    [
      41.834124,
      12.440677
    ],
    [
      41.835922,
      12.439051
    ],
    [
      41.835146,
      12.438403
    ],
    [
      41.83518,
      12.437732
    ],
    [
      41.838923,
      12.437627
    ],
    [
      41.839254,
      12.438051
    ],
    [
      41.83835,
      12.439199
    ],
    [
      41.840038,
      12.439511
    ],
    [
      41.840498,
      12.440532
    ],
    [
      41.842498,
      12.44027
    ],
    [
      41.842794,
      12.439347
    ],
    [
      41.843864,
      12.439051
    ],
    [
      41.844648,
      12.438051
    ]
  ]
}