{
  "distance500": [
    [
      41.891228,
      12.5402
    ],
    [
      41.8903,
      12.538234
    ],
    [
      41.890106,
      12.540006
    ],
    [
      41.888743,
      12.539757
    ],
    [
      41.88863,
      12.53853
    ],
    [
      41.890289,
      12.5382
    ],
    [
      41.8873,
      12.534779
    ],
    [
      41.885716,
      12.535616
    ],
    [
      41.883946,
      12.537846
    ],
    [
      41.883188,
      12.5402
    ],
    [
      41.885452,
      12.544048
    ],
    [
      41.887052,
      12.544448
    ],
    [
      41.887632,
      12.543532
    ],
    [
      41.889239,
      12.5432
    ],
    [
      41.890225,
      12.541125
    ],
    [
      41.891228,
      12.5402
    ]
  ],
  "distance1000": [
    [
      41.894404,
      12.5412
    ],
    [
      41.894346,
      12.5402
    ],
    [
      41.8933,
      12.540037
    ],
    [
      41.892615,
      12.5392
    ],
    [
      41.89316,
      12.5382
    ],
    [
      41.892865,
      12.5372
    ],
    [
      41.89322,
      12.5362
    ],
    [
      41.892472,
      12.536028
    ],
    [
      41.8923,
      12.534911
    ],
    [
      41.8903,
      12.532986
    ],
    [
      41.88949,
      12.5312
    ],
    [
      41.8883,
      12.53
    ],
    [
      41.8853,
      12.530369
    ],
    [
      41.8843,
      12.532055
    ],
    [
      41.8823,
      12.533594
    ],
    [
      41.8817,
      12.5356
    ],
    [
      41.8803,
      12.536962
    ],
    [
      41.879306,
      12.537206
    ],
    [
      41.878796,
      12.5382
    ],
    [
      41.879696,
      12.539804
    ],
    [
      41.880179,
      12.5432
    ],
    [
      41.881691,
      12.543809
    ],
    [
      41.881731,
      12.5452
    ],
    [
      41.8833,
      12.545701
    ],
    [
      41.883667,
      12.544567
    ],
    [
      41.885753,
      12.544747
    ],
    [
      41.886094,
      12.5472
    ],
    [
      41.886004,
      12.547904
    ],
    [
      41.884982,
      12.5482
    ],
    [
      41.885267,
      12.549233
    ],
    [
      41.88785,
      12.5492
    ],
    [
      41.887352,
      12.549148
    ],
    [
      41.887555,
      12.547455
    ],
    [
      41.889222,
      12.547278
    ],
    [
      41.8893,
      12.547711
    ],
    [
      41.890402,
      12.5472
    ],
    [
      41.8913,
      12.546299
    ],
    [
      41.891553,
      12.544453
    ],
    [
      41.893043,
      12.543943
    ],
    [
      41.894266,
      12.5422
    ],
    [
      41.894404,
      12.5412
    ]
  ],
  "distance1600": [
    [
      41.898514,
      12.5422
    ],
    [
      41.897906,
      12.5412
    ],
    [
      41.898737,
      12.5402
    ],
    [
      41.898564,
      12.5382
    ],
    [
      41.8973,
      12.538449
    ],
    [
      41.896146,
      12.5372
    ],
    [
      41.894825,
      12.536675
    ],
    [
      41.89451,
      12.53599
    ],
    [
      41.8933,
      12.535829
    ],
    [
      41.892685,
      12.5352
    ],
    [
      41.892542,
      12.5312
    ],
    [
      41.89263,
      12.53053
    ],
    [
      41.893377,
      12.5302
    ],
    [
      41.8933,
      12.529308
    ],
    [
      41.891947,
      12.5272
    ],
    [
      41.891442,
      12.527058
    ],
    [
      41.8913,
      12.525589
    ],
    [
      41.890332,
      12.5242
    ],
    [
      41.890264,
      12.523236
    ],
    [
      41.889343,
      12.523157
    ],
    [
      41.887196,
      12.525096
    ],
    [
      41.886833,
      12.5262
    ],
    [
      41.8853,
      12.5274
    ],
    [
      41.884165,
      12.529065
    ],
    [
      41.881086,
      12.530986
    ],
    [
      41.881307,
      12.5332
    ],
    [
      41.88061,
      12.53351
    ],
    [
      41.880504,
      12.534404
    ],
    [
      41.879567,
      12.535467
    ],
    [
      41.8783,
      12.536614
    ],
    [
      41.8773,
      12.536626
    ],
    [
      41.8763,
      12.537363
    ],
    [
      41.875296,
      12.537196
    ],
    [
      41.875176,
      12.538076
    ],
    [
      41.874765,
      12.5382
    ],
    [
      41.875005,
      12.5392
    ],
    [
      41.874518,
      12.540982
    ],
    [
      41.875512,
      12.5442
    ],
    [
      41.876334,
      12.545166
    ],
    [
      41.876729,
      12.5472
    ],
    [
      41.877705,
      12.548795
    ],
    [
      41.8783,
      12.549031
    ],
    [
      41.879463,
      12.5482
    ],
    [
      41.879625,
      12.546525
    ],
    [
      41.882093,
      12.546407
    ],
    [
      41.8823,
      12.548848
    ],
    [
      41.883533,
      12.5492
    ],
    [
      41.8833,
      12.549728
    ],
    [
      41.8823,
      12.549815
    ],
    [
      41.882048,
      12.551452
    ],
    [
      41.8823,
      12.55194
    ],
    [
      41.882411,
      12.551311
    ],
    [
      41.8833,
      12.551381
    ],
    [
      41.884078,
      12.5522
    ],
    [
      41.883934,
      12.552834
    ],
    [
      41.882427,
      12.553073
    ],
    [
      41.8823,
      12.552423
    ],
    [
      41.881681,
      12.5532
    ],
    [
      41.883404,
      12.554096
    ],
    [
      41.883435,
      12.555065
    ],
    [
      41.884139,
      12.555361
    ],
    [
      41.885262,
      12.5542
    ],
    [
      41.884516,
      12.553984
    ],
    [
      41.884865,
      12.549765
    ],
    [
      41.887723,
      12.549777
    ],
    [
      41.889079,
      12.5512
    ],
    [
      41.889026,
      12.5542
    ],
    [
      41.8903,
      12.55427
    ],
    [
      41.8909,
      12.5522
    ],
    [
      41.8923,
      12.551058
    ],
    [
      41.8943,
      12.550867
    ],
    [
      41.895275,
      12.548175
    ],
    [
      41.896866,
      12.5462
    ],
    [
      41.895549,
      12.545951
    ],
    [
      41.895707,
      12.544607
    ],
    [
      41.89712,
      12.54438
    ],
    [
      41.8973,
      12.545473
    ],
    [
      41.898514,
      12.5422
    ]
  ]
}