{
  "distance500": [
    [
      41.853557,
      12.473679
    ],
    [
      41.853799,
      12.472679
    ],
    [
      41.852941,
      12.471679
    ],
    [
      41.850849,
      12.47122
    ],
    [
      41.850695,
      12.469984
    ],
    [
      41.852055,
      12.469679
    ],
    [
      41.85139,
      12.467901
    ],
    [
      41.849942,
      12.470231
    ],
    [
      41.8482,
      12.471489
    ],
    [
      41.847913,
      12.472203
    ],
    [
      41.846567,
      12.472503
    ],
    [
      41.84639,
      12.471678
    ],
    [
      41.84582,
      12.47211
    ],
    [
      41.84548,
      12.473679
    ],
    [
      41.847112,
      12.473958
    ],
    [
      41.848693,
      12.475377
    ],
    [
      41.850422,
      12.475711
    ],
    [
      41.852013,
      12.475302
    ],
    [
      41.853557,
      12.473679
    ]
  ],
  "distance1000": [
    [
      41.857624,
      12.473679
    ],
    [
      41.857013,
      12.472679
    ],
    [
      41.857669,
      12.471958
    ],
    [
      41.858001,
      12.470679
    ],
    [
      41.85692,
      12.470149
    ],
    [
      41.856066,
      12.468679
    ],
    [
      41.85439,
      12.468325
    ],
    [
      41.853888,
      12.464679
    ],
    [
      41.854084,
      12.463679
    ],
    [
      41.85339,
      12.462953
    ],
    [
      41.85239,
      12.462679
    ],
    [
      41.852169,
      12.465679
    ],
    [
      41.851122,
      12.466679
    ],
    [
      41.851066,
      12.467679
    ],
    [
      41.849765,
      12.470054
    ],
    [
      41.84739,
      12.472301
    ],
    [
      41.845672,
      12.470679
    ],
    [
      41.845447,
      12.468622
    ],
    [
      41.844684,
      12.468385
    ],
    [
      41.84439,
      12.466711
    ],
    [
      41.842589,
      12.467878
    ],
    [
      41.842513,
      12.468679
    ],
    [
      41.844087,
      12.468982
    ],
    [
      41.844214,
      12.469855
    ],
    [
      41.845013,
      12.470679
    ],
    [
      41.843613,
      12.474902
    ],
    [
      41.84285,
      12.475679
    ],
    [
      41.843747,
      12.476323
    ],
    [
      41.84539,
      12.478826
    ],
    [
      41.85023,
      12.47884
    ],
    [
      41.85039,
      12.479781
    ],
    [
      41.85099,
      12.480079
    ],
    [
      41.85339,
      12.479821
    ],
    [
      41.854999,
      12.478289
    ],
    [
      41.8566,
      12.477679
    ],
    [
      41.856785,
      12.476679
    ],
    [
      41.856435,
      12.475679
    ],
    [
      41.857624,
      12.473679
    ]
  ],
  "distance1600": [
    [
      41.862496,
      12.471679
    ],
    [
      41.86338,
      12.469679
    ],
    [
      41.86139,
      12.467287
    ],
    [
      41.861059,
      12.469348
    ],
    [
      41.859867,
      12.469202
    ],
    [
      41.859463,
      12.465679
    ],
    [
      41.858551,
      12.465518
    ],
    [
      41.858195,
      12.463874
    ],
    [
      41.858799,
      12.462679
    ],
    [
      41.85681,
      12.462259
    ],
    [
      41.85639,
      12.461504
    ],
    [
      41.85539,
      12.462369
    ],
    [
      41.854596,
      12.461474
    ],
    [
      41.85339,
      12.461342
    ],
    [
      41.852202,
      12.462491
    ],
    [
      41.851921,
      12.465679
    ],
    [
      41.850899,
      12.466679
    ],
    [
      41.850871,
      12.467679
    ],
    [
      41.850161,
      12.468451
    ],
    [
      41.849834,
      12.469679
    ],
    [
      41.84739,
      12.472132
    ],
    [
      41.845888,
      12.470679
    ],
    [
      41.845582,
      12.468487
    ],
    [
      41.844809,
      12.467679
    ],
    [
      41.844639,
      12.46643
    ],
    [
      41.842941,
      12.466128
    ],
    [
      41.841439,
      12.463631
    ],
    [
      41.840638,
      12.463431
    ],
    [
      41.84039,
      12.462506
    ],
    [
      41.83939,
      12.462359
    ],
    [
      41.839053,
      12.464679
    ],
    [
      41.839946,
      12.465679
    ],
    [
      41.838987,
      12.470679
    ],
    [
      41.839849,
      12.472679
    ],
    [
      41.838054,
      12.472679
    ],
    [
      41.838262,
      12.473808
    ],
    [
      41.840357,
      12.475712
    ],
    [
      41.84039,
      12.477465
    ],
    [
      41.840563,
      12.476852
    ],
    [
      41.842079,
      12.47699
    ],
    [
      41.844063,
      12.478679
    ],
    [
      41.843035,
      12.480324
    ],
    [
      41.841153,
      12.480679
    ],
    [
      41.842611,
      12.482458
    ],
    [
      41.84839,
      12.484106
    ],
    [
      41.85139,
      12.486558
    ],
    [
      41.853364,
      12.485679
    ],
    [
      41.852836,
      12.484679
    ],
    [
      41.853073,
      12.483363
    ],
    [
      41.853814,
      12.483255
    ],
    [
      41.85439,
      12.483865
    ],
    [
      41.85639,
      12.483547
    ],
    [
      41.861648,
      12.478937
    ],
    [
      41.86194,
      12.476679
    ],
    [
      41.860989,
      12.47608
    ],
    [
      41.860535,
      12.473679
    ],
    [
      41.860739,
      12.473029
    ],
    [
      41.862496,
      12.471679
    ]
  ]
}