{
  "distance500": [
    [
      41.8854,
      12.5686
    ],
    [
      41.884987,
      12.5676
    ],
    [
      41.8856,
      12.5656
    ],
    [
      41.8841,
      12.563889
    ],
    [
      41.884014,
      12.5626
    ],
    [
      41.8831,
      12.561685
    ],
    [
      41.88296,
      12.56246
    ],
    [
      41.881382,
      12.562318
    ],
    [
      41.881158,
      12.560658
    ],
    [
      41.88168,
      12.5606
    ],
    [
      41.8811,
      12.5604
    ],
    [
      41.8801,
      12.561414
    ],
    [
      41.879883,
      12.562383
    ],
    [
      41.878397,
      12.5636
    ],
    [
      41.87681,
      12.56631
    ],
    [
      41.8791,
      12.570772
    ],
    [
      41.8811,
      12.572878
    ],
    [
      41.8854,
      12.5686
    ]
  ],
  "distance1000": [
    [
      41.88956,
      12.5676
    ],
    [
      41.88936,
      12.56534
    ],
    [
      41.888698,
      12.5636
    ],
    [
      41.887154,
      12.5606
    ],
    [
      41.886013,
      12.559687
    ],
    [
      41.885873,
      12.558827
    ],
    [
      41.8851,
      12.558397
    ],
    [
      41.8841,
      12.556543
    ],
    [
      41.882959,
      12.5566
    ],
    [
      41.8821,
      12.558006
    ],
    [
      41.8801,
      12.556614
    ],
    [
      41.8791,
      12.557645
    ],
    [
      41.877768,
      12.5576
    ],
    [
      41.877086,
      12.558586
    ],
    [
      41.877091,
      12.5596
    ],
    [
      41.8741,
      12.562144
    ],
    [
      41.87372,
      12.56322
    ],
    [
      41.874075,
      12.567575
    ],
    [
      41.873636,
      12.5696
    ],
    [
      41.874036,
      12.570664
    ],
    [
      41.876934,
      12.572766
    ],
    [
      41.877698,
      12.575002
    ],
    [
      41.8791,
      12.5756
    ],
    [
      41.8811,
      12.578679
    ],
    [
      41.882289,
      12.5776
    ],
    [
      41.881774,
      12.576926
    ],
    [
      41.881889,
      12.576389
    ],
    [
      41.884675,
      12.575175
    ],
    [
      41.888036,
      12.5716
    ],
    [
      41.888943,
      12.5696
    ],
    [
      41.888807,
      12.5686
    ],
    [
      41.88956,
      12.5676
    ]
  ],
  "distance1600": [
    [
      41.894414,
      12.5666
    ],
    [
      41.894932,
      12.564768
    ],
    [
      41.893836,
      12.563864
    ],
    [
      41.892272,
      12.5596
    ],
    [
      41.890697,
      12.5586
    ],
    [
      41.8901,
      12.55738
    ],
    [
      41.888715,
      12.556985
    ],
    [
      41.888247,
      12.555453
    ],
    [
      41.887882,
      12.556382
    ],
    [
      41.885623,
      12.556077
    ],
    [
      41.885561,
      12.555061
    ],
    [
      41.887399,
      12.5546
    ],
    [
      41.887376,
      12.5536
    ],
    [
      41.884535,
      12.553165
    ],
    [
      41.884344,
      12.551844
    ],
    [
      41.8851,
      12.55131
    ],
    [
      41.884199,
      12.550501
    ],
    [
      41.882913,
      12.5506
    ],
    [
      41.882567,
      12.5516
    ],
    [
      41.88027,
      12.5526
    ],
    [
      41.880949,
      12.552751
    ],
    [
      41.880707,
      12.554207
    ],
    [
      41.878441,
      12.554259
    ],
    [
      41.8771,
      12.5526
    ],
    [
      41.8761,
      12.552929
    ],
    [
      41.875832,
      12.554332
    ],
    [
      41.874084,
      12.554584
    ],
    [
      41.874104,
      12.5556
    ],
    [
      41.872707,
      12.557207
    ],
    [
      41.873128,
      12.5586
    ],
    [
      41.872962,
      12.5606
    ],
    [
      41.872094,
      12.562594
    ],
    [
      41.872661,
      12.5646
    ],
    [
      41.868573,
      12.5676
    ],
    [
      41.869376,
      12.569324
    ],
    [
      41.8701,
      12.569462
    ],
    [
      41.87036,
      12.56886
    ],
    [
      41.8711,
      12.568808
    ],
    [
      41.871842,
      12.5696
    ],
    [
      41.871753,
      12.570253
    ],
    [
      41.870324,
      12.570824
    ],
    [
      41.869913,
      12.5726
    ],
    [
      41.871454,
      12.5736
    ],
    [
      41.871358,
      12.5746
    ],
    [
      41.8721,
      12.576372
    ],
    [
      41.87234,
      12.57484
    ],
    [
      41.873719,
      12.574981
    ],
    [
      41.873821,
      12.576321
    ],
    [
      41.872321,
      12.5766
    ],
    [
      41.8731,
      12.577926
    ],
    [
      41.873249,
      12.576749
    ],
    [
      41.874727,
      12.576973
    ],
    [
      41.874964,
      12.578464
    ],
    [
      41.873854,
      12.5786
    ],
    [
      41.874868,
      12.5796
    ],
    [
      41.875992,
      12.579708
    ],
    [
      41.878139,
      12.582561
    ],
    [
      41.879595,
      12.583095
    ],
    [
      41.879483,
      12.5826
    ],
    [
      41.8801,
      12.582351
    ],
    [
      41.880291,
      12.582791
    ],
    [
      41.879514,
      12.5836
    ],
    [
      41.880992,
      12.584708
    ],
    [
      41.88191,
      12.58479
    ],
    [
      41.88255,
      12.5846
    ],
    [
      41.8851,
      12.581157
    ],
    [
      41.8861,
      12.581527
    ],
    [
      41.886543,
      12.581043
    ],
    [
      41.888524,
      12.577024
    ],
    [
      41.892187,
      12.5746
    ],
    [
      41.892133,
      12.5726
    ],
    [
      41.892684,
      12.5716
    ],
    [
      41.892208,
      12.571492
    ],
    [
      41.892008,
      12.570692
    ],
    [
      41.892206,
      12.5686
    ],
    [
      41.892423,
      12.567923
    ],
    [
      41.893511,
      12.5676
    ],
    [
      41.894414,
      12.5666
    ]
  ]
}