{
  "distance500": [
    [
      41.919756,
      12.545254
    ],
    [
      41.91974,
      12.543254
    ],
    [
      41.918542,
      12.542218
    ],
    [
      41.918085,
      12.540675
    ],
    [
      41.917507,
      12.540421
    ],
    [
      41.917368,
      12.541115
    ],
    [
      41.915669,
      12.541091
    ],
    [
      41.914507,
      12.539449
    ],
    [
      41.913104,
      12.540254
    ],
    [
      41.911592,
      12.545254
    ],
    [
      41.912069,
      12.547254
    ],
    [
      41.914315,
      12.548445
    ],
    [
      41.914507,
      12.550635
    ],
    [
      41.914643,
      12.549391
    ],
    [
      41.917507,
      12.549651
    ],
    [
      41.917675,
      12.548422
    ],
    [
      41.918353,
      12.548254
    ],
    [
      41.917454,
      12.547202
    ],
    [
      41.91876,
      12.546508
    ],
    [
      41.919756,
      12.545254
    ]
  ],
  "distance1000": [
    [
      41.92396,
      12.546254
    ],
    [
      41.923052,
      12.545254
    ],
    [
      41.923288,
      12.544254
    ],
    [
      41.922813,
      12.543254
    ],
    [
      41.920507,
      12.542655
    ],
    [
      41.919336,
      12.541254
    ],
    [
      41.919507,
      12.539707
    ],
    [
      41.920857,
      12.539604
    ],
    [
      41.921017,
      12.537254
    ],
    [
      41.919507,
      12.53478
    ],
    [
      41.91932,
      12.536067
    ],
    [
      41.918428,
      12.536175
    ],
    [
      41.918204,
      12.536951
    ],
    [
      41.914507,
      12.537014
    ],
    [
      41.913507,
      12.538048
    ],
    [
      41.912671,
      12.537254
    ],
    [
      41.912507,
      12.534877
    ],
    [
      41.91058,
      12.537327
    ],
    [
      41.909739,
      12.537487
    ],
    [
      41.90945,
      12.539198
    ],
    [
      41.908757,
      12.540254
    ],
    [
      41.910227,
      12.540534
    ],
    [
      41.910432,
      12.541254
    ],
    [
      41.910187,
      12.541934
    ],
    [
      41.908507,
      12.542188
    ],
    [
      41.907893,
      12.544254
    ],
    [
      41.909221,
      12.54754
    ],
    [
      41.910507,
      12.547142
    ],
    [
      41.910858,
      12.547903
    ],
    [
      41.911882,
      12.548254
    ],
    [
      41.911959,
      12.550707
    ],
    [
      41.911303,
      12.552458
    ],
    [
      41.911633,
      12.554128
    ],
    [
      41.912507,
      12.554648
    ],
    [
      41.914507,
      12.55387
    ],
    [
      41.916507,
      12.554589
    ],
    [
      41.919212,
      12.553254
    ],
    [
      41.92021,
      12.551254
    ],
    [
      41.919464,
      12.550254
    ],
    [
      41.918036,
      12.549724
    ],
    [
      41.918074,
      12.548821
    ],
    [
      41.91909,
      12.54867
    ],
    [
      41.919507,
      12.550113
    ],
    [
      41.921507,
      12.548797
    ],
    [
      41.922507,
      12.549723
    ],
    [
      41.923357,
      12.548254
    ],
    [
      41.922627,
      12.548133
    ],
    [
      41.922708,
      12.546455
    ],
    [
      41.92396,
      12.546254
    ]
  ],
  "distance1600": [
    [
      41.927834,
      12.546254
    ],
    [
      41.926874,
      12.545886
    ],
    [
      41.926727,
      12.545254
    ],
    [
      41.926828,
      12.544575
    ],
    [
      41.927721,
      12.544254
    ],
    [
      41.927525,
      12.543272
    ],
    [
      41.926605,
      12.543156
    ],
    [
      41.926485,
      12.541275
    ],
    [
      41.925611,
      12.54115
    ],
    [
      41.925507,
      12.539466
    ],
    [
      41.924605,
      12.539156
    ],
    [
      41.924403,
      12.538358
    ],
    [
      41.924622,
      12.53637
    ],
    [
      41.925528,
      12.536232
    ],
    [
      41.924507,
      12.53574
    ],
    [
      41.92428,
      12.537027
    ],
    [
      41.923507,
      12.537061
    ],
    [
      41.922753,
      12.536254
    ],
    [
      41.92283,
      12.534578
    ],
    [
      41.924338,
      12.533254
    ],
    [
      41.924243,
      12.532518
    ],
    [
      41.923507,
      12.532119
    ],
    [
      41.921507,
      12.533065
    ],
    [
      41.920784,
      12.532254
    ],
    [
      41.920954,
      12.531701
    ],
    [
      41.922254,
      12.531254
    ],
    [
      41.921507,
      12.527949
    ],
    [
      41.920507,
      12.527842
    ],
    [
      41.920225,
      12.528254
    ],
    [
      41.920085,
      12.530833
    ],
    [
      41.918662,
      12.531254
    ],
    [
      41.918293,
      12.53204
    ],
    [
      41.917005,
      12.532254
    ],
    [
      41.919049,
      12.532711
    ],
    [
      41.9189,
      12.535647
    ],
    [
      41.917507,
      12.536844
    ],
    [
      41.916205,
      12.536953
    ],
    [
      41.915507,
      12.537772
    ],
    [
      41.914507,
      12.536776
    ],
    [
      41.913507,
      12.537792
    ],
    [
      41.91295,
      12.537254
    ],
    [
      41.913013,
      12.533761
    ],
    [
      41.914954,
      12.533254
    ],
    [
      41.915242,
      12.532254
    ],
    [
      41.914507,
      12.532042
    ],
    [
      41.913967,
      12.532715
    ],
    [
      41.912507,
      12.532631
    ],
    [
      41.911421,
      12.53334
    ],
    [
      41.909507,
      12.533153
    ],
    [
      41.908766,
      12.532995
    ],
    [
      41.908507,
      12.531435
    ],
    [
      41.907759,
      12.532254
    ],
    [
      41.908373,
      12.532387
    ],
    [
      41.908139,
      12.533886
    ],
    [
      41.906805,
      12.534254
    ],
    [
      41.905803,
      12.535254
    ],
    [
      41.90603,
      12.536254
    ],
    [
      41.905431,
      12.537179
    ],
    [
      41.905779,
      12.538254
    ],
    [
      41.904733,
      12.54048
    ],
    [
      41.90426,
      12.543008
    ],
    [
      41.902938,
      12.543254
    ],
    [
      41.904264,
      12.543497
    ],
    [
      41.904507,
      12.544698
    ],
    [
      41.905507,
      12.545121
    ],
    [
      41.905904,
      12.543652
    ],
    [
      41.906507,
      12.543534
    ],
    [
      41.907153,
      12.544254
    ],
    [
      41.906507,
      12.544955
    ],
    [
      41.904085,
      12.545832
    ],
    [
      41.90308,
      12.547254
    ],
    [
      41.903714,
      12.548254
    ],
    [
      41.904853,
      12.548908
    ],
    [
      41.905507,
      12.551421
    ],
    [
      41.907739,
      12.551254
    ],
    [
      41.907157,
      12.551905
    ],
    [
      41.906919,
      12.553254
    ],
    [
      41.907903,
      12.554254
    ],
    [
      41.906662,
      12.556254
    ],
    [
      41.906848,
      12.556913
    ],
    [
      41.907507,
      12.557392
    ],
    [
      41.908789,
      12.556972
    ],
    [
      41.909162,
      12.557254
    ],
    [
      41.909036,
      12.558254
    ],
    [
      41.909447,
      12.558314
    ],
    [
      41.909647,
      12.557395
    ],
    [
      41.911674,
      12.557421
    ],
    [
      41.912507,
      12.556537
    ],
    [
      41.913271,
      12.557254
    ],
    [
      41.913172,
      12.557919
    ],
