{
  "distance500": [
    [
      41.867925,
      12.706623
    ],
    [
      41.867064,
      12.706247
    ],
    [
      41.866814,
      12.705623
    ],
    [
      41.866845,
      12.70378
    ],
    [
      41.867569,
      12.703623
    ],
    [
      41.865688,
      12.702007
    ],
    [
      41.864688,
      12.702475
    ],
    [
      41.864394,
      12.705329
    ],
    [
      41.863215,
      12.70615
    ],
    [
      41.862777,
      12.707534
    ],
    [
      41.86327,
      12.708041
    ],
    [
      41.86337,
      12.709941
    ],
    [
      41.863873,
      12.710623
    ],
    [
      41.863247,
      12.711623
    ],
    [
      41.863688,
      12.712392
    ],
    [
      41.863774,
      12.711709
    ],
    [
      41.864731,
      12.711666
    ],
    [
      41.864951,
      12.710886
    ],
    [
      41.865801,
      12.710736
    ],
    [
      41.866768,
      12.709703
    ],
    [
      41.867104,
      12.707039
    ],
    [
      41.867925,
      12.706623
    ]
  ],
  "distance1000": [
    [
      41.871732,
      12.709623
    ],
    [
      41.871708,
      12.708603
    ],
    [
      41.870049,
      12.708262
    ],
    [
      41.868876,
      12.706435
    ],
    [
      41.867688,
      12.706275
    ],
    [
      41.86708,
      12.705623
    ],
    [
      41.867263,
      12.704198
    ],
    [
      41.868016,
      12.703623
    ],
    [
      41.86813,
      12.701065
    ],
    [
      41.868856,
      12.700623
    ],
    [
      41.868822,
      12.698757
    ],
    [
      41.869713,
      12.698648
    ],
    [
      41.869688,
      12.69815
    ],
    [
      41.869617,
      12.698552
    ],
    [
      41.868647,
      12.698582
    ],
    [
      41.868336,
      12.700271
    ],
    [
      41.866688,
      12.700373
    ],
    [
      41.865888,
      12.699623
    ],
    [
      41.865988,
      12.698923
    ],
    [
      41.86681,
      12.698623
    ],
    [
      41.865688,
      12.696536
    ],
    [
      41.863688,
      12.696127
    ],
    [
      41.863541,
      12.698476
    ],
    [
      41.862836,
      12.698623
    ],
    [
      41.863534,
      12.699777
    ],
    [
      41.8633,
      12.702235
    ],
    [
      41.861821,
      12.70249
    ],
    [
      41.861688,
      12.702066
    ],
    [
      41.861592,
      12.703623
    ],
    [
      41.861708,
      12.703603
    ],
    [
      41.86183,
      12.702765
    ],
    [
      41.862688,
      12.702777
    ],
    [
      41.863349,
      12.702962
    ],
    [
      41.863549,
      12.703762
    ],
    [
      41.865269,
      12.704623
    ],
    [
      41.863688,
      12.705309
    ],
    [
      41.86294,
      12.704371
    ],
    [
      41.862447,
      12.704382
    ],
    [
      41.861688,
      12.705402
    ],
    [
      41.860688,
      12.705057
    ],
    [
      41.8598,
      12.705623
    ],
    [
      41.85944,
      12.707623
    ],
    [
      41.860474,
      12.707837
    ],
    [
      41.860504,
      12.708623
    ],
    [
      41.860446,
      12.709381
    ],
    [
      41.85942,
      12.709891
    ],
    [
      41.860153,
      12.711158
    ],
    [
      41.859688,
      12.712926
    ],
    [
      41.860688,
      12.713669
    ],
    [
      41.860942,
      12.711877
    ],
    [
      41.862207,
      12.712104
    ],
    [
      41.862659,
      12.715594
    ],
    [
      41.862156,
      12.716623
    ],
    [
      41.863688,
      12.71803
    ],
    [
      41.864129,
      12.712623
    ],
    [
      41.865963,
      12.710898
    ],
    [
      41.866327,
      12.709262
    ],
    [
      41.867106,
      12.708623
    ],
    [
      41.867304,
      12.707239
    ],
    [
      41.868151,
      12.70716
    ],
    [
      41.869688,
      12.708808
    ],
    [
      41.871622,
      12.708689
    ],
    [
      41.871679,
      12.709614
    ],
    [
      41.871732,
      12.709623
    ]
  ],