{
  "distance500": [
    [
      41.828415,
      12.407648
    ],
    [
      41.828279,
      12.406532
    ],
    [
      41.82798,
      12.407349
    ],
    [
      41.826279,
      12.407408
    ],
    [
      41.825754,
      12.408123
    ],
    [
      41.824806,
      12.408121
    ],
    [
      41.824279,
      12.403991
    ],
    [
      41.823279,
      12.403874
    ],
    [
      41.822618,
      12.405648
    ],
    [
      41.822561,
      12.407648
    ],
    [
      41.823321,
      12.408606
    ],
    [
      41.823879,
      12.412048
    ],
    [
      41.824279,
      12.412648
    ],
    [
      41.826019,
      12.412908
    ],
    [
      41.826279,
      12.41397
    ],
    [
      41.827279,
      12.414566
    ],
    [
      41.827327,
      12.413648
    ],
    [
      41.826434,
      12.413493
    ],
    [
      41.826436,
      12.412648
    ],
    [
      41.826636,
      12.412005
    ],
    [
      41.827385,
      12.411648
    ],
    [
      41.825595,
      12.409648
    ],
    [
      41.826779,
      12.408148
    ],
    [
      41.82803,
      12.407897
    ],
    [
      41.828279,
      12.408311
    ],
    [
      41.828415,
      12.407648
    ]
  ],
  "distance1000": [
    [
      41.83037,
      12.418648
    ],
    [
      41.829736,
      12.417648
    ],
    [
      41.830426,
      12.415648
    ],
    [
      41.83044,
      12.413648
    ],
    [
      41.829479,
      12.413448
    ],
    [
      41.829279,
      12.4126
    ],
    [
      41.828938,
      12.414307
    ],
    [
      41.827822,
      12.414105
    ],
    [
      41.826686,
      12.412648
    ],
    [
      41.827661,
      12.411648
    ],
    [
      41.825769,
      12.409648
    ],
    [
      41.827279,
      12.408089
    ],
    [
      41.828476,
      12.408845
    ],
    [
      41.828543,
      12.406384
    ],
    [
      41.827279,
      12.407207
    ],
    [
      41.82598,
      12.407349
    ],
    [
      41.825279,
      12.408148
    ],
    [
      41.824741,
      12.407648
    ],
    [
      41.824826,
      12.404195
    ],
    [
      41.826368,
      12.403737
    ],
    [
      41.826549,
      12.402918
    ],
    [
      41.82732,
      12.402689
    ],
    [
      41.827442,
      12.401648
    ],
    [
      41.827279,
      12.401624
    ],
    [
      41.82722,
      12.401707
    ],
    [
      41.827058,
      12.402427
    ],
    [
      41.825279,
      12.402317
    ],
    [
      41.824604,
      12.401648
    ],
    [
      41.824279,
      12.399458
    ],
    [
      41.821279,
      12.398307
    ],
    [
      41.821245,
      12.400648
    ],
    [
      41.82195,
      12.400977
    ],
    [
      41.822047,
      12.401648
    ],
    [
      41.821111,
      12.402648
    ],
    [
      41.822014,
      12.403648
    ],
    [
      41.821967,
      12.405648
    ],
    [
      41.820128,
      12.407648
    ],
    [
      41.820544,
      12.410383
    ],
    [
      41.821132,
      12.410795
    ],
    [
      41.821491,
      12.412436
    ],
    [
      41.820917,
      12.41601
    ],
    [
      41.82205,
      12.416877
    ],
    [
      41.823328,
      12.416697
    ],
    [
      41.823534,
      12.415903
    ],
    [
      41.825947,
      12.41598
    ],
    [
      41.826206,
      12.416721
    ],
    [
      41.82707,
      12.416857
    ],
    [
      41.827279,
      12.417657
    ],
    [
      41.828279,
      12.417706
    ],
    [
      41.829191,
      12.418736
    ],
    [
      41.83037,
      12.418648
    ]
  ],
  "distance1600": [
    [
      41.835216,
      12.416648
    ],
    [
      41.834775,
      12.415648
    ],
    [
      41.834267,
      12.415636
    ],
    [
      41.834085,
      12.416454
    ],
    [
      41.832279,
      12.416432
    ],
    [
      41.830682,
      12.414648
    ],
    [
      41.831279,
      12.413983
    ],
    [
      41.832453,
      12.413822
    ],
    [
      41.832776,
      12.412145
    ],
    [
      41.834361,
      12.41173
    ],
    [
      41.834403,
      12.409524
    ],
    [
      41.832279,
      12.410117
    ],
    [
      41.831793,
      12.411162
    ],
    [
      41.831099,
      12.411468
    ],
    [
      41.830714,
      12.413083
    ],
    [
      41.830279,
      12.413266
    ],
    [
      41.829542,
      12.412385
    ],
    [
      41.829016,
      12.412385
    ],
    [
      41.828856,
      12.413648
    ],
    [
      41.828279,
      12.414166
    ],
    [
      41.826842,
      12.412648
    ],
    [
      41.827645,
      12.412014
    ],
    [
      41.827645,
      12.411282
    ],
    [
      41.825889,
      12.409648
    ],
    [
      41.827279,
      12.408229
    ],
    [
      41.827942,
      12.408985
    ],
    [
      41.828616,
      12.408985
    ],
    [
      41.828647,
      12.40628
    ],
    [
      41.825888,
      12.407257
    ],
    [
      41.825279,
      12.408033
    ],
    [
      41.824868,
      12.407648
    ],
    [
      41.824957,
      12.404326
    ],
    [
      41.826566,
      12.403935
    ],
    [
      41.827864,
      12.402233
    ],
    [
      41.82947,
      12.401839
    ],
    [
      41.830419,
      12.400788
    ],
    [
      41.830279,
      12.396836
    ],
    [
      41.829279,
      12.397154
    ],
    [
      41.828954,
      12.398323
    ],
    [
      41.828147,
      12.398516
    ],
    [
      41.827829,
      12.399198
    ],
    [
      41.82652,
      12.399407
    ],
    [
      41.826279,
      12.397864
    ],
    [
      41.825158,
      12.397769
    ],
    [
      41.824398,
      12.396648
    ],
    [
      41.824289,
      12.395648
    ],
    [
      41.823483,
      12.395444
    ],
    [
      41.823279,
      12.392586
    ],
    [
      41.822339,
      12.391588
    ],
    [
      41.821279,
      12.392614
    ],
    [
      41.820762,
      12.396131
    ],
    [
      41.81957,
      12.396357
    ],
    [
      41.819334,
      12.395593
    ],
    [
      41.818252,
      12.395621
    ],
    [
      41.819111,
      12.395816
    ],
    [
      41.819143,
      12.396648
    ],
    [
      41.819846,
      12.397081
    ],
    [
      41.820094,
      12.398648
    ],
    [
      41.820721,
      12.399206
    ],
    [
      41.820891,
      12.400648
    ],
    [
      41.821805,
      12.401648
    ],
    [
      41.820834,
      12.402648
    ],
    [
      41.821789,
      12.403648
    ],
    [
      41.821766,
      12.405648
    ],
    [
      41.819842,
      12.407648
    ],
    [
      41.819926,
      12.410648
    ],
    [
      41.820687,
      12.41124
    ],
    [
      41.820942,
      12.412648
    ],
    [
      41.820865,
      12.414648
    ],
    [
      41.820029,
      12.415398
    ],
    [
      41.819859,
      12.418068
    ],
    [
      41.821077,
      12.41885
    ],
    [
      41.82309,
      12.418837
    ],
    [
      41.823251,
      12.419676
    ],
    [
      41.823802,
      12.419648
    ],
    [
      41.82336,
      12.419567
    ],
    [
      41.823366,
      12.418648
    ],
    [
      41.822596,
      12.418331
    ],
    [
      41.822401,
      12.417648
    ],
    [
      41.823898,
      12.416267
    ],
    [
      41.825279,
      12.416092
    ],
    [
      41.826904,
      12.417648
    ],
