{
  "distance500": [
    [
      41.867733,
      12.548047
    ],
    [
      41.867282,
      12.547047
    ],
    [
      41.867932,
      12.546047
    ],
    [
      41.86671,
      12.545924
    ],
    [
      41.866586,
      12.544687
    ],
    [
      41.864586,
      12.542047
    ],
    [
      41.863586,
      12.543718
    ],
    [
      41.862413,
      12.543047
    ],
    [
      41.862016,
      12.544047
    ],
    [
      41.86242,
      12.544214
    ],
    [
      41.862173,
      12.545634
    ],
    [
      41.860586,
      12.545851
    ],
    [
      41.859522,
      12.549047
    ],
    [
      41.860977,
      12.553047
    ],
    [
      41.861586,
      12.553755
    ],
    [
      41.864586,
      12.55308
    ],
    [
      41.866181,
      12.552047
    ],
    [
      41.866336,
      12.550797
    ],
    [
      41.867733,
      12.548047
    ]
  ],
  "distance1000": [
    [
      41.871749,
      12.547047
    ],
    [
      41.872252,
      12.546047
    ],
    [
      41.871812,
      12.544821
    ],
    [
      41.870586,
      12.544904
    ],
    [
      41.870248,
      12.545709
    ],
    [
      41.869586,
      12.545813
    ],
    [
      41.867586,
      12.545731
    ],
    [
      41.866905,
      12.545047
    ],
    [
      41.867058,
      12.542519
    ],
    [
      41.867717,
      12.542178
    ],
    [
      41.867955,
      12.541416
    ],
    [
      41.869436,
      12.541047
    ],
    [
      41.868515,
      12.539119
    ],
    [
      41.86767,
      12.538964
    ],
    [
      41.866586,
      12.537657
    ],
    [
      41.861566,
      12.538047
    ],
    [
      41.861302,
      12.540763
    ],
    [
      41.860518,
      12.541047
    ],
    [
      41.860586,
      12.54219
    ],
    [
      41.858191,
      12.543047
    ],
    [
      41.858156,
      12.545478
    ],
    [
      41.858589,
      12.54605
    ],
    [
      41.858742,
      12.545203
    ],
    [
      41.859586,
      12.545157
    ],
    [
      41.860222,
      12.546047
    ],
    [
      41.858364,
      12.547825
    ],
    [
      41.858157,
      12.548618
    ],
    [
      41.857244,
      12.549047
    ],
    [
      41.857185,
      12.549646
    ],
    [
      41.85655,
      12.550011
    ],
    [
      41.856393,
      12.551047
    ],
    [
      41.857432,
      12.553047
    ],
    [
      41.858586,
      12.55829
    ],
    [
      41.862621,
      12.558082
    ],
    [
      41.865032,
      12.556493
    ],
    [
      41.867118,
      12.556047
    ],
    [
      41.866994,
      12.554639
    ],
    [
      41.866561,
      12.554047
    ],
    [
      41.868586,
      12.553674
    ],
    [
      41.868952,
      12.550413
    ],
    [
      41.870586,
      12.550047
    ],
    [
      41.869781,
      12.549853
    ],
    [
      41.869909,
      12.54837
    ],
    [
      41.870945,
      12.548047
    ],
    [
      41.871749,
      12.547047
    ]
  ],
  "distance1600": [
    [
      41.876728,
      12.546047
    ],
    [
      41.876443,
      12.543191
    ],
    [
      41.875528,
      12.543047
    ],
    [
      41.875611,
      12.541047
    ],
    [
      41.874214,
      12.539419
    ],
    [
      41.874338,
      12.538047
    ],
    [
      41.873541,
      12.538002
    ],
    [
      41.873406,
      12.538867
    ],
    [
      41.871918,
      12.538716
    ],
    [
      41.871728,
      12.536189
    ],
    [
      41.872403,
      12.535047
    ],
    [
      41.871957,
      12.533677
    ],
    [
      41.868586,
      12.532093
    ],
    [
      41.864586,
      12.532457
    ],
    [
      41.863934,
      12.534047
    ],
    [
      41.86528,
      12.534354
    ],
    [
      41.865377,
      12.535047
    ],
    [
      41.862586,
      12.537672
    ],
    [
      41.861061,
      12.537047
    ],
    [
      41.861191,
      12.535652
    ],
    [
      41.86198,
      12.535047
    ],
    [
      41.862146,
      12.533047
    ],
    [
      41.860102,
      12.533563
    ],
    [
      41.859646,
      12.534107
    ],
    [
      41.859586,
      12.536866
    ],
    [
      41.858586,
      12.537201
    ],
    [
      41.857586,
      12.536813
    ],
    [
      41.856892,
      12.538353
    ],
    [
      41.855586,
      12.538559
    ],
    [
      41.855373,
      12.539834
    ],
    [
      41.854586,
      12.540047
    ],
    [
      41.855243,
      12.542047
    ],
    [
      41.854859,
      12.544047
    ],
    [
      41.853586,
      12.544483
    ],
    [
      41.853993,
      12.546047
    ],
    [
      41.855268,
      12.546366
    ],
    [
      41.855484,
      12.547047
    ],
    [
      41.854176,
      12.549637
    ],
    [
      41.853674,
      12.553135
    ],
    [
      41.852889,
      12.554047
    ],
    [
      41.853024,
      12.556047
    ],
    [
      41.854385,
      12.559248
    ],
    [
      41.855514,
      12.56412
    ],
    [
      41.857586,
      12.564285
    ],
    [
      41.858586,
      12.563849
    ],
    [
      41.859586,
      12.564251
    ],
    [
      41.862586,
      12.563758
    ],
    [
      41.864069,
      12.56253
    ],
    [
      41.864283,
      12.562047
    ],
    [
      41.863814,
      12.561819
    ],
    [
      41.863848,
      12.560047
    ],
    [
      41.864586,
      12.559339
    ],
    [
      41.866299,
      12.560335
    ],
    [
      41.866534,
      12.5611
    ],
    [
      41.86744,
      12.561193
    ],
    [
      41.867586,
      12.562051
    ],
    [
      41.867727,
      12.561188
    ],
    [
      41.869727,
      12.561047
    ],
    [
      41.870132,
      12.559593
    ],
    [
      41.870586,
      12.559425
    ],
    [
      41.870692,
      12.557047
    ],
    [
      41.870155,
      12.556047
    ],
    [
      41.870191,
      12.554443
    ],
    [
      41.869609,
      12.554025
    ],
    [
      41.869726,
      12.553187
    ],
    [
      41.868994,
      12.552047
    ],
    [
      41.869218,
      12.550679
    ],
    [
      41.872586,
      12.550321
    ],
    [
      41.873586,
      12.551155
    ],
    [
      41.874428,
      12.551205
    ],
    [
      41.874586,
      12.551899
    ],
    [
      41.874859,
      12.551047
    ],
    [
      41.873088,
      12.549545
    ],
    [
      41.872898,
      12.548047
    ],
    [
      41.873586,
      12.547339
    ],
    [
      41.874153,
      12.547481
    ],
    [
      41.874586,
      12.548192
    ],
    [
      41.875494,
      12.54814
    ],
    [
      41.875621,
      12.549082
    ],
    [
      41.875912,
      12.548047
    ],
    [
      41.875347,
      12.547047
    ],
    [
      41.876586,
      12.546838
    ],
    [
      41.876728,
      12.546047
    ]
  ]
}