{
  "distance500": [
    [
      41.95994,
      12.511451
    ],
    [
      41.960044,
      12.510578
    ],
    [
      41.960614,
      12.510451
    ],
    [
      41.954917,
      12.510154
    ],
    [
      41.954417,
      12.510951
    ],
    [
      41.952942,
      12.511451
    ],
    [
      41.952606,
      12.51214
    ],
    [
      41.953572,
      12.513451
    ],
    [
      41.953436,
      12.514451
    ],
    [
      41.954939,
      12.515473
    ],
    [
      41.955338,
      12.513872
    ],
    [
      41.9579,
      12.513451
    ],
    [
      41.958117,
      12.512651
    ],
    [
      41.959112,
      12.512451
    ],
    [
      41.958917,
      12.511992
    ],
    [
      41.957917,
      12.511958
    ],
    [
      41.957725,
      12.511259
    ],
    [
      41.95994,
      12.511451
    ]
  ],
  "distance1000": [
    [
      41.963158,
      12.514451
    ],
    [
      41.963257,
      12.513451
    ],
    [
      41.962091,
      12.510277
    ],
    [
      41.954917,
      12.509971
    ],
    [
      41.953917,
      12.511027
    ],
    [
      41.952917,
      12.51112
    ],
    [
      41.951917,
      12.51019
    ],
    [
      41.949917,
      12.511412
    ],
    [
      41.94966,
      12.512708
    ],
    [
      41.950932,
      12.513451
    ],
    [
      41.949557,
      12.514091
    ],
    [
      41.94931,
      12.514843
    ],
    [
      41.94933,
      12.515451
    ],
    [
      41.95126,
      12.516109
    ],
    [
      41.951917,
      12.518554
    ],
    [
      41.952063,
      12.517596
    ],
    [
      41.954917,
      12.518048
    ],
    [
      41.955917,
      12.517245
    ],
    [
      41.956639,
      12.518729
    ],
    [
      41.957917,
      12.519103
    ],
    [
      41.95932,
      12.518451
    ],
    [
      41.958798,
      12.51757
    ],
    [
      41.959262,
      12.515795
    ],
    [
      41.960687,
      12.515682
    ],
    [
      41.960917,
      12.516416
    ],
    [
      41.961427,
      12.51496
    ],
    [
      41.963158,
      12.514451
    ]
  ],
  "distance1600": [
    [
      41.967455,
      12.514451
    ],
    [
      41.967652,
      12.512451
    ],
    [
      41.967065,
      12.512303
    ],
    [
      41.9669,
      12.510451
    ],
    [
      41.963917,
      12.5102
    ],
    [
      41.962917,
      12.511142
    ],
    [
      41.961917,
      12.509963
    ],
    [
      41.954917,
      12.509847
    ],
    [
      41.953917,
      12.510879
    ],
    [
      41.952917,
      12.510929
    ],
    [
      41.951917,
      12.509963
    ],
    [
      41.948917,
      12.510161
    ],
    [
      41.947917,
      12.511223
    ],
    [
      41.946776,
      12.51131
    ],
    [
      41.946543,
      12.512076
    ],
    [
      41.944801,
      12.512451
    ],
    [
      41.944972,
      12.513451
    ],
    [
      41.94624,
      12.514451
    ],
    [
      41.945466,
      12.516451
    ],
    [
      41.945917,
      12.518384
    ],
    [
      41.946917,
      12.518819
    ],
    [
      41.948711,
      12.518657
    ],
    [
      41.948717,
      12.52025
    ],
    [
      41.947935,
      12.520451
    ],
    [
      41.948591,
      12.522778
    ],
    [
      41.949917,
      12.523266
    ],
    [
      41.951917,
      12.525075
    ],
    [
      41.955917,
      12.523231
    ],
    [
      41.957917,
      12.52528
    ],
    [
      41.960494,
      12.523027
    ],
    [
      41.960781,
      12.522451
    ],
    [
      41.96013,
      12.521451
    ],
    [
      41.960569,
      12.521103
    ],
    [
      41.961312,
      12.521057
    ],
    [
      41.961917,
      12.522308
    ],
    [
      41.962843,
      12.520376
    ],
    [
      41.963933,
      12.520467
    ],
    [
      41.964917,
      12.51979
    ],
    [
      41.96597,
      12.517451
    ],
    [
      41.965738,
      12.516272
    ],
    [
      41.966899,
      12.515451
    ],
    [
      41.967455,
      12.514451
    ]
  ]
}