{
  "distance500": [
    [
      42.441943,
      12.407538
    ],
    [
      42.44161,
      12.406339
    ],
    [
      42.438982,
      12.406166
    ],
    [
      42.43861,
      12.403724
    ],
    [
      42.438195,
      12.406123
    ],
    [
      42.435901,
      12.406247
    ],
    [
      42.43561,
      12.405423
    ],
    [
      42.435357,
      12.406284
    ],
    [
      42.434081,
      12.406538
    ],
    [
      42.43323,
      12.408538
    ],
    [
      42.43461,
      12.409572
    ],
    [
      42.434895,
      12.407823
    ],
    [
      42.436101,
      12.408047
    ],
    [
      42.437313,
      12.409538
    ],
    [
      42.437204,
      12.410132
    ],
    [
      42.435496,
      12.410538
    ],
    [
      42.436424,
      12.410724
    ],
    [
      42.436605,
      12.412538
    ],
    [
      42.438658,
      12.412586
    ],
    [
      42.439892,
      12.411538
    ],
    [
      42.440512,
      12.409538
    ],
    [
      42.440429,
      12.408538
    ],
    [
      42.441943,
      12.407538
    ]
  ],
  "distance1000": [
    [
      42.443702,
      12.405538
    ],
    [
      42.443747,
      12.401401
    ],
    [
      42.44061,
      12.401993
    ],
    [
      42.43961,
      12.40114
    ],
    [
      42.43861,
      12.402332
    ],
    [
      42.436686,
      12.402463
    ],
    [
      42.436558,
      12.401538
    ],
    [
      42.436283,
      12.402538
    ],
    [
      42.438158,
      12.40299
    ],
    [
      42.43799,
      12.405917
    ],
    [
      42.43661,
      12.406107
    ],
    [
      42.43561,
      12.405151
    ],
    [
      42.43461,
      12.406176
    ],
    [
      42.433456,
      12.405383
    ],
    [
      42.433083,
      12.40701
    ],
    [
      42.431015,
      12.407538
    ],
    [
      42.43061,
      12.408745
    ],
    [
      42.42961,
      12.408521
    ],
    [
      42.42906,
      12.410538
    ],
    [
      42.431365,
      12.410783
    ],
    [
      42.43161,
      12.411214
    ],
    [
      42.432062,
      12.40999
    ],
    [
      42.43261,
      12.409824
    ],
    [
      42.433385,
      12.410538
    ],
    [
      42.433359,
      12.411287
    ],
    [
      42.43237,
      12.411538
    ],
    [
      42.434287,
      12.411861
    ],
    [
      42.43461,
      12.413311
    ],
    [
      42.434964,
      12.412892
    ],
    [
      42.436072,
      12.413076
    ],
    [
      42.436105,
      12.414032
    ],
    [
      42.43461,
      12.414416
    ],
    [
      42.43441,
      12.415338
    ],
    [
      42.433852,
      12.415538
    ],
    [
      42.433583,
      12.416538
    ],
    [
      42.434473,
      12.416675
    ],
    [
      42.43461,
      12.417291
    ],
    [
      42.434868,
      12.415795
    ],
    [
      42.436769,
      12.414697
    ],
    [
      42.437161,
      12.413088
    ],
    [
      42.43861,
      12.412899
    ],
    [
      42.44061,
      12.413736
    ],
    [
      42.44161,
      12.413314
    ],
    [
      42.441886,
      12.409538
    ],
    [
      42.44261,
      12.408629
    ],
    [
      42.443084,
      12.406012
    ],
    [
      42.443702,
      12.405538
    ]
  ],
  "distance1600": [
    [
      42.446672,
      12.396538
    ],
    [
      42.44661,
      12.394725
    ],
    [
      42.44561,
      12.394843
    ],
    [
      42.445236,
      12.397164
    ],
    [
      42.442586,
      12.397513
    ],
    [
      42.442608,
      12.39854
    ],
    [
      42.442613,
      12.398536
    ],
    [
      42.442674,
      12.397601
    ],
    [
      42.444202,
      12.397946
    ],
    [
      42.444305,
      12.399538
    ],
    [
      42.44361,
      12.400203
    ],
    [
      42.442151,
      12.399997
    ],
    [
      42.44161,
      12.398786
    ],
    [
      42.441079,
      12.400006
    ],
    [
      42.439947,
      12.400201
    ],
    [
      42.43961,
      12.398683
    ],
    [
      42.439476,
      12.400538
    ],
    [
      42.43861,
      12.402076
    ],
    [
      42.437869,
      12.401279
    ],
    [
      42.436172,
      12.400976
    ],
    [
      42.435077,
      12.400071
    ],
    [
      42.434831,
      12.398758
    ],
    [
      42.435762,
      12.398538
    ],
    [
      42.433646,
      12.398502
    ],
    [
      42.43361,
      12.397936
    ],
    [
      42.433599,
      12.398549
    ],
    [
      42.43439,
      12.398758
    ],
    [
      42.434382,
      12.400538
    ],
    [
      42.435268,
      12.401538
    ],
    [
      42.435397,
      12.403751
    ],
    [
      42.43661,
      12.402927
    ],
    [
      42.437962,
      12.403186
    ],
    [
      42.437893,
      12.405821
    ],
    [
      42.43661,
      12.405962
    ],
    [
      42.43561,
      12.404986
    ],
    [
      42.43461,
      12.405999
    ],
    [
      42.43361,
      12.405064
    ],
    [
      42.43261,
      12.407051
    ],
    [
      42.42861,
      12.407419
    ],
    [
      42.429117,
      12.408031
    ],
    [
      42.429031,
      12.408959
    ],
    [
      42.42661,
      12.409023
    ],
    [
      42.425802,
      12.409538
    ],
    [
      42.425339,
      12.411266
    ],
    [
      42.424553,
      12.411481
    ],
    [
      42.424538,
      12.412465
    ],
    [
      42.42414,
      12.412538
    ],
    [
      42.424635,
      12.412563
    ],
    [
      42.42479,
      12.411718
    ],
    [
      42.42961,
      12.411731
    ],
    [
      42.430182,
      12.41111
    ],
    [
      42.431036,
      12.411112
    ],
    [
      42.431458,
      12.41669
    ],
    [
      42.43261,
      12.417817
    ],
    [
      42.43316,
      12.417087
    ],
    [
      42.434022,
      12.417127
    ],
    [
      42.43561,
      12.418838
    ],
    [
      42.436897,
      12.417538
    ],
    [
      42.435194,
      12.416954
    ],
    [
      42.435229,
      12.416156
    ],
    [
      42.436056,
      12.415538
    ],
    [
      42.436097,
      12.414051
    ],
    [
      42.434955,
      12.413538
    ],
    [
      42.43561,
      12.413034
    ],
    [
      42.436122,
      12.414026
    ],
    [
      42.43661,
      12.414043
    ],
    [
      42.43761,
      12.413068
    ],
    [
      42.438985,
      12.413163
    ],
    [
      42.439325,
      12.415538
    ],
    [
      42.4384,
      12.416538
    ],
    [
      42.439762,
      12.416689
    ],
    [
      42.440809,
      12.415737
    ],
    [
      42.441186,
      12.414114
    ],
    [
      42.441973,
      12.413538
    ],
    [
      42.441016,
      12.412538
    ],
    [
      42.442052,
      12.411538
    ],
    [
      42.442102,
      12.409538
    ],
    [
      42.442749,
      12.408676
    ],
    [
      42.44326,
      12.406188
    ],
    [
      42.444022,
      12.405538
    ],
    [
      42.444027,
      12.402538
    ],
    [
      42.444965,
      12.401538
    ],
    [
      42.444916,
      12.399538
    ],
    [
      42.445842,
      12.398538
    ],
    [
      42.445885,
      12.396813
    ],
    [
      42.446672,
      12.396538
    ]
  ]
}