{
  "distance500": [
    [
      41.913615,
      12.455166
    ],
    [
      41.91398,
      12.454166
    ],
    [
      41.913323,
      12.453166
    ],
    [
      41.91319,
      12.452026
    ],
    [
      41.91019,
      12.450548
    ],
    [
      41.90719,
      12.449879
    ],
    [
      41.90619,
      12.451969
    ],
    [
      41.907001,
      12.452355
    ],
    [
      41.907038,
      12.453166
    ],
    [
      41.906742,
      12.454718
    ],
    [
      41.905875,
      12.455166
    ],
    [
      41.905904,
      12.458166
    ],
    [
      41.90897,
      12.460385
    ],
    [
      41.91019,
      12.460749
    ],
    [
      41.912359,
      12.458166
    ],
    [
      41.912968,
      12.455945
    ],
    [
      41.913615,
      12.455166
    ]
  ],
  "distance1000": [
    [
      41.917877,
      12.455166
    ],
    [
      41.916959,
      12.449166
    ],
    [
      41.915189,
      12.448876
    ],
    [
      41.914189,
      12.448098
    ],
    [
      41.913885,
      12.448861
    ],
    [
      41.912612,
      12.448743
    ],
    [
      41.912266,
      12.447089
    ],
    [
      41.911426,
      12.446929
    ],
    [
      41.911189,
      12.445414
    ],
    [
      41.90855,
      12.445526
    ],
    [
      41.906189,
      12.444844
    ],
    [
      41.903981,
      12.445958
    ],
    [
      41.903568,
      12.448166
    ],
    [
      41.904043,
      12.448312
    ],
    [
      41.904094,
      12.449262
    ],
    [
      41.90561,
      12.450745
    ],
    [
      41.90569,
      12.452166
    ],
    [
      41.906601,
      12.453166
    ],
    [
      41.906551,
      12.454166
    ],
    [
      41.905189,
      12.455025
    ],
    [
      41.904236,
      12.454119
    ],
    [
      41.90353,
      12.454166
    ],
    [
      41.903021,
      12.454998
    ],
    [
      41.902154,
      12.45513
    ],
    [
      41.901269,
      12.458166
    ],
    [
      41.903961,
      12.463395
    ],
    [
      41.906828,
      12.463528
    ],
    [
      41.911189,
      12.466569
    ],
    [
      41.911648,
      12.466166
    ],
    [
      41.911872,
      12.464848
    ],
    [
      41.91319,
      12.464906
    ],
    [
      41.913942,
      12.463919
    ],
    [
      41.916175,
      12.459151
    ],
    [
      41.916998,
      12.458166
    ],
    [
      41.917162,
      12.456166
    ],
    [
      41.917877,
      12.455166
    ]
  ],
  "distance1600": [
    [
      41.922327,
      12.456166
    ],
    [
      41.921578,
      12.455777
    ],
    [
      41.921389,
      12.454166
    ],
    [
      41.920502,
      12.453166
    ],
    [
      41.92101,
      12.452166
    ],
    [
      41.920535,
      12.450166
    ],
    [
      41.920694,
      12.449166
    ],
    [
      41.921599,
      12.448166
    ],
    [
      41.921403,
      12.447952
    ],
    [
      41.920189,
      12.447097
    ],
    [
      41.919953,
      12.44793
    ],
    [
      41.91719,
      12.447371
    ],
    [
      41.916536,
      12.447513
    ],
    [
      41.916188,
      12.448167
    ],
    [
      41.91419,
      12.447109
    ],
    [
      41.913566,
      12.448542
    ],
    [
      41.912633,
      12.448166
    ],
    [
      41.913083,
      12.447166
    ],
    [
      41.91207,
      12.446166
    ],
    [
      41.912187,
      12.445163
    ],
    [
      41.91419,
      12.444712
    ],
    [
      41.915885,
      12.443166
    ],
    [
      41.914568,
      12.440166
    ],
    [
      41.91319,
      12.439424
    ],
    [
      41.910865,
      12.439841
    ],
    [
      41.910086,
      12.442062
    ],
    [
      41.910598,
      12.443166
    ],
    [
      41.909189,
      12.443409
    ],
    [
      41.90819,
      12.442689
    ],
    [
      41.904691,
      12.442664
    ],
    [
      41.90419,
      12.441552
    ],
    [
      41.903377,
      12.440979
    ],
    [
      41.90319,
      12.439763
    ],
    [
      41.90219,
      12.439297
    ],
    [
      41.900843,
      12.441512
    ],
    [
      41.900816,
      12.442166
    ],
    [
      41.901578,
      12.442777
    ],
    [
      41.90156,
      12.443536
    ],
    [
      41.901189,
      12.444092
    ],
    [
      41.899494,
      12.444166
    ],
    [
      41.899516,
      12.445166
    ],
    [
      41.90013,
      12.447225
    ],
    [
      41.899961,
      12.448166
    ],
    [
      41.901189,
      12.44868
    ],
    [
      41.90219,
      12.447971
    ],
    [
      41.902331,
      12.449024
    ],
    [
      41.903194,
      12.44917
    ],
    [
      41.901738,
      12.449714
    ],
    [
      41.899976,
      12.451166
    ],
    [
      41.898696,
      12.453672
    ],
    [
      41.897303,
      12.455166
    ],
    [
      41.897607,
      12.456583
    ],
    [
      41.897065,
      12.457166
    ],
    [
      41.897256,
      12.458166
    ],
    [
      41.898057,
      12.458299
    ],
    [
      41.897995,
      12.459971
    ],
    [
      41.897605,
      12.460166
    ],
    [
      41.89847,
      12.461886
    ],
    [
      41.898416,
      12.463166
    ],
    [
      41.899259,
      12.464166
    ],
    [
      41.899642,
      12.465713
    ],
    [
      41.90219,
      12.468853
    ],
    [
      41.905287,
      12.469068
    ],
    [
      41.90819,
      12.469978
    ],
    [
      41.909189,
      12.471328
    ],
    [
      41.912544,
      12.47252
    ],
    [
      41.91318,
      12.472166
    ],
    [
      41.912338,
      12.472017
    ],
    [
      41.912574,
      12.47055
    ],
    [
      41.91404,
      12.470316
    ],
    [
      41.91419,
      12.471
    ],
    [
      41.914497,
      12.469473
    ],
    [
      41.91622,
      12.469166
    ],
    [
      41.917943,
      12.465919
    ],
    [
      41.919497,
      12.464166
    ],
    [
      41.921143,
      12.460166
    ],
    [
      41.922111,
      12.459166
    ],
    [
      41.92147,
      12.457166
    ],
    [
      41.922327,
      12.456166
    ]
  ]
}