{
  "distance500": [
    [
      41.877648,
      12.57103
    ],
    [
      41.877377,
      12.57003
    ],
    [
      41.878064,
      12.56903
    ],
    [
      41.877619,
      12.56623
    ],
    [
      41.876344,
      12.56603
    ],
    [
      41.87699,
      12.565401
    ],
    [
      41.877094,
      12.56403
    ],
    [
      41.874619,
      12.561976
    ],
    [
      41.873995,
      12.56503
    ],
    [
      41.874105,
      12.567516
    ],
    [
      41.872619,
      12.567946
    ],
    [
      41.871619,
      12.567595
    ],
    [
      41.871153,
      12.56803
    ],
    [
      41.872366,
      12.57003
    ],
    [
      41.872321,
      12.57203
    ],
    [
      41.872661,
      12.572988
    ],
    [
      41.87379,
      12.573201
    ],
    [
      41.877648,
      12.57103
    ]
  ],
  "distance1000": [
    [
      41.88196,
      12.57203
    ],
    [
      41.881752,
      12.57003
    ],
    [
      41.882504,
      12.56903
    ],
    [
      41.881797,
      12.56803
    ],
    [
      41.881647,
      12.56603
    ],
    [
      41.88106,
      12.56503
    ],
    [
      41.881636,
      12.564047
    ],
    [
      41.881608,
      12.563041
    ],
    [
      41.878619,
      12.558924
    ],
    [
      41.876725,
      12.557924
    ],
    [
      41.876619,
      12.556873
    ],
    [
      41.875619,
      12.555983
    ],
    [
      41.875465,
      12.556876
    ],
    [
      41.873619,
      12.557419
    ],
    [
      41.873564,
      12.560975
    ],
    [
      41.872579,
      12.56103
    ],
    [
      41.871734,
      12.56203
    ],
    [
      41.872044,
      12.56303
    ],
    [
      41.871733,
      12.56403
    ],
    [
      41.873184,
      12.564465
    ],
    [
      41.873199,
      12.56561
    ],
    [
      41.87179,
      12.565859
    ],
    [
      41.871619,
      12.564389
    ],
    [
      41.871586,
      12.564997
    ],
    [
      41.87059,
      12.565001
    ],
    [
      41.870397,
      12.565808
    ],
    [
      41.868698,
      12.565951
    ],
    [
      41.868619,
      12.565571
    ],
    [
      41.866855,
      12.56703
    ],
    [
      41.867113,
      12.56803
    ],
    [
      41.868216,
      12.568433
    ],
    [
      41.868489,
      12.56903
    ],
    [
      41.868895,
      12.57203
    ],
    [
      41.868432,
      12.572843
    ],
    [
      41.868593,
      12.57403
    ],
    [
      41.869701,
      12.57403
    ],
    [
      41.871619,
      12.578995
    ],
    [
      41.872396,
      12.577807
    ],
    [
      41.873619,
      12.578204
    ],
    [
      41.874591,
      12.57703
    ],
    [
      41.874305,
      12.57603
    ],
    [
      41.874619,
      12.575743
    ],
    [
      41.876619,
      12.575087
    ],
    [
      41.877619,
      12.575995
    ],
    [
      41.878619,
      12.575912
    ],
    [
      41.880768,
      12.573179
    ],
    [
      41.881534,
      12.57303
    ],
    [
      41.88196,
      12.57203
    ]
  ],
  "distance1600": [
    [
      41.887914,
      12.57003
    ],
    [
      41.887588,
      12.569061
    ],
    [
      41.886599,
      12.56905
    ],
    [
      41.887093,
      12.56803
    ],
    [
      41.886039,
      12.56703
    ],
    [
      41.886308,
      12.564341
    ],
    [
      41.886853,
      12.56303
    ],
    [
      41.886619,
      12.5624
    ],
    [
      41.885779,
      12.56103
    ],
    [
      41.884807,
      12.560842
    ],
    [
      41.884369,
      12.55928
    ],
    [
      41.883619,
      12.558396
    ],
    [
      41.881978,
      12.558671
    ],
    [
      41.881696,
      12.55803
    ],
    [
      41.882447,
      12.55703
    ],
    [
      41.881619,
      12.55605
    ],
    [
      41.880344,
      12.556755
    ],
    [
      41.879067,
      12.556582
    ],
    [
      41.878945,
      12.555356
    ],
    [
      41.880296,
      12.55503
    ],
    [
      41.880325,
      12.55403
    ],
    [
      41.879301,
      12.55303
    ],
    [
      41.879028,
      12.550621
    ],
    [
      41.877619,
      12.549136
    ],
    [
      41.874235,
      12.55103
    ],
    [
      41.874544,
      12.551105
    ],
    [
      41.874576,
      12.552073
    ],
    [
      41.875339,
      12.55231
    ],
    [
      41.87515,
      12.553561
    ],
    [
      41.873072,
      12.555483
    ],
    [
      41.871619,
      12.555764
    ],
    [
      41.871324,
      12.556735
    ],
    [
      41.870475,
      12.55703
    ],
    [
      41.870408,
      12.56003
    ],
    [
      41.871377,
      12.56103
    ],
    [
      41.871096,
      12.564507
    ],
    [
      41.869619,
      12.565668
    ],
    [
      41.86887,
      12.56503
    ],
    [
      41.868777,
      12.562872
    ],
    [
      41.86467,
      12.562979
    ],
    [
      41.864619,
      12.56218
    ],
    [
      41.864211,
      12.563622
    ],
    [
      41.863406,
      12.56403
    ],
    [
      41.863094,
      12.56503
    ],
    [
      41.864144,
      12.56703
    ],
    [
      41.862209,
      12.56762
    ],
    [
      41.861589,
      12.56903
    ],
    [
      41.862914,
      12.57003
    ],
    [
      41.86288,
      12.57103
    ],
    [
      41.864619,
      12.571443
    ],
    [
      41.865141,
      12.569552
    ],
    [
      41.866619,
      12.568524
    ],
    [
      41.867545,
      12.56903
    ],
    [
      41.867098,
      12.570509
    ],
    [
      41.86503,
      12.57203
    ],
    [
      41.864904,
      12.573745
    ],
    [
      41.866699,
      12.57695
    ],
    [
      41.866619,
      12.57816
    ],
    [
      41.868619,
      12.578974
    ],
    [
      41.867896,
      12.579307
    ],
    [
      41.867638,
      12.58003
    ],
    [
      41.868431,
      12.580218
    ],
    [
      41.868526,
      12.581124
    ],
    [
      41.869288,
      12.581361
    ],
    [
      41.869529,
      12.58494
    ],
    [
      41.869108,
      12.58503
    ],
    [
      41.869619,
      12.585478
    ],
    [
      41.870207,
      12.584618
    ],
    [
      41.871619,
      12.583877
    ],
    [
      41.872619,
      12.585008
    ],
    [
      41.872968,
      12.582379
    ],
    [
      41.874513,
      12.582136
    ],
    [
      41.874619,
      12.582531
    ],
    [
      41.875131,
      12.58203
    ],
    [
      41.8748,
      12.58003
    ],
    [
      41.875046,
      12.579457
    ],
    [
      41.876233,
      12.579416
    ],
    [
      41.876539,
      12.58111
    ],
    [
      41.879619,
      12.583062
    ],
    [
      41.880619,
      12.581774
    ],
    [
      41.881619,
      12.581555
    ],
    [
      41.882475,
      12.58003
    ],
    [
      41.882647,
      12.57803
    ],
    [
      41.883975,
      12.57703
    ],
    [
      41.8848,
      12.575211
    ],
    [
      41.886467,
      12.57403
    ],
    [
      41.886829,
      12.57303
    ],
    [
      41.886251,
      12.57203
    ],
    [
      41.887914,
      12.57003
    ]
  ]
}