{
  "distance500": [
    [
      41.802989,
      12.297178
    ],
    [
      41.80291,
      12.296178
    ],
    [
      41.801997,
      12.296025
    ],
    [
      41.801929,
      12.294092
    ],
    [
      41.801075,
      12.293947
    ],
    [
      41.800901,
      12.293121
    ],
    [
      41.799876,
      12.293146
    ],
    [
      41.799844,
      12.29194
    ],
    [
      41.799813,
      12.293208
    ],
    [
      41.800602,
      12.293419
    ],
    [
      41.800653,
      12.294178
    ],
    [
      41.799844,
      12.2949
    ],
    [
      41.799348,
      12.294674
    ],
    [
      41.799043,
      12.293978
    ],
    [
      41.798197,
      12.293825
    ],
    [
      41.797902,
      12.291178
    ],
    [
      41.797473,
      12.291178
    ],
    [
      41.797825,
      12.291197
    ],
    [
      41.797551,
      12.293885
    ],
    [
      41.796543,
      12.294178
    ],
    [
      41.795937,
      12.297178
    ],
    [
      41.796844,
      12.298456
    ],
    [
      41.797139,
      12.297473
    ],
    [
      41.798425,
      12.297597
    ],
    [
      41.798715,
      12.300049
    ],
    [
      41.798157,
      12.300178
    ],
    [
      41.798465,
      12.300557
    ],
    [
      41.798844,
      12.300682
    ],
    [
      41.799116,
      12.29945
    ],
    [
      41.799844,
      12.299317
    ],
    [
      41.800554,
      12.299468
    ],
    [
      41.800844,
      12.301142
    ],
    [
      41.80181,
      12.301144
    ],
    [
      41.801892,
      12.300178
    ],
    [
      41.801013,
      12.300009
    ],
    [
      41.801126,
      12.297896
    ],
    [
      41.800652,
      12.297178
    ],
    [
      41.802989,
      12.297178
    ]
  ],
  "distance1000": [
    [
      41.805862,
      12.301178
    ],
    [
      41.805602,
      12.30042
    ],
    [
      41.8059,
      12.298122
    ],
    [
      41.804844,
      12.298277
    ],
    [
      41.804328,
      12.296693
    ],
    [
      41.802451,
      12.295571
    ],
    [
      41.802107,
      12.293914
    ],
    [
      41.80038,
      12.292642
    ],
    [
      41.800005,
      12.291017
    ],
    [
      41.799234,
      12.290787
    ],
    [
      41.798956,
      12.290066
    ],
    [
      41.798077,
      12.289945
    ],
    [
      41.797844,
      12.28901
    ],
    [
      41.796252,
      12.288769
    ],
    [
      41.795931,
      12.287178
    ],
    [
      41.794876,
      12.287146
    ],
    [
      41.794844,
      12.28671
    ],
    [
      41.794204,
      12.287178
    ],
    [
      41.795293,
      12.287729
    ],
    [
      41.795634,
      12.289178
    ],
    [
      41.795526,
      12.28986
    ],
    [
      41.794715,
      12.290178
    ],
    [
      41.794745,
      12.291079
    ],
    [
      41.794209,
      12.291178
    ],
    [
      41.795844,
      12.29102
    ],
    [
      41.797473,
      12.292178
    ],
    [
      41.795837,
      12.293171
    ],
    [
      41.793545,
      12.292879
    ],
    [
      41.793737,
      12.295178
    ],
    [
      41.794468,
      12.295554
    ],
    [
      41.794761,
      12.297178
    ],
    [
      41.795753,
      12.298178
    ],
    [
      41.795769,
      12.299253
    ],
    [
      41.796495,
      12.299527
    ],
    [
      41.796586,
      12.301436
    ],
    [
      41.797213,
      12.301808
    ],
    [
      41.797574,
      12.303448
    ],
    [
      41.79857,
      12.304178
    ],
    [
      41.79882,
      12.305202
    ],
    [
      41.799844,
      12.304862
    ],
    [
      41.800352,
      12.303686
    ],
    [
      41.80209,
      12.303425
    ],
    [
      41.80275,
      12.300178
    ],
    [
      41.801428,
      12.299594
    ],
    [
      41.801415,
      12.297749
    ],
    [
      41.802297,
      12.297725
    ],
    [
      41.803337,
      12.298684
    ],
    [
      41.803565,
      12.299899
    ],
    [
      41.803071,
      12.300178
    ],
    [
      41.804253,
      12.300769
    ],
    [
      41.804844,
      12.301675
    ],
    [
      41.805862,
      12.301178
    ]
  ],
  "distance1600": [
    [
      41.810019,
      12.302178
    ],
    [
      41.809007,
      12.300015
    ],
    [
      41.806666,
      12.299356
    ],
    [
      41.806844,
      12.298518
    ],
    [
      41.8078,
      12.298178
    ],
    [
      41.807704,
      12.297178
    ],
    [
      41.805844,
      12.294497
    ],
    [
      41.804844,
      12.293674
    ],
    [
      41.803712,
      12.294178
    ],
    [
      41.803439,
      12.295178
    ],
    [
      41.802711,
      12.29531
    ],
    [
      41.802579,
      12.294178
    ],
    [
      41.801637,
      12.293384
    ],
    [
      41.801228,
      12.291794
    ],
    [
      41.799525,
      12.290497
    ],
    [
      41.799135,
      12.288886
    ],
    [
      41.796484,
      12.288538
    ],
    [
      41.796254,
      12.287178
    ],
    [
      41.795073,
      12.286949
    ],
    [
      41.794907,
      12.285114
    ],
    [
      41.79367,
      12.285004
    ],
    [
      41.794514,
      12.286178
    ],
    [
      41.792844,
      12.287885
    ],
    [
      41.791017,
      12.288005
    ],
    [
      41.790648,
      12.287178
    ],
    [
      41.7906,
      12.289178
    ],
    [
      41.791294,
      12.289728
    ],
    [
      41.791469,
      12.291178
    ],
    [
      41.79231,
      12.291712
    ],
    [
      41.792599,
      12.293423
    ],
    [
      41.79325,
      12.293772
    ],
    [
      41.793595,
      12.295178
    ],
    [
      41.795432,
      12.298178
    ],
    [
      41.795511,
      12.299511
    ],
    [
      41.79637,
      12.300178
    ],
    [
      41.795722,
      12.301178
    ],
    [
      41.795707,
      12.302041
    ],
    [
      41.796585,
      12.302437
    ],
    [
      41.796641,
      12.304178
    ],
    [
      41.797339,
      12.304683
    ],
    [
      41.797639,
      12.306383
    ],
    [
      41.798584,
      12.307178
    ],
    [
      41.798844,
      12.311368
    ],
    [
      41.798999,
      12.310333
    ],
    [
      41.80069,
      12.310024
    ],
    [
      41.801674,
      12.310348
    ],
    [
      41.801844,
      12.311205
    ],
    [
      41.802525,
      12.310859
    ],
    [
      41.802751,
      12.310178
    ],
    [
      41.802414,
      12.309178
    ],
    [
      41.803374,
      12.307178
    ],
    [
      41.803262,
      12.305178
    ],
    [
      41.804089,
      12.304423
    ],
    [
      41.805504,
      12.304518
    ],
    [
      41.807172,
      12.306178
    ],
    [
      41.806758,
      12.307092
    ],
    [
      41.806844,
      12.308074
    ],
    [
      41.806955,
      12.307289
    ],
    [
      41.808645,
      12.307178
    ],
    [
      41.808577,
      12.305912
    ],
    [
      41.810019,
      12.302178
    ]
  ]
}