{
  "distance500": [
    [
      42.246887,
      12.635331
    ],
    [
      42.246503,
      12.634331
    ],
    [
      42.243206,
      12.632958
    ],
    [
      42.241206,
      12.633026
    ],
    [
      42.240206,
      12.634096
    ],
    [
      42.239567,
      12.63397
    ],
    [
      42.239206,
      12.633217
    ],
    [
      42.238904,
      12.634029
    ],
    [
      42.237535,
      12.634331
    ],
    [
      42.238084,
      12.634453
    ],
    [
      42.238206,
      12.636411
    ],
    [
      42.238281,
      12.635406
    ],
    [
      42.239277,
      12.635402
    ],
    [
      42.239557,
      12.634682
    ],
    [
      42.241206,
      12.634566
    ],
    [
      42.242206,
      12.633664
    ],
    [
      42.243703,
      12.633833
    ],
    [
      42.244206,
      12.634985
    ],
    [
      42.24515,
      12.635387
    ],
    [
      42.245206,
      12.635829
    ],
    [
      42.246887,
      12.635331
    ]
  ],
  "distance1000": [
    [
      42.251296,
      12.636331
    ],
    [
      42.248668,
      12.635869
    ],
    [
      42.248446,
      12.633571
    ],
    [
      42.249273,
      12.633331
    ],
    [
      42.248409,
      12.633128
    ],
    [
      42.248227,
      12.63231
    ],
    [
      42.24784,
      12.633965
    ],
    [
      42.247206,
      12.634115
    ],
    [
      42.243206,
      12.632529
    ],
    [
      42.241206,
      12.632662
    ],
    [
      42.240206,
      12.633884
    ],
    [
      42.239206,
      12.63284
    ],
    [
      42.238206,
      12.633966
    ],
    [
      42.23672,
      12.632817
    ],
    [
      42.236475,
      12.631331
    ],
    [
      42.235416,
      12.631121
    ],
    [
      42.235206,
      12.629847
    ],
    [
      42.234902,
      12.632026
    ],
    [
      42.233335,
      12.632331
    ],
    [
      42.235754,
      12.632782
    ],
    [
      42.236206,
      12.633815
    ],
    [
      42.237857,
      12.635331
    ],
    [
      42.237675,
      12.6368
    ],
    [
      42.236366,
      12.637331
    ],
    [
      42.236043,
      12.640168
    ],
    [
      42.235205,
      12.640329
    ],
    [
      42.235302,
      12.641234
    ],
    [
      42.236206,
      12.641279
    ],
    [
      42.236496,
      12.63962
    ],
    [
      42.237316,
      12.63944
    ],
    [
      42.237425,
      12.638331
    ],
    [
      42.238393,
      12.637518
    ],
    [
      42.238777,
      12.635902
    ],
    [
      42.239817,
      12.634942
    ],
    [
      42.241504,
      12.634628
    ],
    [
      42.242206,
      12.633831
    ],
    [
      42.243568,
      12.633968
    ],
    [
      42.245176,
      12.637361
    ],
    [
      42.245852,
      12.637684
    ],
    [
      42.246206,
      12.63849
    ],
    [
      42.247965,
      12.638572
    ],
    [
      42.248206,
      12.639967
    ],
    [
      42.24843,
      12.638555
    ],
    [
      42.250147,
      12.638331
    ],
    [
      42.250326,
      12.637451
    ],
    [
      42.251296,
      12.636331
    ]
  ],
  "distance1600": [
    [
      42.255859,
      12.639331
    ],
    [
      42.256171,
      12.638331
    ],
    [
      42.254548,
      12.637989
    ],
    [
      42.253386,
      12.636151
    ],
    [
      42.248855,
      12.635682
    ],
    [
      42.248674,
      12.634331
    ],
    [
      42.249608,
      12.633331
    ],
    [
      42.249598,
      12.632331
    ],
    [
      42.249206,
      12.631939
    ],
    [
      42.247972,
      12.632097
    ],
    [
      42.247784,
      12.633331
    ],
    [
      42.247206,
      12.633864
    ],
    [
      42.246206,
      12.632978
    ],
    [
      42.24389,
      12.632647
    ],
    [
      42.243206,
      12.632
    ],
    [
      42.238206,
      12.632481
    ],
    [
      42.238048,
      12.632172
    ],
    [
      42.239039,
      12.631331
    ],
    [
      42.238651,
      12.630885
    ],
    [
      42.235808,
      12.630729
    ],
    [
      42.235733,
      12.629858
    ],
    [
      42.236506,
      12.629331
    ],
    [
      42.235524,
      12.628331
    ],
    [
      42.236451,
      12.627331
    ],
    [
      42.236568,
      12.625693
    ],
    [
      42.237298,
      12.625423
    ],
    [
      42.237355,
      12.624479
    ],
    [
      42.238206,
      12.624119
    ],
    [
      42.237158,
      12.624282
    ],
    [
      42.236936,
      12.625061
    ],
    [
      42.236088,
      12.625213
    ],
    [
      42.235977,
      12.626331
    ],
    [
      42.234915,
      12.627331
    ],
    [
      42.234699,
      12.628824
    ],
    [
      42.233883,
      12.629331
    ],
    [
      42.234679,
      12.629858
    ],
    [
      42.234587,
      12.631711
    ],
    [
      42.232206,
      12.632056
    ],
    [
      42.231077,
      12.633201
    ],
    [
      42.23092,
      12.634044
    ],
    [
      42.229172,
      12.634364
    ],
    [
      42.232206,
      12.634594
    ],
    [
      42.234206,
      12.632742
    ],
    [
      42.236544,
      12.632992
    ],
    [
      42.236646,
      12.633771
    ],
    [
      42.2352,
      12.635331
    ],
    [
      42.235767,
      12.639331
    ],
    [
      42.234918,
      12.640043
    ],
    [
      42.234655,
      12.641779
    ],
    [
      42.233078,
      12.643203
    ],
    [
      42.233037,
      12.6445
    ],
    [
      42.233206,
      12.646847
    ],
    [
      42.233627,
      12.643752
    ],
    [
      42.235206,
      12.642658
    ],
    [
      42.235659,
      12.642877
    ],
    [
      42.236038,
      12.644499
    ],
    [
      42.237004,
      12.645331
    ],
    [
      42.237206,
      12.648347
    ],
    [
      42.237442,
      12.644331
    ],
    [
      42.236502,
      12.643331
    ],
    [
      42.236614,
      12.640331
    ],
    [
      42.23765,
      12.639331
    ],
    [
      42.237715,
      12.63684
    ],
    [
      42.238557,
      12.636681
    ],
    [
      42.240932,
      12.634057
    ],
    [
      42.243479,
      12.634057
    ],
    [
      42.243716,
      12.635331
    ],
    [
      42.244531,
      12.636006
    ],
    [
      42.244944,
      12.637593
    ],
    [
      42.245912,
      12.638625
    ],
    [
      42.247592,
      12.638944
    ],
    [
      42.247652,
      12.640777
    ],
    [
      42.244415,
      12.641122
    ],
    [
      42.244206,
      12.639849
    ],
    [
      42.244107,
      12.641331
    ],
    [
      42.248665,
      12.641871
    ],
    [
      42.248939,
      12.645064
    ],
    [
      42.248181,
      12.645306
    ],
    [
      42.24819,
      12.646347
    ],
    [
      42.248836,
      12.646701
    ],
    [
      42.250206,
      12.646288
    ],
    [
      42.250359,
      12.645484
    ],
    [
      42.249489,
      12.645048
    ],
    [
      42.249544,
      12.639993
    ],
    [
      42.248784,
      12.639753
    ],
    [
      42.248813,
      12.638937
    ],
    [
      42.249624,
      12.638913
    ],
    [
      42.250206,
      12.639671
    ],
    [
      42.250791,
      12.637915
    ],
    [
      42.252206,
      12.637657
    ],
    [
      42.253206,
      12.638845
    ],
    [
      42.254962,
      12.638575
