{
  "distance500": [
    [
      41.819561,
      12.349601
    ],
    [
      41.820209,
      12.348601
    ],
    [
      41.819765,
      12.347213
    ],
    [
      41.818759,
      12.34622
    ],
    [
      41.819029,
      12.344601
    ],
    [
      41.818378,
      12.339982
    ],
    [
      41.816378,
      12.339346
    ],
    [
      41.815344,
      12.341567
    ],
    [
      41.814375,
      12.342598
    ],
    [
      41.814611,
      12.343601
    ],
    [
      41.815275,
      12.343704
    ],
    [
      41.815312,
      12.346601
    ],
    [
      41.816248,
      12.346731
    ],
    [
      41.816378,
      12.34864
    ],
    [
      41.81711,
      12.348334
    ],
    [
      41.819219,
      12.34876
    ],
    [
      41.819561,
      12.349601
    ]
  ],
  "distance1000": [
    [
      41.823661,
      12.352601
    ],
    [
      41.822516,
      12.352463
    ],
    [
      41.822528,
      12.351601
    ],
    [
      41.821745,
      12.351234
    ],
    [
      41.820693,
      12.349601
    ],
    [
      41.821633,
      12.348601
    ],
    [
      41.82067,
      12.347601
    ],
    [
      41.820748,
      12.345971
    ],
    [
      41.821556,
      12.345601
    ],
    [
      41.821994,
      12.344601
    ],
    [
      41.820616,
      12.344362
    ],
    [
      41.820459,
      12.342682
    ],
    [
      41.820775,
      12.342601
    ],
    [
      41.820378,
      12.342125
    ],
    [
      41.819378,
      12.342626
    ],
    [
      41.819043,
      12.339601
    ],
    [
      41.817897,
      12.338601
    ],
    [
      41.818536,
      12.337759
    ],
    [
      41.818597,
      12.33682
    ],
    [
      41.819406,
      12.336601
    ],
    [
      41.819378,
      12.335478
    ],
    [
      41.818378,
      12.335792
    ],
    [
      41.818066,
      12.337289
    ],
    [
      41.816378,
      12.338293
    ],
    [
      41.814813,
      12.337166
    ],
    [
      41.814459,
      12.334682
    ],
    [
      41.814764,
      12.334601
    ],
    [
      41.813378,
      12.334221
    ],
    [
      41.813468,
      12.334691
    ],
    [
      41.814288,
      12.334691
    ],
    [
      41.814097,
      12.338601
    ],
    [
      41.814993,
      12.338986
    ],
    [
      41.81516,
      12.340601
    ],
    [
      41.814378,
      12.341396
    ],
    [
      41.811547,
      12.341431
    ],
    [
      41.811378,
      12.340896
    ],
    [
      41.811233,
      12.341456
    ],
    [
      41.810493,
      12.341601
    ],
    [
      41.812085,
      12.341893
    ],
    [
      41.812012,
      12.343235
    ],
    [
      41.810006,
      12.343601
    ],
    [
      41.812911,
      12.344068
    ],
    [
      41.813378,
      12.34771
    ],
    [
      41.813581,
      12.344601
    ],
    [
      41.814378,
      12.343917
    ],
    [
      41.814807,
      12.344172
    ],
    [
      41.815031,
      12.346601
    ],
    [
      41.816135,
      12.347601
    ],
    [
      41.816378,
      12.354267
    ],
    [
      41.816713,
      12.351937
    ],
    [
      41.817832,
      12.351601
    ],
    [
      41.817629,
      12.349601
    ],
    [
      41.818378,
      12.34895
    ],
    [
      41.820091,
      12.350601
    ],
    [
      41.818843,
      12.351601
    ],
    [
      41.81876,
      12.354601
    ],
    [
      41.819378,
      12.355257
    ],
    [
      41.819651,
      12.352874
    ],
    [
      41.82073,
      12.351953
    ],
    [
      41.822096,
      12.351883
    ],
    [
      41.822336,
      12.352643
    ],
    [
      41.823304,
      12.352675
    ],
    [
      41.823378,
      12.353088
    ],
    [
      41.823661,
      12.352601
    ]
  ],