{
  "distance500": [
    [
      41.881933,
      12.514347
    ],
    [
      41.87992,
      12.512347
    ],
    [
      41.879932,
      12.511051
    ],
    [
      41.878933,
      12.510857
    ],
    [
      41.878471,
      12.513886
    ],
    [
      41.875102,
      12.514178
    ],
    [
      41.874933,
      12.512806
    ],
    [
      41.874067,
      12.514347
    ],
    [
      41.87422,
      12.515347
    ],
    [
      41.873096,
      12.517347
    ],
    [
      41.875354,
      12.518925
    ],
    [
      41.875933,
      12.521378
    ],
    [
      41.878933,
      12.521226
    ],
    [
      41.879932,
      12.5206
    ],
    [
      41.881319,
      12.518734
    ],
    [
      41.881933,
      12.514347
    ]
  ],
  "distance1000": [
    [
      41.885035,
      12.521347
    ],
    [
      41.884594,
      12.519347
    ],
    [
      41.883928,
      12.518347
    ],
    [
      41.88554,
      12.517347
    ],
    [
      41.885037,
      12.517243
    ],
    [
      41.884939,
      12.516347
    ],
    [
      41.885107,
      12.515521
    ],
    [
      41.885877,
      12.515347
    ],
    [
      41.884961,
      12.513347
    ],
    [
      41.884526,
      12.510754
    ],
    [
      41.88298,
      12.5093
    ],
    [
      41.882665,
      12.507615
    ],
    [
      41.880932,
      12.505027
    ],
    [
      41.879932,
      12.504761
    ],
    [
      41.878883,
      12.505347
    ],
    [
      41.876932,
      12.508112
    ],
    [
      41.873932,
      12.507323
    ],
    [
      41.873635,
      12.508049
    ],
    [
      41.872799,
      12.508347
    ],
    [
      41.872305,
      12.50972
    ],
    [
      41.871299,
      12.510347
    ],
    [
      41.8717,
      12.511347
    ],
    [
      41.870682,
      12.515097
    ],
    [
      41.869397,
      12.516347
    ],
    [
      41.869838,
      12.520441
    ],
    [
      41.870933,
      12.521347
    ],
    [
      41.87086,
      12.522419
    ],
    [
      41.872418,
      12.523347
    ],
    [
      41.872932,
      12.525529
    ],
    [
      41.878932,
      12.525714
    ],
    [
      41.879317,
      12.525347
    ],
    [
      41.879018,
      12.525262
    ],
    [
      41.879329,
      12.523744
    ],
    [
      41.879932,
      12.523567
    ],
    [
      41.880582,
      12.523697
    ],
    [
      41.880831,
      12.524448
    ],
    [
      41.88175,
      12.524529
    ],
    [
      41.881904,
      12.525375
    ],
    [
      41.882211,
      12.525347
    ],
    [
      41.885035,
      12.521347
    ]
  ],
  "distance1600": [
    [
      41.889939,
      12.523347
    ],
    [
      41.889798,
      12.522347
    ],
    [
      41.889149,
      12.522131
    ],
    [
      41.889567,
      12.518347
    ],
    [
      41.889057,
      12.517347
    ],
    [
      41.889638,
      12.516052
    ],
    [
      41.890546,
      12.515347
    ],
    [
      41.890616,
      12.514347
    ],
    [
      41.88905,
      12.511347
    ],
    [
      41.888018,
      12.511262
    ],
    [
      41.888047,
      12.509462
    ],
    [
      41.888328,
      12.508742
    ],
    [
      41.889073,
      12.508347
    ],
    [
      41.889121,
      12.507347
    ],
    [
      41.887866,
      12.506413
    ],
    [
      41.887606,
      12.505347
    ],
    [
      41.886933,
      12.505076
    ],
    [
      41.886744,
      12.506158
    ],
    [
      41.885933,
      12.506279
    ],
    [
      41.883446,
      12.504833
    ],
    [
      41.883343,
      12.503757
    ],
    [
      41.885096,
      12.503347
    ],
    [
      41.883114,
      12.500347
    ],
    [
      41.882633,
      12.499047
    ],
    [
      41.88284,
      12.49844
    ],
    [
      41.88207,
      12.49821
    ],
    [
      41.880806,
      12.499221
    ],
    [
      41.879906,
      12.49932
    ],
    [
      41.879693,
      12.500107
    ],
    [
      41.878254,
      12.500347
    ],
    [
      41.878048,
      12.501462
    ],
    [
      41.876933,
      12.500878
    ],
    [
      41.875843,
      12.501257
    ],
    [
      41.87507,
      12.502485
    ],
    [
      41.873558,
      12.502972
    ],
    [
      41.873339,
      12.503754
    ],
    [
      41.872502,
      12.503347
    ],
    [
      41.872253,
      12.502347
    ],
    [
      41.870933,
      12.501962
    ],
    [
      41.87078,
      12.504347
    ],
    [
      41.869932,
      12.505875
    ],
    [
      41.869869,
      12.508347
    ],
    [
      41.868752,
      12.509347
    ],
    [
      41.868628,
      12.512042
    ],
    [
      41.866897,
      12.512312
    ],
    [
      41.866373,
      12.514347
    ],
    [
      41.866728,
      12.514552
    ],
    [
      41.866933,
      12.516284
    ],
    [
      41.866973,
      12.515387
    ],
    [
      41.867933,
      12.515414
    ],
    [
      41.868586,
      12.516347
    ],
    [
      41.867933,
      12.517072
    ],
    [
      41.867127,
      12.517153
    ],
    [
      41.866933,
      12.516362
    ],
    [
      41.865821,
      12.518236
    ],
    [
      41.865753,
      12.519167
    ],
    [
      41.865067,
      12.519347
    ],
    [
      41.865531,
      12.520347
    ],
    [
      41.865342,
      12.522347
    ],
    [
      41.866226,
      12.524054
    ],
    [
      41.867006,
      12.527274
    ],
    [
      41.868399,
      12.527881
    ],
    [
      41.868468,
      12.529347
    ],
    [
      41.868996,
      12.530283
    ],
    [
      41.871933,
      12.531741
    ],
    [
      41.872933,
      12.5307
    ],
    [
      41.876933,
      12.531213
    ],
    [
      41.877932,
      12.532049
    ],
    [
      41.880933,
      12.531141
    ],
    [
      41.881933,
      12.531444
    ],
    [
      41.882079,
      12.528347
    ],
    [
      41.881383,
      12.527896
    ],
    [
      41.881254,
      12.526025
    ],
    [
      41.879526,
      12.524753
    ],
    [
      41.87957,
      12.523984
    ],
    [
      41.880301,
      12.523978
    ],
    [
      41.880535,
      12.524744
    ],
    [
      41.881328,
      12.524952
    ],
    [
      41.881568,
      12.525711
    ],
    [
      41.882933,
      12.526664
    ],
    [
      41.885933,
      12.527061
    ],
    [
      41.887088,
      12.526347
    ],
    [
      41.887524,
      12.524938
    ],
    [
      41.889939,
      12.523347
    ]
  ]
}