{
  "distance500": [
    [
      41.864644,
      12.549472
    ],
    [
      41.865404,
      12.546472
    ],
    [
      41.864907,
      12.542152
    ],
    [
      41.863586,
      12.542129
    ],
    [
      41.862913,
      12.542799
    ],
    [
      41.860211,
      12.543472
    ],
    [
      41.860586,
      12.544178
    ],
    [
      41.860669,
      12.543555
    ],
    [
      41.861586,
      12.543608
    ],
    [
      41.862322,
      12.544472
    ],
    [
      41.861378,
      12.545264
    ],
    [
      41.861146,
      12.546032
    ],
    [
      41.860166,
      12.546472
    ],
    [
      41.860586,
      12.549472
    ],
    [
      41.862586,
      12.550674
    ],
    [
      41.864644,
      12.549472
    ]
  ],
  "distance1000": [
    [
      41.868945,
      12.548472
    ],
    [
      41.869364,
      12.546472
    ],
    [
      41.866939,
      12.54612
    ],
    [
      41.866685,
      12.544472
    ],
    [
      41.865965,
      12.544094
    ],
    [
      41.86579,
      12.543472
    ],
    [
      41.86702,
      12.541906
    ],
    [
      41.868741,
      12.541318
    ],
    [
      41.868428,
      12.539472
    ],
    [
      41.866586,
      12.537806
    ],
    [
      41.861586,
      12.538031
    ],
    [
      41.86119,
      12.541077
    ],
    [
      41.860586,
      12.541412
    ],
    [
      41.858586,
      12.54049
    ],
    [
      41.857488,
      12.541472
    ],
    [
      41.85632,
      12.543472
    ],
    [
      41.856586,
      12.545397
    ],
    [
      41.85669,
      12.544576
    ],
    [
      41.857586,
      12.544613
    ],
    [
      41.858363,
      12.545472
    ],
    [
      41.858243,
      12.546129
    ],
    [
      41.85671,
      12.546472
    ],
    [
      41.856573,
      12.547486
    ],
    [
      41.856963,
      12.548096
    ],
    [
      41.857227,
      12.551472
    ],
    [
      41.858039,
      12.553472
    ],
    [
      41.858586,
      12.55436
    ],
    [
      41.859586,
      12.554858
    ],
    [
      41.861586,
      12.555198
    ],
    [
      41.866497,
      12.553383
    ],
    [
      41.867214,
      12.5511
    ],
    [
      41.868063,
      12.550472
    ],
    [
      41.868168,
      12.549472
    ],
    [
      41.868945,
      12.548472
    ]
  ],
  "distance1600": [
    [
      41.874646,
      12.545472
    ],
    [
      41.8728,
      12.544258
    ],
    [
      41.872586,
      12.542588
    ],
    [
      41.872469,
      12.543355
    ],
    [
      41.871666,
      12.543472
    ],
    [
      41.871315,
      12.544201
    ],
    [
      41.868586,
      12.545991
    ],
    [
      41.867293,
      12.545766
    ],
    [
      41.866964,
      12.544094
    ],
    [
      41.866193,
      12.543472
    ],
    [
      41.868021,
      12.542907
    ],
    [
      41.869586,
      12.541244
    ],
    [
      41.872168,
      12.541054
    ],
    [
      41.873164,
      12.53905
    ],
    [
      41.874155,
      12.538472
    ],
    [
      41.872476,
      12.538362
    ],
    [
      41.872254,
      12.53914
    ],
    [
      41.871059,
      12.538999
    ],
    [
      41.870942,
      12.537828
    ],
    [
      41.871683,
      12.537569
    ],
    [
      41.871669,
      12.536555
    ],
    [
      41.872253,
      12.535472
    ],
    [
      41.872206,
      12.534472
    ],
    [
      41.8716,
      12.533459
    ],
    [
      41.868883,
      12.532176
    ],
    [
      41.866586,
      12.532664
    ],
    [
      41.864586,
      12.532335
    ],
    [
      41.864001,
      12.533472
    ],
    [
      41.864054,
      12.534472
    ],
    [
      41.864397,
      12.534661
    ],
    [
      41.864294,
      12.536472
    ],
    [
      41.863586,
      12.537126
    ],
    [
      41.86232,
      12.537206
    ],
    [
      41.861586,
      12.538079
    ],
    [
      41.861131,
      12.537928
    ],
    [
      41.860957,
      12.536843
    ],
    [
      41.862291,
      12.533472
    ],
    [
      41.861586,
      12.532899
    ],
    [
      41.860145,
      12.533031
    ],
    [
      41.8597,
      12.533472
    ],
    [
      41.859586,
      12.536112
    ],
    [
      41.858586,
      12.536687
    ],
    [
      41.857544,
      12.536431
    ],
    [
      41.857346,
      12.537232
    ],
    [
      41.855647,
      12.537412
    ],
    [
      41.855586,
      12.537044
    ],
    [
      41.855347,
      12.539472
    ],
    [
      41.854411,
      12.540472
    ],
    [
      41.85448,
      12.542366
    ],
    [
      41.853536,
      12.542472
    ],
    [
      41.853269,
      12.545155
    ],
    [
      41.852493,
      12.546472
    ],
    [
      41.853699,
      12.546585
    ],
    [
      41.85401,
      12.545896
    ],
    [
      41.854586,
      12.545765
    ],
    [
      41.855281,
      12.546472
    ],
    [
      41.85448,
      12.547366
    ],
    [
      41.85515,
      12.547909
    ],
    [
      41.855084,
      12.54897
    ],
    [
      41.853806,
      12.549253
    ],
    [
      41.853586,
      12.548504
    ],
    [
      41.853411,
      12.549298
    ],
    [
      41.852695,
      12.549472
    ],
    [
      41.852973,
      12.551472
    ],
    [
      41.853703,
      12.552356
    ],
    [
      41.853666,
      12.555393
    ],
    [
      41.854179,
      12.557472
    ],
    [
      41.855229,
      12.55983
    ],
    [
      41.857586,
      12.561
    ],
    [
      41.861586,
      12.5607
    ],
    [
      41.863586,
      12.56009
    ],
    [
      41.863709,
      12.559595
    ],
    [
      41.865586,
      12.558679
    ],
    [
      41.867047,
      12.558933
    ],
    [
      41.867506,
      12.558392
    ],
    [
      41.867473,
      12.55736
    ],
    [
      41.868787,
      12.557472
    ],
    [
      41.869128,
      12.551014
    ],
    [
      41.871586,
      12.550607
    ],
    [
      41.871802,
      12.549688
    ],
    [
      41.872991,
      12.549472
    ],
    [
      41.872665,
      12.549394
    ],
    [
      41.872844,
      12.54773
    ],
    [
      41.874013,
      12.547472
    ],
    [
      41.874646,
      12.545472
    ]
  ]
}