{
  "distance500": [
    [
      41.916885,
      12.538015
    ],
    [
      41.916887,
      12.537015
    ],
    [
      41.91624,
      12.536691
    ],
    [
      41.916021,
      12.537472
    ],
    [
      41.914565,
      12.537762
    ],
    [
      41.913858,
      12.539309
    ],
    [
      41.912739,
      12.540015
    ],
    [
      41.913862,
      12.540719
    ],
    [
      41.914565,
      12.542103
    ],
    [
      41.915565,
      12.541352
    ],
    [
      41.915839,
      12.539015
    ],
    [
      41.916885,
      12.538015
    ]
  ],
  "distance1000": [
    [
      41.91874,
      12.543015
    ],
    [
      41.918095,
      12.542486
    ],
    [
      41.917751,
      12.54083
    ],
    [
      41.916124,
      12.540456
    ],
    [
      41.916054,
      12.537527
    ],
    [
      41.915156,
      12.537425
    ],
    [
      41.914937,
      12.536644
    ],
    [
      41.913565,
      12.537807
    ],
    [
      41.913017,
      12.537563
    ],
    [
      41.912565,
      12.53467
    ],
    [
      41.909221,
      12.537015
    ],
    [
      41.909015,
      12.539015
    ],
    [
      41.908395,
      12.540015
    ],
    [
      41.910223,
      12.540358
    ],
    [
      41.910364,
      12.541814
    ],
    [
      41.909565,
      12.542015
    ],
    [
      41.910954,
      12.544015
    ],
    [
      41.910681,
      12.545015
    ],
    [
      41.911565,
      12.54552
    ],
    [
      41.912585,
      12.544996
    ],
    [
      41.9132,
      12.54638
    ],
    [
      41.915565,
      12.54737
    ],
    [
      41.916565,
      12.547242
    ],
    [
      41.91874,
      12.543015
    ]
  ],
  "distance1600": [
    [
      41.922606,
      12.548015
    ],
    [
      41.923294,
      12.547015
    ],
    [
      41.922192,
      12.546015
    ],
    [
      41.922652,
      12.543929
    ],
    [
      41.921565,
      12.543376
    ],
    [
      41.919497,
      12.541084
    ],
    [
      41.919565,
      12.539742
    ],
    [
      41.920565,
      12.540613
    ],
    [
      41.921295,
      12.540015
    ],
    [
      41.921383,
      12.537198
    ],
    [
      41.920513,
      12.536015
    ],
    [
      41.920387,
      12.535015
    ],
    [
      41.919565,
      12.534166
    ],
    [
      41.919188,
      12.536638
    ],
    [
      41.918347,
      12.537015
    ],
    [
      41.918256,
      12.539015
    ],
    [
      41.916565,
      12.540564
    ],
    [
      41.916144,
      12.540015
    ],
    [
      41.916162,
      12.539015
    ],
    [
      41.916973,
      12.538423
    ],
    [
      41.917177,
      12.537015
    ],
    [
      41.916179,
      12.536402
    ],
    [
      41.916179,
      12.535629
    ],
    [
      41.916973,
      12.535423
    ],
    [
      41.917169,
      12.534015
    ],
    [
      41.916156,
      12.533015
    ],
    [
      41.91639,
      12.532191
    ],
    [
      41.914565,
      12.531561
    ],
    [
      41.911286,
      12.532736
    ],
    [
      41.90959,
      12.532015
    ],
    [
      41.909582,
      12.531015
    ],
    [
      41.908565,
      12.530526
    ],
    [
      41.907421,
      12.531871
    ],
    [
      41.907155,
      12.534605
    ],
    [
      41.90562,
      12.534961
    ],
    [
      41.905565,
      12.534563
    ],
    [
      41.905445,
      12.535135
    ],
    [
      41.905755,
      12.536015
    ],
    [
      41.90539,
      12.53684
    ],
    [
      41.905375,
      12.539015
    ],
    [
      41.905197,
      12.539647
    ],
    [
      41.904362,
      12.540015
    ],
    [
      41.90493,
      12.542015
    ],
    [
      41.904163,
      12.543015
    ],
    [
      41.906054,
      12.545015
    ],
    [
      41.905744,
      12.546015
    ],
    [
      41.906596,
      12.546985
    ],
    [
      41.906791,
      12.548015
    ],
    [
      41.907989,
      12.548591
    ],
    [
      41.908565,
      12.549805
    ],
    [
      41.910565,
      12.550379
    ],
    [
      41.911565,
      12.55015
    ],
    [
      41.912637,
      12.551087
    ],
    [
      41.912746,
      12.549015
    ],
    [
      41.913057,
      12.548507
    ],
    [
      41.914031,
      12.548549
    ],
    [
      41.914233,
      12.550683
    ],
    [
      41.913149,
      12.551599
    ],
    [
      41.912763,
      12.553015
    ],
    [
      41.914636,
      12.553086
    ],
    [
      41.915565,
      12.551644
    ],
    [
      41.917239,
      12.552342
    ],
    [
      41.918621,
      12.552015
    ],
    [
      41.918989,
      12.550015
    ],
    [
      41.917954,
      12.549627
    ],
    [
      41.918068,
      12.548518
    ],
    [
      41.919265,
      12.548316
    ],
    [
      41.919565,
      12.549229
    ],
    [
      41.920565,
      12.548654
    ],
    [
      41.921565,
      12.548866
    ],
    [
      41.922606,
      12.548015
    ]
  ]
}