{
  "distance500": [
    [
      41.91518,
      12.53136
    ],
    [
      41.914943,
      12.53036
    ],
    [
      41.91411,
      12.530313
    ],
    [
      41.913783,
      12.530987
    ],
    [
      41.91294,
      12.531143
    ],
    [
      41.911679,
      12.530838
    ],
    [
      41.911455,
      12.528658
    ],
    [
      41.913008,
      12.52836
    ],
    [
      41.911157,
      12.526462
    ],
    [
      41.909157,
      12.526836
    ],
    [
      41.908064,
      12.528268
    ],
    [
      41.908727,
      12.52979
    ],
    [
      41.908586,
      12.530789
    ],
    [
      41.907992,
      12.53136
    ],
    [
      41.908157,
      12.533348
    ],
    [
      41.908376,
      12.531579
    ],
    [
      41.909762,
      12.531756
    ],
    [
      41.909875,
      12.533078
    ],
    [
      41.908171,
      12.53336
    ],
    [
      41.909909,
      12.534608
    ],
    [
      41.911157,
      12.533688
    ],
    [
      41.913264,
      12.533467
    ],
    [
      41.913802,
      12.532006
    ],
    [
      41.91518,
      12.53136
    ]
  ],
  "distance1000": [
    [
      41.919371,
      12.53136
    ],
    [
      41.918056,
      12.53126
    ],
    [
      41.917899,
      12.532103
    ],
    [
      41.915689,
      12.531828
    ],
    [
      41.915703,
      12.530906
    ],
    [
      41.917309,
      12.530512
    ],
    [
      41.917361,
      12.52936
    ],
    [
      41.915645,
      12.528872
    ],
    [
      41.915521,
      12.527724
    ],
    [
      41.917544,
      12.52736
    ],
    [
      41.915157,
      12.524942
    ],
    [
      41.913435,
      12.52136
    ],
    [
      41.912157,
      12.521564
    ],
    [
      41.911157,
      12.522564
    ],
    [
      41.910157,
      12.521709
    ],
    [
      41.908157,
      12.521743
    ],
    [
      41.906336,
      12.52336
    ],
    [
      41.906831,
      12.523686
    ],
    [
      41.90732,
      12.525197
    ],
    [
      41.907594,
      12.52736
    ],
    [
      41.907535,
      12.529739
    ],
    [
      41.906851,
      12.53236
    ],
    [
      41.907824,
      12.53336
    ],
    [
      41.907157,
      12.534126
    ],
    [
      41.905128,
      12.53436
    ],
    [
      41.904708,
      12.53536
    ],
    [
      41.905514,
      12.53736
    ],
    [
      41.907157,
      12.537945
    ],
    [
      41.9081,
      12.539417
    ],
    [
      41.908637,
      12.53936
    ],
    [
      41.912157,
      12.53736
    ],
    [
      41.912745,
      12.53636
    ],
    [
      41.912247,
      12.53436
    ],
    [
      41.913157,
      12.534198
    ],
    [
      41.915157,
      12.532641
    ],
    [
      41.916157,
      12.533587
    ],
    [
      41.917157,
      12.532559
    ],
    [
      41.918652,
      12.53236
    ],
    [
      41.919371,
      12.53136
    ]
  ],
  "distance1600": [
    [
      41.923886,
      12.53136
    ],
    [
      41.922987,
      12.53053
    ],
    [
      41.923593,
      12.52936
    ],
    [
      41.922424,
      12.52736
    ],
    [
      41.922893,
      12.52636
    ],
    [
      41.920157,
      12.52392
    ],
    [
      41.919739,
      12.52236
    ],
    [
      41.918261,
      12.520256
    ],
    [
      41.915902,
      12.519615
    ],
    [
      41.915771,
      12.51836
    ],
    [
      41.916327,
      12.51736
    ],
    [
      41.915196,
      12.515322
    ],
    [
      41.913022,
      12.51536
    ],
    [
      41.912157,
      12.51592
    ],
    [
      41.906157,
      12.516065
    ],
    [
      41.905276,
      12.51836
    ],
    [
      41.906803,
      12.518715
    ],
    [
      41.906625,
      12.520828
    ],
    [
      41.904629,
      12.520888
    ],
    [
      41.904157,
      12.51848
    ],
    [
      41.9019,
      12.51936
    ],
    [
      41.90222,
      12.52036
    ],
    [
      41.904229,
      12.522288
    ],
    [
      41.904402,
      12.523115
    ],
    [
      41.905222,
      12.523425
    ],
    [
      41.904199,
      12.52536
    ],
    [
      41.904494,
      12.52736
    ],
    [
      41.903524,
      12.52836
    ],
    [
      41.902481,
      12.531685
    ],
    [
      41.899628,
      12.53436
    ],
    [
      41.89946,
      12.53736
    ],
    [
      41.901713,
      12.539804
    ],
    [
      41.902157,
      12.541384
    ],
    [
      41.903157,
      12.541134
    ],
    [
      41.903486,
      12.53969
    ],
    [
      41.904157,
      12.539591
    ],
    [
      41.905682,
      12.540835
    ],
    [
      41.906037,
      12.54324
    ],
    [
      41.90521,
      12.54336
    ],
    [
      41.906908,
      12.543609
    ],
    [
      41.907163,
      12.545354
    ],
    [
      41.909157,
      12.546473
    ],
    [
      41.911157,
      12.543268
    ],
    [
      41.912157,
      12.542848
    ],
    [
      41.913157,
      12.543341
    ],
    [
      41.915157,
      12.540551
    ],
    [
      41.913485,
      12.53736
    ],
    [
      41.913481,
      12.53436
    ],
    [
      41.91379,
      12.533994
    ],
    [
      41.915157,
      12.532858
    ],
    [
      41.916157,
      12.533832
    ],
    [
      41.917157,
      12.532819
    ],
    [
      41.919626,
      12.532891
    ],
    [
      41.919713,
      12.533917
    ],
    [
      41.918982,
      12.53436
    ],
    [
      41.919157,
      12.537353
    ],
    [
      41.919481,
      12.53636
    ],
    [
      41.920415,
      12.535618
    ],
    [
      41.921,
      12.532203
    ],
    [
      41.922157,
      12.53244
    ],
    [
      41.923886,
      12.53136
    ]
  ]
}