{
  "distance500": [
    [
      41.88367,
      12.525258
    ],
    [
      41.883989,
      12.524258
    ],
    [
      41.883381,
      12.522258
    ],
    [
      41.883664,
      12.520576
    ],
    [
      41.882637,
      12.520285
    ],
    [
      41.881664,
      12.51851
    ],
    [
      41.877664,
      12.518324
    ],
    [
      41.876887,
      12.520258
    ],
    [
      41.876839,
      12.521432
    ],
    [
      41.876003,
      12.522258
    ],
    [
      41.876015,
      12.525258
    ],
    [
      41.876664,
      12.526583
    ],
    [
      41.879664,
      12.526685
    ],
    [
      41.880449,
      12.526258
    ],
    [
      41.879761,
      12.526161
    ],
    [
      41.879732,
      12.52519
    ],
    [
      41.879005,
      12.524917
    ],
    [
      41.878953,
      12.524258
    ],
    [
      41.879664,
      12.523591
    ],
    [
      41.881184,
      12.523738
    ],
    [
      41.881664,
      12.52573
    ],
    [
      41.882664,
      12.526139
    ],
    [
      41.88367,
      12.525258
    ]
  ],
  "distance1000": [
    [
      41.88792,
      12.522258
    ],
    [
      41.888147,
      12.521258
    ],
    [
      41.887669,
      12.520253
    ],
    [
      41.883858,
      12.514064
    ],
    [
      41.882664,
      12.513053
    ],
    [
      41.880664,
      12.513462
    ],
    [
      41.878664,
      12.512829
    ],
    [
      41.878486,
      12.514079
    ],
    [
      41.875664,
      12.514922
    ],
    [
      41.873664,
      12.518397
    ],
    [
      41.873602,
      12.520258
    ],
    [
      41.873023,
      12.521258
    ],
    [
      41.872559,
      12.524152
    ],
    [
      41.872875,
      12.529047
    ],
    [
      41.874664,
      12.529596
    ],
    [
      41.875664,
      12.531133
    ],
    [
      41.877664,
      12.531854
    ],
    [
      41.878664,
      12.530879
    ],
    [
      41.879664,
      12.531451
    ],
    [
      41.882489,
      12.531258
    ],
    [
      41.88245,
      12.530258
    ],
    [
      41.881891,
      12.530031
    ],
    [
      41.882184,
      12.526777
    ],
    [
      41.886239,
      12.526258
    ],
    [
      41.88792,
      12.522258
    ]
  ],
  "distance1600": [
    [
      41.891702,
      12.526258
    ],
    [
      41.891183,
      12.522258
    ],
    [
      41.891664,
      12.520821
    ],
    [
      41.890664,
      12.520387
    ],
    [
      41.890281,
      12.521874
    ],
    [
      41.889664,
      12.521977
    ],
    [
      41.889009,
      12.521258
    ],
    [
      41.891135,
      12.519728
    ],
    [
      41.891035,
      12.516258
    ],
    [
      41.890664,
      12.515831
    ],
    [
      41.888918,
      12.517511
    ],
    [
      41.888369,
      12.517258
    ],
    [
      41.888664,
      12.515887
    ],
    [
      41.889384,
      12.515258
    ],
    [
      41.889338,
      12.514258
    ],
    [
      41.888664,
      12.512721
    ],
    [
      41.886541,
      12.511381
    ],
    [
      41.886483,
      12.510077
    ],
    [
      41.886988,
      12.509258
    ],
    [
      41.886664,
      12.508204
    ],
    [
      41.883031,
      12.507891
    ],
    [
      41.879664,
      12.506321
    ],
    [
      41.877451,
      12.508258
    ],
    [
      41.877418,
      12.509258
    ],
    [
      41.875664,
      12.509459
    ],
    [
      41.875421,
      12.511014
    ],
    [
      41.874664,
      12.511049
    ],
    [
      41.874019,
      12.510903
    ],
    [
      41.873786,
      12.509379
    ],
    [
      41.87525,
      12.509258
    ],
    [
      41.874664,
      12.508584
    ],
    [
      41.873664,
      12.508624
    ],
    [
      41.872276,
      12.510258
    ],
    [
      41.872666,
      12.511259
    ],
    [
      41.87185,
      12.512258
    ],
    [
      41.871026,
      12.514619
    ],
    [
      41.869226,
      12.516258
    ],
    [
      41.869122,
      12.519258
    ],
    [
      41.869922,
      12.522258
    ],
    [
      41.868882,
      12.523258
    ],
    [
      41.869193,
      12.526258
    ],
    [
      41.868527,
      12.531258
    ],
    [
      41.869796,
      12.532126
    ],
    [
      41.871153,
      12.534769
    ],
    [
      41.871664,
      12.535065
    ],
    [
      41.873664,
      12.535099
    ],
    [
      41.874694,
      12.536228
    ],
    [
      41.876137,
      12.535785
    ],
    [
      41.876664,
      12.536304
    ],
    [
      41.87884,
      12.536433
    ],
    [
      41.879214,
      12.535807
    ],
    [
      41.880695,
      12.535288
    ],
    [
      41.881475,
      12.534068
    ],
    [
      41.883664,
      12.534039
    ],
    [
      41.885297,
      12.53289
    ],
    [
      41.885709,
      12.529258
    ],
    [
      41.886664,
      12.527387
    ],
    [
      41.889664,
      12.526711
    ],
    [
      41.890674,
      12.527267
    ],
    [
      41.891702,
      12.526258
    ]
  ]
}