{
  "distance500": [
    [
      41.876446,
      12.487268
    ],
    [
      41.876138,
      12.485268
    ],
    [
      41.876605,
      12.483268
    ],
    [
      41.876371,
      12.481829
    ],
    [
      41.875378,
      12.480268
    ],
    [
      41.873932,
      12.479292
    ],
    [
      41.872932,
      12.4789
    ],
    [
      41.87211,
      12.479447
    ],
    [
      41.871743,
      12.480268
    ],
    [
      41.871932,
      12.482916
    ],
    [
      41.870076,
      12.484412
    ],
    [
      41.870575,
      12.487625
    ],
    [
      41.870932,
      12.488223
    ],
    [
      41.871328,
      12.487268
    ],
    [
      41.871073,
      12.486268
    ],
    [
      41.871309,
      12.485646
    ],
    [
      41.871932,
      12.485494
    ],
    [
      41.872881,
      12.486268
    ],
    [
      41.872932,
      12.488411
    ],
    [
      41.875932,
      12.487888
    ],
    [
      41.876446,
      12.487268
    ]
  ],
  "distance1000": [
    [
      41.88028,
      12.483268
    ],
    [
      41.880011,
      12.481189
    ],
    [
      41.879023,
      12.480268
    ],
    [
      41.879567,
      12.479268
    ],
    [
      41.879403,
      12.478268
    ],
    [
      41.8786,
      12.477936
    ],
    [
      41.876681,
      12.478519
    ],
    [
      41.87654,
      12.477877
    ],
    [
      41.877491,
      12.476268
    ],
    [
      41.877248,
      12.475952
    ],
    [
      41.875113,
      12.476087
    ],
    [
      41.874899,
      12.474302
    ],
    [
      41.871932,
      12.473548
    ],
    [
      41.870334,
      12.475268
    ],
    [
      41.869956,
      12.477293
    ],
    [
      41.868932,
      12.477732
    ],
    [
      41.868688,
      12.479024
    ],
    [
      41.867345,
      12.479268
    ],
    [
      41.868028,
      12.480268
    ],
    [
      41.869531,
      12.48067
    ],
    [
      41.869849,
      12.483268
    ],
    [
      41.868932,
      12.483995
    ],
    [
      41.868315,
      12.483886
    ],
    [
      41.867889,
      12.482312
    ],
    [
      41.866165,
      12.483268
    ],
    [
      41.865819,
      12.484268
    ],
    [
      41.867847,
      12.488268
    ],
    [
      41.868189,
      12.490268
    ],
    [
      41.868932,
      12.490899
    ],
    [
      41.871238,
      12.490963
    ],
    [
      41.871932,
      12.493624
    ],
    [
      41.872932,
      12.491964
    ],
    [
      41.874904,
      12.492296
    ],
    [
      41.875164,
      12.4915
    ],
    [
      41.87629,
      12.491268
    ],
    [
      41.87677,
      12.490106
    ],
    [
      41.878944,
      12.490281
    ],
    [
      41.879489,
      12.489825
    ],
    [
      41.879639,
      12.489268
    ],
    [
      41.879098,
      12.489102
    ],
    [
      41.879022,
      12.488268
    ],
    [
      41.879112,
      12.487449
    ],
    [
      41.879772,
      12.487268
    ],
    [
      41.879727,
      12.486474
    ],
    [
      41.879091,
      12.485268
    ],
    [
      41.88028,
      12.483268
    ]
  ],
  "distance1600": [
    [
      41.883996,
      12.491268
    ],
    [
      41.884633,
      12.490268
    ],
    [
      41.884269,
      12.489268
    ],
    [
      41.884224,
      12.486268
    ],
    [
      41.884795,
      12.485268
    ],
    [
      41.883287,
      12.484913
    ],
    [
      41.883136,
      12.484268
    ],
    [
      41.883291,
      12.483627
    ],
    [
      41.884352,
      12.483268
    ],
    [
      41.883877,
      12.481268
    ],
    [
      41.884271,
      12.476608
    ],
    [
      41.883932,
      12.474512
    ],
    [
      41.883768,
      12.475104
    ],
    [
      41.882433,
      12.474767
    ],
    [
      41.881057,
      12.472268
    ],
    [
      41.879932,
      12.471526
    ],
    [
      41.878057,
      12.471144
    ],
    [
      41.877932,
      12.470678
    ],
    [
      41.876221,
      12.471268
    ],
    [
      41.87637,
      12.473268
    ],
    [
      41.875932,
      12.473613
    ],
    [
      41.873932,
      12.471689
    ],
    [
      41.872932,
      12.472684
    ],
    [
      41.871932,
      12.47173
    ],
    [
      41.870932,
      12.472644
    ],
    [
      41.867932,
      12.472595
    ],
    [
      41.867023,
      12.476359
    ],
    [
      41.864437,
      12.477774
    ],
    [
      41.862079,
      12.478268
    ],
    [
      41.862932,
      12.480037
    ],
    [
      41.86383,
      12.480268
    ],
    [
      41.861804,
      12.481141
    ],
    [
      41.860932,
      12.482773
    ],
    [
      41.860932,
      12.484299
    ],
    [
      41.86163,
      12.486268
    ],
    [
      41.862932,
      12.489547
    ],
    [
      41.863932,
      12.490284
    ],
    [
      41.864326,
      12.491874
    ],
    [
      41.865375,
      12.492825
    ],
    [
      41.866932,
      12.495665
    ],
    [
      41.867742,
      12.496458
    ],
    [
      41.870172,
      12.497028
    ],
    [
      41.870932,
      12.501002
    ],
    [
      41.871493,
      12.499829
    ],
    [
      41.872932,
      12.498897
    ],
    [
      41.87316,
      12.497496
    ],
    [
      41.874698,
      12.497268
    ],
    [
      41.876549,
      12.494885
    ],
    [
      41.878965,
      12.495268
    ],
    [
      41.878421,
      12.494268
    ],
    [
      41.877262,
      12.493939
    ],
    [
      41.877438,
      12.492774
    ],
    [
      41.879409,
      12.492268
    ],
    [
      41.880362,
      12.493268
    ],
    [
      41.87961,
      12.494591
    ],
    [
      41.880932,
      12.495026
    ],
    [
      41.882003,
      12.49434
    ],
    [
      41.882586,
      12.491922
    ],
    [
      41.883996,
      12.491268
    ]
  ]
}