{
  "distance500": [
    [
      41.909874,
      12.478401
    ],
    [
      41.910252,
      12.477401
    ],
    [
      41.909497,
      12.476658
    ],
    [
      41.907497,
      12.476658
    ],
    [
      41.907211,
      12.476401
    ],
    [
      41.907366,
      12.475401
    ],
    [
      41.905728,
      12.475401
    ],
    [
      41.905703,
      12.476608
    ],
    [
      41.904005,
      12.47791
    ],
    [
      41.903072,
      12.479401
    ],
    [
      41.902536,
      12.481401
    ],
    [
      41.902835,
      12.483401
    ],
    [
      41.903497,
      12.484351
    ],
    [
      41.90544,
      12.485457
    ],
    [
      41.905938,
      12.484843
    ],
    [
      41.907497,
      12.48463
    ],
    [
      41.90746,
      12.484365
    ],
    [
      41.90665,
      12.484248
    ],
    [
      41.906704,
      12.483401
    ],
    [
      41.907497,
      12.48262
    ],
    [
      41.908662,
      12.482567
    ],
    [
      41.908746,
      12.48065
    ],
    [
      41.909458,
      12.480401
    ],
    [
      41.909358,
      12.479262
    ],
    [
      41.909874,
      12.478401
    ]
  ],
  "distance1000": [
    [
      41.913554,
      12.475401
    ],
    [
      41.911885,
      12.473401
    ],
    [
      41.911753,
      12.472401
    ],
    [
      41.909497,
      12.471327
    ],
    [
      41.909103,
      12.472401
    ],
    [
      41.907965,
      12.47287
    ],
    [
      41.906497,
      12.475037
    ],
    [
      41.905717,
      12.474401
    ],
    [
      41.905838,
      12.473743
    ],
    [
      41.907355,
      12.473401
    ],
    [
      41.905497,
      12.470883
    ],
    [
      41.902459,
      12.472363
    ],
    [
      41.900731,
      12.476401
    ],
    [
      41.900704,
      12.477608
    ],
    [
      41.899727,
      12.478401
    ],
    [
      41.898959,
      12.480401
    ],
    [
      41.899337,
      12.484401
    ],
    [
      41.899753,
      12.485401
    ],
    [
      41.901218,
      12.48568
    ],
    [
      41.901357,
      12.486401
    ],
    [
      41.901276,
      12.487181
    ],
    [
      41.900464,
      12.487401
    ],
    [
      41.900497,
      12.488394
    ],
    [
      41.900522,
      12.487427
    ],
    [
      41.902226,
      12.487672
    ],
    [
      41.902497,
      12.489395
    ],
    [
      41.904497,
      12.489512
    ],
    [
      41.905497,
      12.488994
    ],
    [
      41.906497,
      12.489977
    ],
    [
      41.907226,
      12.489131
    ],
    [
      41.907497,
      12.487983
    ],
    [
      41.908497,
      12.487907
    ],
    [
      41.909497,
      12.489082
    ],
    [
      41.910497,
      12.488953
    ],
    [
      41.911175,
      12.486401
    ],
    [
      41.910246,
      12.485401
    ],
    [
      41.911032,
      12.482936
    ],
    [
      41.911984,
      12.482401
    ],
    [
      41.912497,
      12.481223
    ],
    [
      41.912815,
      12.479401
    ],
    [
      41.912536,
      12.478401
    ],
    [
      41.913554,
      12.475401
    ]
  ],
  "distance1600": [
    [
      41.918722,
      12.473401
    ],
    [
      41.917461,
      12.472401
    ],
    [
      41.917054,
      12.471401
    ],
    [
      41.915237,
      12.470661
    ],
    [
      41.915289,
      12.469401
    ],
    [
      41.914497,
      12.468613
    ],
    [
      41.913535,
      12.468363
    ],
    [
      41.912497,
      12.467043
    ],
    [
      41.908497,
      12.464732
    ],
    [
      41.906497,
      12.465282
    ],
    [
      41.905497,
      12.464738
    ],
    [
      41.903497,
      12.466196
    ],
    [
      41.902497,
      12.464707
    ],
    [
      41.901497,
      12.466377
    ],
    [
      41.900386,
      12.46729
    ],
    [
      41.89983,
      12.469401
    ],
    [
      41.898497,
      12.470307
    ],
    [
      41.895856,
      12.476401
    ],
    [
      41.896021,
      12.477401
    ],
    [
      41.895423,
      12.478327
    ],
    [
      41.895323,
      12.479401
    ],
    [
      41.894424,
      12.480328
    ],
    [
      41.894106,
      12.481401
    ],
    [
      41.894021,
      12.482401
    ],
    [
      41.894698,
      12.483401
    ],
    [
      41.895295,
      12.486602
    ],
    [
      41.896525,
      12.487401
    ],
    [
      41.896708,
      12.489401
    ],
    [
      41.895948,
      12.490401
    ],
    [
      41.896575,
      12.491401
    ],
    [
      41.896497,
      12.492792
    ],
    [
      41.898887,
      12.493011
    ],
    [
      41.899497,
      12.495357
    ],
    [
      41.902497,
      12.495134
    ],
    [
      41.906497,
      12.495775
    ],
    [
      41.908497,
      12.494239
    ],
    [
      41.910547,
      12.495451
    ],
    [
      41.911497,
      12.495039
    ],
    [
      41.912469,
      12.493373
    ],
    [
      41.913497,
      12.493664
    ],
    [
      41.914497,
      12.493106
    ],
    [
      41.914919,
      12.492401
    ],
    [
      41.914987,
      12.490401
    ],
    [
      41.91445,
      12.489401
    ],
    [
      41.915155,
      12.487401
    ],
    [
      41.914885,
      12.483401
    ],
    [
      41.91503,
      12.482401
    ],
    [
      41.915697,
      12.481602
    ],
    [
      41.915738,
      12.480401
    ],
    [
      41.915596,
      12.479302
    ],
    [
      41.914497,
      12.479206
    ],
    [
      41.913828,
      12.478401
    ],
    [
      41.915738,
      12.476401
    ],
    [
      41.915014,
      12.475883
    ],
    [
      41.915036,
      12.47494
    ],
    [
      41.91606,
      12.474838
    ],
    [
      41.916324,
      12.475574
    ],
    [
      41.917633,
      12.475401
    ],
    [
      41.918722,
      12.473401
    ]
  ]
}