{
  "distance500": [
    [
      42.293455,
      12.569674
    ],
    [
      42.293578,
      12.568849
    ],
    [
      42.294249,
      12.568674
    ],
    [
      42.293148,
      12.567928
    ],
    [
      42.292402,
      12.565055
    ],
    [
      42.291402,
      12.564425
    ],
    [
      42.291245,
      12.565674
    ],
    [
      42.289902,
      12.566674
    ],
    [
      42.289917,
      12.569188
    ],
    [
      42.287402,
      12.570711
    ],
    [
      42.289402,
      12.57372
    ],
    [
      42.290402,
      12.573316
    ],
    [
      42.290511,
      12.572783
    ],
    [
      42.29255,
      12.572821
    ],
    [
      42.293455,
      12.569674
    ]
  ],
  "distance1000": [
    [
      42.297444,
      12.569674
    ],
    [
      42.297472,
      12.568604
    ],
    [
      42.297373,
      12.568644
    ],
    [
      42.297312,
      12.569583
    ],
    [
      42.295774,
      12.569302
    ],
    [
      42.295801,
      12.568072
    ],
    [
      42.296818,
      12.567674
    ],
    [
      42.296476,
      12.565674
    ],
    [
      42.296301,
      12.565674
    ],
    [
      42.296128,
      12.567399
    ],
    [
      42.294402,
      12.567375
    ],
    [
      42.293642,
      12.566674
    ],
    [
      42.29368,
      12.563674
    ],
    [
      42.292663,
      12.562674
    ],
    [
      42.292805,
      12.562077
    ],
    [
      42.293515,
      12.561674
    ],
    [
      42.293477,
      12.559748
    ],
    [
      42.293774,
      12.559674
    ],
    [
      42.292486,
      12.55859
    ],
    [
      42.29182,
      12.559674
    ],
    [
      42.292275,
      12.559801
    ],
    [
      42.292142,
      12.562674
    ],
    [
      42.290473,
      12.564674
    ],
    [
      42.291027,
      12.565674
    ],
    [
      42.290791,
      12.566062
    ],
    [
      42.289911,
      12.566165
    ],
    [
      42.289402,
      12.565036
    ],
    [
      42.288748,
      12.565019
    ],
    [
      42.288183,
      12.567674
    ],
    [
      42.287402,
      12.568395
    ],
    [
      42.286591,
      12.567674
    ],
    [
      42.286486,
      12.56659
    ],
    [
      42.285577,
      12.5665
    ],
    [
      42.285402,
      12.56531
    ],
    [
      42.285252,
      12.567524
    ],
    [
      42.283921,
      12.567674
    ],
    [
      42.285242,
      12.567834
    ],
    [
      42.285307,
      12.568769
    ],
    [
      42.287068,
      12.570674
    ],
    [
      42.286142,
      12.571674
    ],
    [
      42.287131,
      12.572674
    ],
    [
      42.287228,
      12.574674
    ],
    [
      42.288174,
      12.575674
    ],
    [
      42.288121,
      12.576392
    ],
    [
      42.287358,
      12.576629
    ],
    [
      42.287325,
      12.577596
    ],
    [
      42.287007,
      12.577674
    ],
    [
      42.288175,
      12.577901
    ],
    [
      42.288402,
      12.579801
    ],
    [
      42.288654,
      12.577926
    ],
    [
      42.290221,
      12.577674
    ],
    [
      42.289669,
      12.577407
    ],
    [
      42.289947,
      12.574218
    ],
    [
      42.291402,
      12.573048
    ],
    [
      42.293402,
      12.573981
    ],
    [
      42.293822,
      12.573093
    ],
    [
      42.294537,
      12.572808
    ],
    [
      42.294637,
      12.571674
    ],
    [
      42.295778,
      12.570049
    ],
    [
      42.297444,
      12.569674
    ]
  ],
  "distance1600": [
    [
      42.303111,
      12.568674
    ],
    [
      42.300402,
      12.568436
    ],
    [
      42.299546,
      12.567674
    ],
    [
      42.299732,
      12.567003
    ],
    [
      42.300469,
      12.56674
    ],
    [
      42.300525,
      12.565796
    ],
    [
      42.301223,
      12.565674
    ],
    [
      42.30053,
      12.564546
    ],
    [
      42.300879,
      12.562674
    ],
    [
      42.300402,
      12.562223
    ],
    [
      42.297865,
      12.565136
    ],
    [
      42.296962,
      12.565114
    ],
    [
      42.296402,
      12.563432
    ],
    [
      42.295207,
      12.564478
    ],
    [
      42.295047,
      12.565674
    ],
    [
      42.295813,
      12.566263
    ],
    [
      42.295777,
      12.567048
    ],
    [
      42.294402,
      12.567175
    ],
    [
      42.293881,
      12.566674
    ],
    [
      42.293898,
      12.563674
    ],
    [
      42.29289,
      12.562674
    ],
    [
      42.293823,
      12.561674
    ],
    [
      42.293987,
      12.560258
    ],
    [
      42.296596,
      12.559481
    ],
    [
      42.296402,
      12.557402
    ],
    [
      42.29521,
      12.556866
    ],
    [
      42.295402,
      12.554684
    ],
    [
      42.295231,
      12.555502
    ],
    [
      42.294402,
      12.555502
    ],
    [
      42.293612,
      12.554674
    ],
    [
      42.293713,
      12.553984
    ],
    [
      42.294523,
      12.553794
    ],
    [
      42.294402,
      12.551582
    ],
    [
      42.294246,
      12.552517
    ],
    [
      42.293378,
      12.552674
    ],
    [
      42.292855,
      12.557127
    ],
    [
      42.291402,
      12.558342
    ],
    [
      42.289237,
      12.558508
    ],
    [
      42.289025,
      12.559296
    ],
    [
      42.288261,
      12.559674
    ],
    [
      42.288247,
      12.560518
    ],
    [
      42.287351,
      12.560725
    ],
    [
      42.287402,
      12.561076
    ],
    [
      42.288453,
      12.560724
    ],
    [
      42.288679,
      12.55995
    ],
    [
      42.290402,
      12.55898
    ],
    [
      42.291963,
      12.560674
    ],
    [
      42.291915,
      12.562674
    ],
    [
      42.28982,
      12.565091
    ],
    [
      42.288988,
      12.565088
    ],
    [
      42.288402,
      12.564312
    ],
    [
      42.287721,
      12.564674
    ],
    [
      42.288031,
      12.565674
    ],
    [
      42.287747,
      12.568018
    ],
    [
      42.287052,
      12.568025
    ],
    [
      42.286687,
      12.56639
    ],
    [
      42.286009,
      12.566067
    ],
    [
      42.285633,
      12.564443
    ],
    [
      42.284711,
      12.563674
    ],
    [
      42.285509,
      12.56278
    ],
    [
      42.285666,
      12.561937
    ],
    [
      42.287052,
      12.561674
    ],
    [
      42.285402,
      12.561535
    ],
    [
      42.28505,
      12.562321
    ],
    [
      42.28385,
      12.562226
    ],
    [
      42.28349,
      12.560586
    ],
    [
      42.282574,
      12.560502
    ],
    [
      42.282402,
      12.559237
    ],
    [
      42.282316,
      12.560674
    ],
    [
      42.283134,
      12.560943
    ],
    [
      42.283006,
      12.562277
    ],
    [
      42.281369,
      12.56264
    ],
    [
      42.281352,
      12.563623
    ],
    [
      42.279912,
      12.563674
    ],
    [
      42.279342,
      12.565613
    ],
    [
      42.281015,
      12.566061
    ],
    [
      42.281253,
      12.566823
    ],
    [
      42.282402,
      12.56696
    ],
    [
      42.283402,
      12.568025
    ],
    [
      42.284794,
      12.568282
    ],
    [
      42.286878,
      12.570674
    ],
    [
      42.285915,
      12.571674
    ],
    [
      42.286909,
      12.572674
    ],
    [
      42.28697,
      12.575241
