{
  "distance500": [
    [
      41.893599,
      12.551311
    ],
    [
      41.893488,
      12.550053
    ],
    [
      41.89223,
      12.548287
    ],
    [
      41.890047,
      12.548128
    ],
    [
      41.888879,
      12.54896
    ],
    [
      41.887422,
      12.549119
    ],
    [
      41.88723,
      12.54766
    ],
    [
      41.886454,
      12.549311
    ],
    [
      41.887948,
      12.549593
    ],
    [
      41.888897,
      12.551311
    ],
    [
      41.88882,
      12.552901
    ],
    [
      41.888162,
      12.553243
    ],
    [
      41.888063,
      12.554144
    ],
    [
      41.887269,
      12.554311
    ],
    [
      41.89023,
      12.556276
    ],
    [
      41.89123,
      12.554057
    ],
    [
      41.89223,
      12.553576
    ],
    [
      41.893599,
      12.551311
    ]
  ],
  "distance1000": [
    [
      41.897357,
      12.552311
    ],
    [
      41.897689,
      12.551311
    ],
    [
      41.897446,
      12.549095
    ],
    [
      41.896724,
      12.548311
    ],
    [
      41.89607,
      12.546311
    ],
    [
      41.89523,
      12.545202
    ],
    [
      41.893857,
      12.544684
    ],
    [
      41.89323,
      12.543223
    ],
    [
      41.892874,
      12.543311
    ],
    [
      41.893216,
      12.543325
    ],
    [
      41.89283,
      12.545911
    ],
    [
      41.891512,
      12.546029
    ],
    [
      41.89023,
      12.543556
    ],
    [
      41.88923,
      12.543946
    ],
    [
      41.888462,
      12.545311
    ],
    [
      41.88709,
      12.545451
    ],
    [
      41.88623,
      12.543212
    ],
    [
      41.885817,
      12.543898
    ],
    [
      41.88608,
      12.545311
    ],
    [
      41.885713,
      12.547794
    ],
    [
      41.884581,
      12.54796
    ],
    [
      41.88423,
      12.546361
    ],
    [
      41.88323,
      12.546311
    ],
    [
      41.882876,
      12.546957
    ],
    [
      41.882895,
      12.548311
    ],
    [
      41.883835,
      12.549311
    ],
    [
      41.883336,
      12.551311
    ],
    [
      41.884041,
      12.5515
    ],
    [
      41.884183,
      12.552311
    ],
    [
      41.884142,
      12.553223
    ],
    [
      41.883606,
      12.553311
    ],
    [
      41.883488,
      12.555311
    ],
    [
      41.88423,
      12.555942
    ],
    [
      41.88623,
      12.554594
    ],
    [
      41.88769,
      12.555851
    ],
    [
      41.887729,
      12.55681
    ],
    [
      41.886365,
      12.557176
    ],
    [
      41.88623,
      12.556472
    ],
    [
      41.88569,
      12.557311
    ],
    [
      41.88623,
      12.558463
    ],
    [
      41.886369,
      12.55745
    ],
    [
      41.887781,
      12.55776
    ],
    [
      41.887904,
      12.558985
    ],
    [
      41.886635,
      12.559311
    ],
    [
      41.888087,
      12.561311
    ],
    [
      41.88923,
      12.561044
    ],
    [
      41.89123,
      12.562053
    ],
    [
      41.89464,
      12.556721
    ],
    [
      41.895093,
      12.555174
    ],
    [
      41.89623,
      12.55508
    ],
    [
      41.897357,
      12.552311
    ]
  ],
  "distance1600": [
    [
      41.899749,
      12.558311
    ],
    [
      41.89941,
      12.553311
    ],
    [
      41.898615,
      12.552311
    ],
    [
      41.898536,
      12.546311
    ],
    [
      41.897718,
      12.545311
    ],
    [
      41.897561,
      12.54298
    ],
    [
      41.896591,
      12.542311
    ],
    [
      41.897149,
      12.541311
    ],
    [
      41.896935,
      12.540606
    ],
    [
      41.89623,
      12.540093
    ],
    [
      41.89423,
      12.540588
    ],
    [
      41.892874,
      12.539667
    ],
    [
      41.892771,
      12.538852
    ],
    [
      41.893711,
      12.538311
    ],
    [
      41.89223,
      12.536198
    ],
    [
      41.89123,
      12.537617
    ],
    [
      41.89023,
      12.536851
    ],
    [
      41.889839,
      12.537311
    ],
    [
      41.889576,
      12.538311
    ],
    [
      41.89004,
      12.538501
    ],
    [
      41.890099,
      12.539311
    ],
    [
      41.889901,
      12.539982
    ],
    [
      41.88923,
      12.540201
    ],
    [
      41.888511,
      12.54003
    ],
    [
      41.888417,
      12.538124
    ],
    [
      41.88623,
      12.536603
    ],
    [
      41.88423,
      12.539018
    ],
    [
      41.883224,
      12.539311
    ],
    [
      41.882182,
      12.541311
    ],
    [
      41.88123,
      12.5421
    ],
    [
      41.88023,
      12.541649
    ],
    [
      41.878491,
      12.544311
    ],
    [
      41.87853,
      12.546311
    ],
    [
      41.87889,
      12.546651
    ],
    [
      41.88123,
      12.546597
    ],
    [
      41.881901,
      12.547311
    ],
    [
      41.881798,
      12.548879
    ],
    [
      41.879512,
      12.550311
    ],
    [
      41.878542,
      12.552311
    ],
    [
      41.879104,
      12.552437
    ],
    [
      41.87923,
      12.554177
    ],
    [
      41.880316,
      12.555311
    ],
    [
      41.880075,
      12.557156
    ],
    [
      41.87923,
      12.557311
    ],
    [
      41.883407,
      12.562134
    ],
    [
      41.883472,
      12.563311
    ],
    [
      41.885946,
      12.566595
    ],
    [
      41.88923,
      12.568467
    ],
    [
      41.89023,
      12.567858
    ],
    [
      41.89223,
      12.568626
    ],
    [
      41.892437,
      12.567518
    ],
    [
      41.893216,
      12.567311
    ],
    [
      41.894665,
      12.565311
    ],
    [
      41.89623,
      12.561803
    ],
    [
      41.89723,
      12.561841
    ],
    [
      41.89823,
      12.559497
    ],
    [
      41.899749,
      12.558311
    ]
  ]
}