{
  "distance500": [
    [
      41.905944,
      12.496258
    ],
    [
      41.906239,
      12.495258
    ],
    [
      41.904784,
      12.494994
    ],
    [
      41.904733,
      12.494258
    ],
    [
      41.90491,
      12.493648
    ],
    [
      41.906265,
      12.493258
    ],
    [
      41.906154,
      12.489625
    ],
    [
      41.902521,
      12.488656
    ],
    [
      41.902329,
      12.489067
    ],
    [
      41.900635,
      12.489258
    ],
    [
      41.900521,
      12.490315
    ],
    [
      41.899293,
      12.49103
    ],
    [
      41.898662,
      12.496117
    ],
    [
      41.899521,
      12.497056
    ],
    [
      41.902521,
      12.498377
    ],
    [
      41.902691,
      12.497428
    ],
    [
      41.904521,
      12.497311
    ],
    [
      41.905944,
      12.496258
    ]
  ],
  "distance1000": [
    [
      41.909549,
      12.498258
    ],
    [
      41.909043,
      12.496258
    ],
    [
      41.910289,
      12.493258
    ],
    [
      41.910178,
      12.491258
    ],
    [
      41.909645,
      12.490134
    ],
    [
      41.910075,
      12.488258
    ],
    [
      41.909521,
      12.487435
    ],
    [
      41.90626,
      12.485519
    ],
    [
      41.905521,
      12.483688
    ],
    [
      41.904521,
      12.484071
    ],
    [
      41.902087,
      12.483258
    ],
    [
      41.900521,
      12.48401
    ],
    [
      41.899038,
      12.485776
    ],
    [
      41.896547,
      12.486258
    ],
    [
      41.89594,
      12.487258
    ],
    [
      41.896234,
      12.489258
    ],
    [
      41.895338,
      12.490258
    ],
    [
      41.895191,
      12.491258
    ],
    [
      41.89558,
      12.492199
    ],
    [
      41.895008,
      12.493258
    ],
    [
      41.895445,
      12.495258
    ],
    [
      41.895184,
      12.496595
    ],
    [
      41.895268,
      12.497258
    ],
    [
      41.896437,
      12.498258
    ],
    [
      41.896366,
      12.500413
    ],
    [
      41.897567,
      12.501212
    ],
    [
      41.897789,
      12.50199
    ],
    [
      41.899521,
      12.502734
    ],
    [
      41.903521,
      12.501291
    ],
    [
      41.907242,
      12.501258
    ],
    [
      41.907521,
      12.50021
    ],
    [
      41.907818,
      12.500961
    ],
    [
      41.908521,
      12.500975
    ],
    [
      41.909176,
      12.500258
    ],
    [
      41.908656,
      12.500123
    ],
    [
      41.908745,
      12.498483
    ],
    [
      41.909549,
      12.498258
    ]
  ],
  "distance1600": [
    [
      41.914738,
      12.497258
    ],
    [
      41.913868,
      12.496258
    ],
    [
      41.915264,
      12.494001
    ],
    [
      41.914835,
      12.491258
    ],
    [
      41.913963,
      12.489258
    ],
    [
      41.91453,
      12.488258
    ],
    [
      41.914533,
      12.487258
    ],
    [
      41.913521,
      12.482801
    ],
    [
      41.911521,
      12.482269
    ],
    [
      41.910521,
      12.482869
    ],
    [
      41.909274,
      12.482505
    ],
    [
      41.90988,
      12.481258
    ],
    [
      41.909521,
      12.47941
    ],
    [
      41.908887,
      12.480624
    ],
    [
      41.908053,
      12.480791
    ],
    [
      41.907852,
      12.481589
    ],
    [
      41.907241,
      12.481538
    ],
    [
      41.90716,
      12.480898
    ],
    [
      41.907986,
      12.480723
    ],
    [
      41.907924,
      12.479855
    ],
    [
      41.902521,
      12.476834
    ],
    [
      41.899521,
      12.477189
    ],
    [
      41.897482,
      12.480219
    ],
    [
      41.894521,
      12.480727
    ],
    [
      41.89344,
      12.484258
    ],
    [
      41.893688,
      12.485426
    ],
    [
      41.892264,
      12.487001
    ],
    [
      41.892259,
      12.488258
    ],
    [
      41.890784,
      12.492258
    ],
    [
      41.890968,
      12.493258
    ],
    [
      41.892713,
      12.49545
    ],
    [
      41.892203,
      12.496258
    ],
    [
      41.892281,
      12.498258
    ],
    [
      41.891602,
      12.49934
    ],
    [
      41.891254,
      12.502258
    ],
    [
      41.891997,
      12.502782
    ],
    [
      41.893316,
      12.505463
    ],
    [
      41.894162,
      12.506258
    ],
    [
      41.894521,
      12.50767
    ],
    [
      41.896521,
      12.507482
    ],
    [
      41.896761,
      12.506498
    ],
    [
      41.897521,
      12.506369
    ],
    [
      41.898224,
      12.506555
    ],
    [
      41.898521,
      12.507744
    ],
    [
      41.899521,
      12.507847
    ],
    [
      41.899814,
      12.506551
    ],
    [
      41.900521,
      12.506414
    ],
    [
      41.901322,
      12.506457
    ],
    [
      41.902521,
      12.507506
    ],
    [
      41.90436,
      12.507419
    ],
    [
      41.905521,
      12.506576
    ],
    [
      41.906521,
      12.506599
    ],
    [
      41.90679,
      12.505527
    ],
    [
      41.907521,
      12.505403
    ],
    [
      41.908259,
      12.50552
    ],
    [
      41.908521,
      12.507069
    ],
    [
      41.909521,
      12.50524
    ],
    [
      41.912521,
      12.505609
    ],
    [
      41.91303,
      12.502258
    ],
    [
      41.913555,
      12.501293
    ],
    [
      41.913449,
      12.500258
    ],
    [
      41.914738,
      12.497258
    ]
  ]
}