{
  "distance500": [
    [
      41.904507,
      12.4994
    ],
    [
      41.902724,
      12.4974
    ],
    [
      41.903426,
      12.496621
    ],
    [
      41.904169,
      12.496657
    ],
    [
      41.904426,
      12.497665
    ],
    [
      41.905072,
      12.4974
    ],
    [
      41.90522,
      12.4964
    ],
    [
      41.904426,
      12.493949
    ],
    [
      41.903426,
      12.49403
    ],
    [
      41.901426,
      12.492888
    ],
    [
      41.89838,
      12.493354
    ],
    [
      41.897652,
      12.4954
    ],
    [
      41.897641,
      12.4974
    ],
    [
      41.898718,
      12.502109
    ],
    [
      41.903929,
      12.501903
    ],
    [
      41.904507,
      12.4994
    ]
  ],
  "distance1000": [
    [
      41.908594,
      12.4984
    ],
    [
      41.908105,
      12.4944
    ],
    [
      41.908351,
      12.4924
    ],
    [
      41.907285,
      12.491542
    ],
    [
      41.907157,
      12.48967
    ],
    [
      41.906426,
      12.489121
    ],
    [
      41.902426,
      12.488049
    ],
    [
      41.902223,
      12.489197
    ],
    [
      41.901426,
      12.489282
    ],
    [
      41.9006,
      12.489227
    ],
    [
      41.900426,
      12.488286
    ],
    [
      41.897478,
      12.488452
    ],
    [
      41.895101,
      12.4904
    ],
    [
      41.895116,
      12.49109
    ],
    [
      41.894153,
      12.4924
    ],
    [
      41.894556,
      12.4954
    ],
    [
      41.894091,
      12.4974
    ],
    [
      41.894902,
      12.4984
    ],
    [
      41.894132,
      12.5004
    ],
    [
      41.895044,
      12.5024
    ],
    [
      41.895637,
      12.50619
    ],
    [
      41.896153,
      12.506673
    ],
    [
      41.903426,
      12.506015
    ],
    [
      41.904098,
      12.5054
    ],
    [
      41.904387,
      12.504361
    ],
    [
      41.906426,
      12.504876
    ],
    [
      41.907226,
      12.5042
    ],
    [
      41.907389,
      12.5024
    ],
    [
      41.90783,
      12.500804
    ],
    [
      41.908317,
      12.5004
    ],
    [
      41.908594,
      12.4984
    ]
  ],
  "distance1600": [
    [
      41.913633,
      12.4974
    ],
    [
      41.912146,
      12.4954
    ],
    [
      41.912426,
      12.494163
    ],
    [
      41.913378,
      12.493352
    ],
    [
      41.913393,
      12.4924
    ],
    [
      41.911493,
      12.4914
    ],
    [
      41.911337,
      12.490311
    ],
    [
      41.912012,
      12.4884
    ],
    [
      41.911426,
      12.485753
    ],
    [
      41.910426,
      12.485863
    ],
    [
      41.909426,
      12.485283
    ],
    [
      41.907243,
      12.485584
    ],
    [
      41.905996,
      12.4844
    ],
    [
      41.906817,
      12.4834
    ],
    [
      41.906385,
      12.482442
    ],
    [
      41.905426,
      12.48252
    ],
    [
      41.904426,
      12.484448
    ],
    [
      41.902426,
      12.483174
    ],
    [
      41.901426,
      12.483598
    ],
    [
      41.90016,
      12.483134
    ],
    [
      41.898426,
      12.484087
    ],
    [
      41.895426,
      12.482392
    ],
    [
      41.894728,
      12.4834
    ],
    [
      41.894306,
      12.4854
    ],
    [
      41.892366,
      12.4864
    ],
    [
      41.892049,
      12.4884
    ],
    [
      41.891014,
      12.4904
    ],
    [
      41.890545,
      12.4934
    ],
    [
      41.891926,
      12.4954
    ],
    [
      41.890184,
      12.4974
    ],
    [
      41.88919,
      12.5034
    ],
    [
      41.890444,
      12.5044
    ],
    [
      41.891705,
      12.507122
    ],
    [
      41.892748,
      12.511079
    ],
    [
      41.893426,
      12.512009
    ],
    [
      41.893502,
      12.511476
    ],
    [
      41.894495,
      12.511469
    ],
    [
      41.894728,
      12.510702
    ],
    [
      41.895426,
      12.510553
    ],
    [
      41.896202,
      12.510625
    ],
    [
      41.896426,
      12.511759
    ],
    [
      41.897495,
      12.511469
    ],
    [
      41.899426,
      12.512361
    ],
    [
      41.900426,
      12.511181
    ],
    [
      41.902426,
      12.510805
    ],
    [
      41.904426,
      12.511794
    ],
    [
      41.90474,
      12.510714
    ],
    [
      41.906006,
      12.5094
    ],
    [
      41.904763,
      12.509063
    ],
    [
      41.904905,
      12.507879
    ],
    [
      41.906023,
      12.507804
    ],
    [
      41.906426,
      12.509157
    ],
    [
      41.908426,
      12.508235
    ],
    [
      41.909554,
      12.508528
    ],
    [
      41.910205,
      12.5064
    ],
    [
      41.910042,
      12.505015
    ],
    [
      41.911635,
      12.5044
    ],
    [
      41.912491,
      12.5004
    ],
    [
      41.913633,
      12.4974
    ]
  ]
}