{
  "distance500": [
    [
      41.915675,
      12.52771
    ],
    [
      41.9144,
      12.52671
    ],
    [
      41.913045,
      12.523132
    ],
    [
      41.909045,
      12.524201
    ],
    [
      41.908045,
      12.52591
    ],
    [
      41.907964,
      12.52671
    ],
    [
      41.908765,
      12.52771
    ],
    [
      41.908613,
      12.53071
    ],
    [
      41.907989,
      12.531654
    ],
    [
      41.908045,
      12.532549
    ],
    [
      41.908138,
      12.531803
    ],
    [
      41.910045,
      12.531678
    ],
    [
      41.912045,
      12.532966
    ],
    [
      41.912447,
      12.53271
    ],
    [
      41.912566,
      12.53171
    ],
    [
      41.911351,
      12.531405
    ],
    [
      41.911587,
      12.529252
    ],
    [
      41.913045,
      12.527948
    ],
    [
      41.915675,
      12.52771
    ]
  ],
  "distance1000": [
    [
      41.920084,
      12.52671
    ],
    [
      41.918638,
      12.52571
    ],
    [
      41.918045,
      12.52366
    ],
    [
      41.915569,
      12.51971
    ],
    [
      41.914289,
      12.518466
    ],
    [
      41.913045,
      12.518108
    ],
    [
      41.910045,
      12.519984
    ],
    [
      41.909045,
      12.519038
    ],
    [
      41.908045,
      12.519125
    ],
    [
      41.907839,
      12.520504
    ],
    [
      41.90681,
      12.521475
    ],
    [
      41.904986,
      12.521651
    ],
    [
      41.905037,
      12.52271
    ],
    [
      41.906525,
      12.52471
    ],
    [
      41.907397,
      12.527359
    ],
    [
      41.908127,
      12.527628
    ],
    [
      41.908164,
      12.528591
    ],
    [
      41.907411,
      12.52971
    ],
    [
      41.906994,
      12.53271
    ],
    [
      41.907566,
      12.533189
    ],
    [
      41.907549,
      12.534214
    ],
    [
      41.906245,
      12.534511
    ],
    [
      41.906045,
      12.533919
    ],
    [
      41.905004,
      12.53571
    ],
    [
      41.905942,
      12.535813
    ],
    [
      41.906045,
      12.53705
    ],
    [
      41.907045,
      12.537238
    ],
    [
      41.908045,
      12.538503
    ],
    [
      41.909045,
      12.538506
    ],
    [
      41.911357,
      12.53471
    ],
    [
      41.913877,
      12.532542
    ],
    [
      41.916312,
      12.53271
    ],
    [
      41.916269,
      12.529486
    ],
    [
      41.913045,
      12.530471
    ],
    [
      41.912045,
      12.531339
    ],
    [
      41.91149,
      12.53071
    ],
    [
      41.911704,
      12.529369
    ],
    [
      41.913045,
      12.528158
    ],
    [
      41.917045,
      12.528505
    ],
    [
      41.91817,
      12.527835
    ],
    [
      41.918394,
      12.527059
    ],
    [
      41.920084,
      12.52671
    ]
  ],
  "distance1600": [
    [
      41.925273,
      12.52771
    ],
    [
      41.925216,
      12.526539
    ],
    [
      41.924203,
      12.525552
    ],
    [
      41.924045,
      12.523245
    ],
    [
      41.922045,
      12.522776
    ],
    [
      41.921045,
      12.52059
    ],
    [
      41.919045,
      12.518216
    ],
    [
      41.918958,
      12.518624
    ],
    [
      41.917277,
      12.518478
    ],
    [
      41.917328,
      12.516993
    ],
    [
      41.918216,
      12.51671
    ],
    [
      41.918358,
      12.51571
    ],
    [
      41.917489,
      12.51471
    ],
    [
      41.917254,
      12.513501
    ],
    [
      41.916045,
      12.512249
    ],
    [
      41.914852,
      12.512517
    ],
    [
      41.914647,
      12.514312
    ],
    [
      41.914045,
      12.514499
    ],
    [
      41.913196,
      12.514559
    ],
    [
      41.912045,
      12.512953
    ],
    [
      41.910045,
      12.512701
    ],
    [
      41.906045,
      12.514415
    ],
    [
      41.905045,
      12.51343
    ],
    [
      41.904221,
      12.514886
    ],
    [
      41.903681,
      12.51771
    ],
    [
      41.901045,
      12.517989
    ],
    [
      41.900677,
      12.518342
    ],
    [
      41.900294,
      12.52071
    ],
    [
      41.901045,
      12.521386
    ],
    [
      41.902045,
      12.521251
    ],
    [
      41.903246,
      12.52351
    ],
    [
      41.902653,
      12.52471
    ],
    [
      41.902385,
      12.52671
    ],
    [
      41.9036,
      12.52971
    ],
    [
      41.9032,
      12.53071
    ],
    [
      41.903331,
      12.53171
    ],
    [
      41.903836,
      12.531919
    ],
    [
      41.904005,
      12.53275
    ],
    [
      41.905045,
      12.532853
    ],
    [
      41.905682,
      12.53371
    ],
    [
      41.905045,
      12.534355
    ],
    [
      41.903854,
      12.534519
    ],
    [
      41.903045,
      12.535453
    ],
    [
      41.902445,
      12.53531
    ],
    [
      41.902037,
      12.53271
    ],
    [
      41.89999,
      12.53471
    ],
    [
      41.900045,
      12.537488
    ],
    [
      41.901246,
      12.537509
    ],
    [
      41.901339,
      12.538004
    ],
    [
      41.90075,
      12.53871
    ],
    [
      41.903045,
      12.540671
    ],
    [
      41.903204,
      12.539869
    ],
    [
      41.904586,
      12.540169
    ],
    [
      41.904832,
      12.540924
    ],
    [
      41.90588,
      12.54171
    ],
    [
      41.907045,
      12.544454
    ],
    [
      41.909045,
      12.545782
    ],
    [
      41.911045,
      12.542976
    ],
    [
      41.912045,
      12.542371
    ],
    [
      41.913045,
      12.542657
    ],
    [
      41.914591,
      12.54071
    ],
    [
      41.914649,
      12.53971
    ],
    [
      41.913329,
      12.538427
    ],
    [
      41.913273,
      12.53471
    ],
    [
      41.913599,
      12.534264
    ],
    [
      41.915045,
      12.533086
    ],
    [
      41.916269,
      12.533934
    ],
    [
      41.918045,
      12.531995
    ],
    [
      41.919746,
      12.53201
    ],
    [
      41.920045,
      12.533025
    ],
    [
      41.922213,
      12.53071
    ],
    [
      41.921998,
      12.527663
    ],
    [
      41.923045,
      12.52723
    ],
    [
      41.923929,
      12.527827
    ],
    [
      41.925273,
      12.52771
    ]
  ]
}