{
  "distance500": [
    [
      41.866252,
      12.632554
    ],
    [
      41.865085,
      12.629775
    ],
    [
      41.864881,
      12.63135
    ],
    [
      41.863085,
      12.631227
    ],
    [
      41.862792,
      12.632554
    ],
    [
      41.863276,
      12.633363
    ],
    [
      41.863478,
      12.635554
    ],
    [
      41.864085,
      12.636229
    ],
    [
      41.865456,
      12.635925
    ],
    [
      41.86557,
      12.634554
    ],
    [
      41.865183,
      12.633554
    ],
    [
      41.866252,
      12.632554
    ]
  ],
  "distance1000": [
    [
      41.868354,
      12.634554
    ],
    [
      41.868913,
      12.631554
    ],
    [
      41.868543,
      12.626096
    ],
    [
      41.868085,
      12.625604
    ],
    [
      41.866085,
      12.625366
    ],
    [
      41.864085,
      12.626102
    ],
    [
      41.862085,
      12.625915
    ],
    [
      41.861895,
      12.627364
    ],
    [
      41.861231,
      12.627554
    ],
    [
      41.861878,
      12.627761
    ],
    [
      41.861995,
      12.628644
    ],
    [
      41.862714,
      12.628925
    ],
    [
      41.862806,
      12.630554
    ],
    [
      41.860847,
      12.632554
    ],
    [
      41.861085,
      12.635035
    ],
    [
      41.862259,
      12.634554
    ],
    [
      41.862085,
      12.635102
    ],
    [
      41.861638,
      12.635107
    ],
    [
      41.861803,
      12.636554
    ],
    [
      41.862114,
      12.636583
    ],
    [
      41.862204,
      12.635673
    ],
    [
      41.863085,
      12.635704
    ],
    [
      41.863879,
      12.636554
    ],
    [
      41.863784,
      12.637253
    ],
    [
      41.863106,
      12.637554
    ],
    [
      41.863181,
      12.638458
    ],
    [
      41.864085,
      12.63927
    ],
    [
      41.865085,
      12.639244
    ],
    [
      41.86522,
      12.637554
    ],
    [
      41.865421,
      12.63689
    ],
    [
      41.866079,
      12.636548
    ],
    [
      41.866229,
      12.634698
    ],
    [
      41.866628,
      12.634097
    ],
    [
      41.868354,
      12.634554
    ]
  ],
  "distance1600": [
    [
      41.873224,
      12.631554
    ],
    [
      41.871188,
      12.631451
    ],
    [
      41.871401,
      12.62987
    ],
    [
      41.872849,
      12.629554
    ],
    [
      41.872201,
      12.626554
    ],
    [
      41.87252,
      12.625554
    ],
    [
      41.871902,
      12.624554
    ],
    [
      41.872539,
      12.623554
    ],
    [
      41.871978,
      12.622554
    ],
    [
      41.872162,
      12.620554
    ],
    [
      41.872085,
      12.62051
    ],
    [
      41.871712,
      12.621181
    ],
    [
      41.871085,
      12.621294
    ],
    [
      41.87002,
      12.620489
    ],
    [
      41.866085,
      12.620418
    ],
    [
      41.863085,
      12.618774
    ],
    [
      41.861849,
      12.619554
    ],
    [
      41.860544,
      12.621554
    ],
    [
      41.861387,
      12.623252
    ],
    [
      41.861489,
      12.626958
    ],
    [
      41.859505,
      12.627134
    ],
    [
      41.859276,
      12.625363
    ],
    [
      41.858085,
      12.625084
    ],
    [
      41.857937,
      12.625554
    ],
    [
      41.858418,
      12.626221
    ],
    [
      41.858061,
      12.62753
    ],
    [
      41.858692,
      12.629554
    ],
    [
      41.860085,
      12.629662
    ],
    [
      41.859172,
      12.629467
    ],
    [
      41.859495,
      12.627964
    ],
    [
      41.861085,
      12.62792
    ],
    [
      41.86245,
      12.629189
    ],
    [
      41.862588,
      12.630554
    ],
    [
      41.860712,
      12.632181
    ],
    [
      41.860642,
      12.634554
    ],
    [
      41.859821,
      12.635554
    ],
    [
      41.859579,
      12.637048
    ],
    [
      41.858419,
      12.63722
    ],
    [
      41.858148,
      12.636491
    ],
    [
      41.857085,
      12.636498
    ],
    [
      41.856818,
      12.638554
    ],
    [
      41.857085,
      12.63899
    ],
    [
      41.858085,
      12.638994
    ],
    [
      41.858409,
      12.637878
    ],
    [
      41.859639,
      12.638
    ],
    [
      41.859835,
      12.639304
    ],
    [
      41.85884,
      12.639554
    ],
    [
      41.859674,
      12.640554
    ],
    [
      41.860849,
      12.64079
    ],
    [
      41.860937,
      12.642406
    ],
    [
      41.860016,
      12.642554
    ],
    [
      41.861974,
      12.644665
    ],
    [
      41.862085,
      12.6454
    ],
    [
      41.862291,
      12.644554
    ],
    [
      41.863085,
      12.643909
    ],
    [
      41.864085,
      12.644998
    ],
    [
      41.866085,
      12.645564
    ],
    [
      41.867288,
      12.643554
    ],
    [
      41.867963,
      12.641432
    ],
    [
      41.869085,
      12.640237
    ],
    [
      41.870309,
      12.639778
    ],
    [
      41.87031,
      12.636779
    ],
    [
      41.871108,
      12.636577
    ],
    [
      41.871077,
      12.634546
    ],
    [
      41.872926,
      12.632554
    ],
    [
      41.873224,
      12.631554
    ]
  ]
}