{
  "distance500": [
    [
      41.867687,
      12.628711
    ],
    [
      41.867937,
      12.624711
    ],
    [
      41.866539,
      12.62349
    ],
    [
      41.866447,
      12.622582
    ],
    [
      41.863318,
      12.621024
    ],
    [
      41.862189,
      12.622582
    ],
    [
      41.861787,
      12.62618
    ],
    [
      41.861223,
      12.626616
    ],
    [
      41.861124,
      12.627517
    ],
    [
      41.860208,
      12.627711
    ],
    [
      41.862025,
      12.628004
    ],
    [
      41.862318,
      12.629469
    ],
    [
      41.863162,
      12.629867
    ],
    [
      41.863318,
      12.630903
    ],
    [
      41.864178,
      12.628571
    ],
    [
      41.865318,
      12.629797
    ],
    [
      41.866318,
      12.629047
    ],
    [
      41.867318,
      12.629335
    ],
    [
      41.867687,
      12.628711
    ]
  ],
  "distance1000": [
    [
      41.87142,
      12.625711
    ],
    [
      41.871495,
      12.622534
    ],
    [
      41.871318,
      12.622004
    ],
    [
      41.869712,
      12.621711
    ],
    [
      41.869275,
      12.620668
    ],
    [
      41.869438,
      12.618591
    ],
    [
      41.867318,
      12.618415
    ],
    [
      41.866318,
      12.617377
    ],
    [
      41.865318,
      12.617123
    ],
    [
      41.865208,
      12.617601
    ],
    [
      41.863511,
      12.617518
    ],
    [
      41.863318,
      12.616348
    ],
    [
      41.86295,
      12.616711
    ],
    [
      41.863251,
      12.616778
    ],
    [
      41.863046,
      12.618439
    ],
    [
      41.860091,
      12.619484
    ],
    [
      41.859096,
      12.621711
    ],
    [
      41.858978,
      12.623051
    ],
    [
      41.860318,
      12.623592
    ],
    [
      41.860469,
      12.624711
    ],
    [
      41.861318,
      12.625624
    ],
    [
      41.860739,
      12.627132
    ],
    [
      41.860318,
      12.627372
    ],
    [
      41.859602,
      12.626711
    ],
    [
      41.860079,
      12.624711
    ],
    [
      41.859318,
      12.624355
    ],
    [
      41.858713,
      12.623316
    ],
    [
      41.858161,
      12.623554
    ],
    [
      41.856768,
      12.626711
    ],
    [
      41.85691,
      12.627711
    ],
    [
      41.858154,
      12.628711
    ],
    [
      41.858318,
      12.630434
    ],
    [
      41.859318,
      12.63147
    ],
    [
      41.859583,
      12.629976
    ],
    [
      41.860423,
      12.629711
    ],
    [
      41.859633,
      12.629396
    ],
    [
      41.859842,
      12.628235
    ],
    [
      41.861727,
      12.628302
    ],
    [
      41.862102,
      12.629927
    ],
    [
      41.862978,
      12.630711
    ],
    [
      41.861904,
      12.632297
    ],
    [
      41.861211,
      12.632604
    ],
    [
      41.861191,
      12.633711
    ],
    [
      41.862667,
      12.634362
    ],
    [
      41.862764,
      12.635711
    ],
    [
      41.864318,
      12.636775
    ],
    [
      41.864732,
      12.635125
    ],
    [
      41.865927,
      12.633711
    ],
    [
      41.870145,
      12.633538
    ],
    [
      41.87142,
      12.625711
    ]
  ],
  "distance1600": [
    [
      41.875318,
      12.630711
    ],
    [
      41.875606,
      12.627711
    ],
    [
      41.875169,
      12.62686
    ],
    [
      41.875289,
      12.625711
    ],
    [
      41.87453,
      12.625499
    ],
    [
      41.87453,
      12.623499
    ],
    [
      41.873167,
      12.621711
    ],
    [
      41.8757,
      12.620093
    ],
    [
      41.875631,
      12.618711
    ],
    [
      41.873719,
      12.617711
    ],
    [
      41.872706,
      12.614711
    ],
    [
      41.871318,
      12.612369
    ],
    [
      41.871225,
      12.613618
    ],
    [
      41.870239,
      12.613632
    ],
    [
      41.869896,
      12.615289
    ],
    [
      41.868318,
      12.615508
    ],
    [
      41.867318,
      12.616394
    ],
    [
      41.865318,
      12.616354
    ],
    [
      41.864695,
      12.618088
    ],
    [
      41.863947,
      12.618082
    ],
    [
      41.863593,
      12.613711
    ],
    [
      41.863917,
      12.61131
    ],
    [
      41.864694,
      12.610711
    ],
    [
      41.864318,
      12.609383
    ],
    [
      41.862086,
      12.610479
    ],
    [
      41.861265,
      12.611658
    ],
    [
      41.861405,
      12.612711
    ],
    [
      41.863003,
      12.614711
    ],
    [
      41.862742,
      12.616135
    ],
    [
      41.860791,
      12.616238
    ],
    [
      41.860439,
      12.61559
    ],
    [
      41.859629,
      12.6154
    ],
    [
      41.859318,
      12.61377
    ],
    [
      41.859198,
      12.614591
    ],
    [
      41.858308,
      12.614701
    ],
    [
      41.858112,
      12.615505
    ],
    [
      41.857397,
      12.615711
    ],
    [
      41.857288,
      12.617711
    ],
    [
      41.856301,
      12.619694
    ],
    [
      41.855318,
      12.620653
    ],
    [
      41.855249,
      12.621711
    ],
    [
      41.856035,
      12.622711
    ],
    [
      41.855869,
      12.624711
    ],
    [
      41.853781,
      12.625711
    ],
    [
      41.853714,
      12.626711
    ],
    [
      41.854318,
      12.627659
    ],
    [
      41.855106,
      12.626499
    ],
    [
      41.855537,
      12.626711
    ],
    [
      41.855318,
      12.628416
    ],
    [
      41.854318,
      12.627932
    ],
    [
      41.854318,
      12.631356
    ],
    [
      41.855329,
      12.631711
    ],
    [
      41.854838,
      12.632231
    ],
    [
      41.854882,
      12.633711
    ],
    [
      41.855318,
      12.634367
    ],
    [
      41.856399,
      12.63463
    ],
    [
      41.856459,
      12.635711
    ],
    [
      41.85696,
      12.636069
    ],
    [
      41.857449,
      12.635842
    ],
    [
      41.857822,
      12.633215
    ],
    [
      41.859649,
      12.632711
    ],
    [
      41.859719,
      12.630711
    ],
    [
      41.860736,
      12.629711
    ],
    [
      41.859946,
      12.629083
    ],
    [
      41.859985,
      12.628378
    ],
    [
      41.861617,
      12.628412
    ],
    [
      41.861972,
      12.630057
    ],
    [
      41.862791,
      12.630711
    ],
    [
      41.860876,
      12.632711
    ],
    [
      41.861033,
      12.633996
    ],
    [
      41.862042,
      12.634711
    ],
    [
      41.861783,
      12.635176
    ],
    [
      41.860189,
      12.635582
    ],
    [
      41.859907,
      12.6363
    ],
    [
      41.858382,
      12.636711
    ],
    [
      41.857655,
      12.637711
    ],
    [
      41.859679,
      12.63835
    ],
    [
      41.860088,
      12.639711
    ],
    [
      41.861318,
      12.64047
    ],
    [
      41.861553,
      12.638946
    ],
    [
      41.862256,
      12.638711
    ],
    [
      41.862117,
      12.637711
    ],
    [
      41.862391,
      12.637638
    ],
    [
      41.862343,
      12.638711
    ],
    [
      41.863062,
      12.639711
    ],
    [
      41.863001,
      12.641394
    ],
    [
      41.861338,
      12.641711
    ],
    [
      41.862318,
      12.643476
    ],
    [
      41.864318,
      12.642603
    ],
    [
      41.865318,
      12.642854
