{
  "distance500": [
    [
      41.865409,
      12.62084
    ],
    [
      41.866029,
      12.61784
    ],
    [
      41.86532,
      12.616997
    ],
    [
      41.865163,
      12.617683
    ],
    [
      41.863827,
      12.617333
    ],
    [
      41.86332,
      12.611226
    ],
    [
      41.86193,
      12.61284
    ],
    [
      41.862228,
      12.613932
    ],
    [
      41.862929,
      12.614231
    ],
    [
      41.862807,
      12.615327
    ],
    [
      41.859122,
      12.61584
    ],
    [
      41.859465,
      12.616695
    ],
    [
      41.86032,
      12.617251
    ],
    [
      41.860565,
      12.616085
    ],
    [
      41.861844,
      12.616316
    ],
    [
      41.862792,
      12.617368
    ],
    [
      41.862805,
      12.618325
    ],
    [
      41.860505,
      12.618655
    ],
    [
      41.86032,
      12.618145
    ],
    [
      41.859717,
      12.61884
    ],
    [
      41.860427,
      12.62084
    ],
    [
      41.86232,
      12.623055
    ],
    [
      41.865409,
      12.62084
    ]
  ],
  "distance1000": [
    [
      41.870326,
      12.61684
    ],
    [
      41.869975,
      12.615185
    ],
    [
      41.86932,
      12.615011
    ],
    [
      41.869138,
      12.615658
    ],
    [
      41.86732,
      12.615648
    ],
    [
      41.866818,
      12.616338
    ],
    [
      41.86532,
      12.616514
    ],
    [
      41.86432,
      12.617458
    ],
    [
      41.86396,
      12.6172
    ],
    [
      41.863857,
      12.612377
    ],
    [
      41.86532,
      12.610978
    ],
    [
      41.867051,
      12.61084
    ],
    [
      41.866274,
      12.609886
    ],
    [
      41.866529,
      12.60884
    ],
    [
      41.865584,
      12.608576
    ],
    [
      41.865374,
      12.607786
    ],
    [
      41.86461,
      12.60755
    ],
    [
      41.86432,
      12.605534
    ],
    [
      41.86332,
      12.605812
    ],
    [
      41.862,
      12.60752
    ],
    [
      41.86032,
      12.607926
    ],
    [
      41.859001,
      12.609521
    ],
    [
      41.858201,
      12.612721
    ],
    [
      41.857859,
      12.61284
    ],
    [
      41.85908,
      12.61308
    ],
    [
      41.859144,
      12.61384
    ],
    [
      41.857028,
      12.61584
    ],
    [
      41.857141,
      12.61884
    ],
    [
      41.858006,
      12.619154
    ],
    [
      41.858302,
      12.620822
    ],
    [
      41.857133,
      12.623653
    ],
    [
      41.85732,
      12.624703
    ],
    [
      41.86032,
      12.625417
    ],
    [
      41.861014,
      12.62684
    ],
    [
      41.860931,
      12.62784
    ],
    [
      41.862149,
      12.628011
    ],
    [
      41.86232,
      12.629099
    ],
    [
      41.86332,
      12.629068
    ],
    [
      41.864063,
      12.627583
    ],
    [
      41.866546,
      12.626066
    ],
    [
      41.865888,
      12.623408
    ],
    [
      41.866143,
      12.623017
    ],
    [
      41.865214,
      12.62284
    ],
    [
      41.867852,
      12.622372
    ],
    [
      41.868801,
      12.61884
    ],
    [
      41.870326,
      12.61684
    ]
  ],
  "distance1600": [
    [
      41.87528,
      12.61984
    ],
    [
      41.874988,
      12.61884
    ],
    [
      41.873909,
      12.61784
    ],
    [
      41.874289,
      12.61484
    ],
    [
      41.872662,
      12.614498
    ],
    [
      41.872461,
      12.61384
    ],
    [
      41.872574,
      12.613094
    ],
    [
      41.873369,
      12.61284
    ],
    [
      41.871757,
      12.612403
    ],
    [
      41.871537,
      12.61184
    ],
    [
      41.871652,
      12.611172
    ],
    [
      41.872426,
      12.61084
    ],
    [
      41.872441,
      12.609961
    ],
    [
      41.873396,
      12.60984
    ],
    [
      41.872275,
      12.609795
    ],
    [
      41.872018,
      12.610538
    ],
    [
      41.871192,
      12.610712
    ],
    [
      41.871103,
      12.61184
    ],
    [
      41.870045,
      12.61284
    ],
    [
      41.869733,
      12.615253
    ],
    [
      41.86732,
      12.615384
    ],
    [
      41.866664,
      12.616184
    ],
    [
      41.864048,
      12.617112
    ],
    [
      41.863993,
      12.612513
    ],
    [
      41.86532,
      12.611272
    ],
    [
      41.868533,
      12.611053
    ],
    [
      41.867669,
      12.60984
    ],
    [
      41.868601,
      12.60884
    ],
    [
      41.868743,
      12.607263
    ],
    [
      41.869926,
      12.60684
    ],
    [
      41.870107,
      12.60584
    ],
    [
      41.868541,
      12.605619
    ],
    [
      41.868384,
      12.604776
    ],
    [
      41.86676,
      12.6044
    ],
    [
      41.866511,
      12.60284
    ],
    [
      41.865547,
      12.60184
    ],
    [
      41.865473,
      12.598687
    ],
    [
      41.86415,
      12.59967
    ],
    [
      41.863964,
      12.601484
    ],
    [
      41.862484,
      12.601676
    ],
    [
      41.86232,
      12.601017
    ],
    [
      41.861402,
      12.601922
    ],
    [
      41.86032,
      12.601937
    ],
    [
      41.858487,
      12.603007
    ],
    [
      41.85793,
      12.60384
    ],
    [
      41.858632,
      12.604528
    ],
    [
      41.858576,
      12.605096
    ],
    [
      41.857919,
      12.605241
    ],
    [
      41.85732,
      12.604469
    ],
    [
      41.856913,
      12.60584
    ],
    [
      41.85532,
      12.607198
    ],
    [
      41.85495,
      12.60921
    ],
    [
      41.855228,
      12.60984
    ],
    [
      41.85432,
      12.610683
    ],
    [
      41.8542,
      12.61184
    ],
    [
      41.854796,
      12.612364
    ],
    [
      41.85532,
      12.615255
    ],
    [
      41.856191,
      12.61584
    ],
    [
      41.856166,
      12.616686
    ],
    [
      41.855197,
      12.62084
    ],
    [
      41.855389,
      12.624909
    ],
    [
      41.85432,
      12.625275
    ],
    [
      41.854029,
      12.62584
    ],
    [
      41.85583,
      12.62684
    ],
    [
      41.855928,
      12.629232
    ],
    [
      41.85632,
      12.629724
    ],
    [
      41.856994,
      12.628514
    ],
    [
      41.857614,
      12.628546
    ],
    [
      41.857691,
      12.62984
    ],
    [
      41.85932,
      12.631988
    ],
    [
      41.859623,
      12.630143
    ],
    [
      41.860455,
      12.62984
    ],
    [
      41.859675,
      12.629485
    ],
    [
      41.859851,
      12.628371
    ],
    [
      41.861721,
      12.62844
    ],
    [
      41.862092,
      12.630068
    ],
    [
      41.863011,
      12.63084
    ],
    [
      41.861963,
      12.632483
    ],
    [
      41.861232,
      12.632752
    ],
    [
      41.861223,
      12.63384
    ],
    [
      41.862739,
      12.634421
    ],
    [
      41.86332,
      12.636001
    ],
    [
      41.86432,
      12.635734
    ],
    [
      41.864484,
      12.63384
    ],
    [
      41.86632,
      12.631679
    ],
    [
      41.869452,
      12.631972
    ],
    [
      41.870278,
      12.62984
    ],
    [
      41.87032,
      12.628516
    ],
    [
      41.871588,
      12.62684
    ],
    [
      41.87155,
      12.62561
    ],
    [
      41.872147,
      12.62384
    ],
    [
      41.871944,
